/* auto-generated globals for rastertodpp268 (Linux port) */
#include <stdint.h>

uintptr_t __stack_chk_guard = 0;

unsigned char paper_sort_area[0x1000] = {0};

unsigned char _img[34992] = {
    0x41, 0x50, 0x50, 0x4c, 0x45, 0x5f, 0x4c, 0x41, 0x4e, 0x47, 0x55, 0x41,
    0x47, 0x45, 0x00, 0x4c, 0x41, 0x4e, 0x47, 0x00, 0x41, 0x70, 0x70, 0x6c,
    0x65, 0x4c, 0x61, 0x6e, 0x67, 0x75, 0x61, 0x67, 0x65, 0x73, 0x00, 0x25,
    0x73, 0x25, 0x73, 0x0a, 0x00, 0x45, 0x52, 0x52, 0x4f, 0x52, 0x3a, 0x20,
    0x00, 0x42, 0x52, 0x53, 0x65, 0x63, 0x75, 0x72, 0x65, 0x43, 0x6f, 0x64,
    0x65, 0x00, 0x63, 0x6f, 0x6d, 0x2e, 0x66, 0x75, 0x6a, 0x69, 0x66, 0x69,
    0x6c, 0x6d, 0x2e, 0x70, 0x72, 0x69, 0x6e, 0x74, 0x2e, 0x50, 0x72, 0x69,
    0x6e, 0x74, 0x53, 0x65, 0x74, 0x74, 0x69, 0x6e, 0x67, 0x73, 0x2e, 0x73,
    0x65, 0x63, 0x75, 0x72, 0x65, 0x70, 0x72, 0x69, 0x6e, 0x74, 0x00, 0x4f,
    0x4e, 0x00, 0x63, 0x6f, 0x6d, 0x2e, 0x66, 0x75, 0x6a, 0x69, 0x66, 0x69,
    0x6c, 0x6d, 0x2e, 0x70, 0x72, 0x69, 0x6e, 0x74, 0x2e, 0x50, 0x72, 0x69,
    0x6e, 0x74, 0x53, 0x65, 0x74, 0x74, 0x69, 0x6e, 0x67, 0x73, 0x2e, 0x75,
    0x73, 0x65, 0x72, 0x6e, 0x61, 0x6d, 0x65, 0x63, 0x6e, 0x74, 0x00, 0x63,
    0x6f, 0x6d, 0x2e, 0x66, 0x75, 0x6a, 0x69, 0x66, 0x69, 0x6c, 0x6d, 0x2e,
    0x70, 0x72, 0x69, 0x6e, 0x74, 0x2e, 0x50, 0x72, 0x69, 0x6e, 0x74, 0x53,
    0x65, 0x74, 0x74, 0x69, 0x6e, 0x67, 0x73, 0x2e, 0x75, 0x73, 0x65, 0x72,
    0x6e, 0x61, 0x6d, 0x65, 0x2e, 0x2e, 0x61, 0x2e, 0x25, 0x64, 0x2e, 0x2e,
    0x6e, 0x2e, 0x00, 0x63, 0x6f, 0x6d, 0x2e, 0x66, 0x75, 0x6a, 0x69, 0x66,
    0x69, 0x6c, 0x6d, 0x2e, 0x70, 0x72, 0x69, 0x6e, 0x74, 0x2e, 0x50, 0x72,
    0x69, 0x6e, 0x74, 0x53, 0x65, 0x74, 0x74, 0x69, 0x6e, 0x67, 0x73, 0x2e,
    0x6a, 0x6f, 0x62, 0x6e, 0x61, 0x6d, 0x65, 0x63, 0x6e, 0x74, 0x00, 0x63,
    0x6f, 0x6d, 0x2e, 0x66, 0x75, 0x6a, 0x69, 0x66, 0x69, 0x6c, 0x6d, 0x2e,
    0x70, 0x72, 0x69, 0x6e, 0x74, 0x2e, 0x50, 0x72, 0x69, 0x6e, 0x74, 0x53,
    0x65, 0x74, 0x74, 0x69, 0x6e, 0x67, 0x73, 0x2e, 0x6a, 0x6f, 0x62, 0x6e,
    0x61, 0x6d, 0x65, 0x2e, 0x2e, 0x61, 0x2e, 0x25, 0x64, 0x2e, 0x2e, 0x6e,
    0x2e, 0x00, 0x63, 0x6f, 0x6d, 0x2e, 0x66, 0x75, 0x6a, 0x69, 0x66, 0x69,
    0x6c, 0x6d, 0x2e, 0x70, 0x72, 0x69, 0x6e, 0x74, 0x2e, 0x50, 0x72, 0x69,
    0x6e, 0x74, 0x53, 0x65, 0x74, 0x74, 0x69, 0x6e, 0x67, 0x73, 0x2e, 0x70,
    0x61, 0x73, 0x73, 0x77, 0x6f, 0x72, 0x64, 0x00, 0x25, 0x73, 0x00, 0x40,
    0x50, 0x4a, 0x4c, 0x20, 0x53, 0x45, 0x54, 0x20, 0x43, 0x4f, 0x4c, 0x4c,
    0x41, 0x54, 0x45, 0x3d, 0x4f, 0x46, 0x46, 0x0a, 0x00, 0x40, 0x50, 0x4a,
    0x4c, 0x20, 0x43, 0x4f, 0x50, 0x49, 0x45, 0x53, 0x3d, 0x25, 0x64, 0x0a,
    0x00, 0x40, 0x50, 0x4a, 0x4c, 0x20, 0x53, 0x45, 0x54, 0x20, 0x48, 0x4f,
    0x4c, 0x44, 0x3d, 0x53, 0x54, 0x4f, 0x52, 0x45, 0x0a, 0x00, 0x40, 0x50,
    0x4a, 0x4c, 0x20, 0x53, 0x45, 0x54, 0x20, 0x48, 0x4f, 0x4c, 0x44, 0x54,
    0x59, 0x50, 0x45, 0x3d, 0x50, 0x52, 0x49, 0x56, 0x41, 0x54, 0x45, 0x0a,
    0x00, 0x40, 0x50, 0x4a, 0x4c, 0x20, 0x53, 0x45, 0x54, 0x20, 0x48, 0x4f,
    0x4c, 0x44, 0x4b, 0x45, 0x59, 0x3d, 0x25, 0x73, 0x0a, 0x00, 0x40, 0x50,
    0x4a, 0x4c, 0x20, 0x53, 0x45, 0x54, 0x20, 0x4a, 0x4f, 0x42, 0x4e, 0x41,
    0x4d, 0x45, 0x3d, 0x22, 0x25, 0x73, 0x22, 0x0a, 0x00, 0x40, 0x50, 0x4a,
    0x4c, 0x20, 0x53, 0x45, 0x54, 0x20, 0x55, 0x53, 0x45, 0x52, 0x4e, 0x41,
    0x4d, 0x45, 0x3d, 0x22, 0x25, 0x73, 0x22, 0x0a, 0x00, 0x40, 0x50, 0x4a,
    0x4c, 0x20, 0x53, 0x45, 0x54, 0x20, 0x48, 0x4f, 0x4c, 0x44, 0x3d, 0x4f,
    0x46, 0x46, 0x0a, 0x00, 0x40, 0x50, 0x4a, 0x4c, 0x20, 0x4a, 0x4f, 0x42,
    0x20, 0x4e, 0x41, 0x4d, 0x45, 0x3d, 0x22, 0x25, 0x73, 0x22, 0x0a, 0x00,
    0x40, 0x50, 0x4a, 0x4c, 0x20, 0x50, 0x52, 0x49, 0x4e, 0x54, 0x4c, 0x4f,
    0x47, 0x20, 0x49, 0x54, 0x45, 0x4d, 0x20, 0x3d, 0x20, 0x25, 0x64, 0x2c,
    0x25, 0x73, 0x0a, 0x00, 0x50, 0x52, 0x49, 0x4e, 0x54, 0x45, 0x52, 0x00,
    0x4d, 0x61, 0x63, 0x69, 0x6e, 0x74, 0x6f, 0x73, 0x68, 0x00, 0x40, 0x50,
    0x4a, 0x4c, 0x20, 0x53, 0x45, 0x54, 0x20, 0x53, 0x54, 0x52, 0x49, 0x4e,
    0x47, 0x43, 0x4f, 0x44, 0x45, 0x53, 0x45, 0x54, 0x3d, 0x25, 0x73, 0x00,
    0x48, 0x50, 0x52, 0x4f, 0x4d, 0x41, 0x4e, 0x38, 0x0a, 0x00, 0x40, 0x50,
    0x4a, 0x4c, 0x20, 0x45, 0x4f, 0x4a, 0x20, 0x4e, 0x41, 0x4d, 0x45, 0x3d,
    0x22, 0x25, 0x73, 0x22, 0x0a, 0x00, 0x40, 0x50, 0x4a, 0x4c, 0x20, 0x53,
    0x45, 0x54, 0x20, 0x4c, 0x4f, 0x47, 0x49, 0x4e, 0x55, 0x53, 0x45, 0x52,
    0x3d, 0x22, 0x25, 0x73, 0x22, 0x0a, 0x00, 0x53, 0x75, 0x6e, 0x00, 0x4d,
    0x6f, 0x6e, 0x00, 0x54, 0x75, 0x65, 0x00, 0x57, 0x65, 0x64, 0x00, 0x54,
    0x68, 0x75, 0x00, 0x46, 0x72, 0x69, 0x00, 0x53, 0x61, 0x74, 0x00, 0x4a,
    0x61, 0x6e, 0x00, 0x46, 0x65, 0x62, 0x00, 0x4d, 0x61, 0x72, 0x00, 0x41,
    0x70, 0x72, 0x00, 0x4d, 0x61, 0x79, 0x00, 0x4a, 0x75, 0x6e, 0x00, 0x4a,
    0x75, 0x6c, 0x00, 0x41, 0x75, 0x67, 0x00, 0x53, 0x65, 0x70, 0x00, 0x4f,
    0x63, 0x74, 0x00, 0x4e, 0x6f, 0x76, 0x00, 0x44, 0x65, 0x63, 0x00, 0x25,
    0x73, 0x2c, 0x25, 0x64, 0x20, 0x25, 0x73, 0x20, 0x25, 0x64, 0x20, 0x25,
    0x64, 0x3a, 0x25, 0x64, 0x3a, 0x25, 0x64, 0x00, 0x49, 0x6e, 0x76, 0x61,
    0x6c, 0x69, 0x64, 0x20, 0x50, 0x61, 0x72, 0x61, 0x6d, 0x65, 0x74, 0x65,
    0x72, 0x28, 0x73, 0x29, 0x2e, 0x0a, 0x00, 0x25, 0x73, 0x25, 0x73, 0x00,
    0x49, 0x6e, 0x73, 0x75, 0x66, 0x66, 0x69, 0x63, 0x69, 0x65, 0x6e, 0x74,
    0x20, 0x6d, 0x65, 0x6d, 0x6f, 0x72, 0x79, 0x21, 0x0a, 0x00, 0x31, 0x32,
    0x30, 0x30, 0x64, 0x70, 0x69, 0x00, 0x36, 0x30, 0x30, 0x00, 0x4e, 0x65,
    0x65, 0x64, 0x20, 0x61, 0x72, 0x67, 0x75, 0x6d, 0x65, 0x6e, 0x74, 0x73,
    0x3a, 0x20, 0x6a, 0x6f, 0x62, 0x2d, 0x69, 0x64, 0x20, 0x75, 0x73, 0x65,
    0x72, 0x20, 0x74, 0x69, 0x74, 0x6c, 0x65, 0x20, 0x63, 0x6f, 0x70, 0x69,
    0x65, 0x73, 0x20, 0x6f, 0x70, 0x74, 0x69, 0x6f, 0x6e, 0x73, 0x20, 0x5b,
    0x66, 0x69, 0x6c, 0x65, 0x5d, 0x0a, 0x00, 0x45, 0x52, 0x52, 0x4f, 0x52,
    0x3a, 0x20, 0x55, 0x6e, 0x61, 0x62, 0x6c, 0x65, 0x20, 0x74, 0x6f, 0x20,
    0x6f, 0x70, 0x65, 0x6e, 0x20, 0x72, 0x61, 0x73, 0x74, 0x65, 0x72, 0x20,
    0x66, 0x69, 0x6c, 0x65, 0x20, 0x2d, 0x20, 0x00, 0x4f, 0x70, 0x65, 0x6e,
    0x69, 0x6e, 0x67, 0x20, 0x72, 0x61, 0x73, 0x74, 0x65, 0x72, 0x20, 0x66,
    0x69, 0x6c, 0x65, 0x20, 0x66, 0x61, 0x69, 0x6c, 0x65, 0x64, 0x21, 0x0a,
    0x00, 0x50, 0x50, 0x44, 0x00, 0x4f, 0x70, 0x65, 0x6e, 0x20, 0x50, 0x50,
    0x44, 0x20, 0x66, 0x69, 0x6c, 0x65, 0x20, 0x46, 0x61, 0x69, 0x6c, 0x65,
    0x64, 0x21, 0x0a, 0x00, 0x55, 0x6e, 0x6b, 0x6e, 0x6f, 0x77, 0x6e, 0x20,
    0x70, 0x72, 0x69, 0x6e, 0x74, 0x65, 0x72, 0x20, 0x6d, 0x6f, 0x64, 0x65,
    0x6c, 0x2e, 0x0a, 0x00, 0x53, 0x65, 0x74, 0x74, 0x69, 0x6e, 0x67, 0x20,
    0x66, 0x75, 0x6e, 0x63, 0x74, 0x69, 0x6f, 0x6e, 0x20, 0x74, 0x61, 0x62,
    0x6c, 0x65, 0x20, 0x66, 0x61, 0x69, 0x6c, 0x65, 0x64, 0x21, 0x0a, 0x00,
    0x25, 0x73, 0x25, 0x64, 0x0a, 0x00, 0x50, 0x41, 0x47, 0x45, 0x3a, 0x20,
    0x00, 0x49, 0x6e, 0x69, 0x74, 0x69, 0x61, 0x6c, 0x69, 0x7a, 0x69, 0x6e,
    0x67, 0x20, 0x70, 0x72, 0x69, 0x6e, 0x74, 0x65, 0x72, 0x20, 0x66, 0x6f,
    0x72, 0x20, 0x6e, 0x65, 0x77, 0x20, 0x6a, 0x6f, 0x62, 0x20, 0x66, 0x61,
    0x69, 0x6c, 0x65, 0x64, 0x2e, 0x0a, 0x00, 0x49, 0x6e, 0x69, 0x74, 0x69,
    0x61, 0x6c, 0x69, 0x7a, 0x69, 0x6e, 0x67, 0x20, 0x74, 0x68, 0x65, 0x20,
    0x70, 0x72, 0x69, 0x6e, 0x74, 0x65, 0x72, 0x20, 0x66, 0x6f, 0x72, 0x20,
    0x6e, 0x65, 0x77, 0x20, 0x70, 0x61, 0x67, 0x65, 0x20, 0x66, 0x61, 0x69,
    0x6c, 0x65, 0x64, 0x2e, 0x0a, 0x00, 0x45, 0x52, 0x52, 0x4f, 0x52, 0x3a,
    0x20, 0x53, 0x65, 0x6e, 0x64, 0x69, 0x6e, 0x67, 0x20, 0x6c, 0x69, 0x6e,
    0x65, 0x20, 0x4e, 0x6f, 0x2e, 0x25, 0x64, 0x20, 0x66, 0x61, 0x69, 0x6c,
    0x65, 0x64, 0x21, 0x0a, 0x00, 0x25, 0x73, 0x0a, 0x00, 0x53, 0x54, 0x41,
    0x54, 0x45, 0x3a, 0x20, 0x00, 0x25, 0x73, 0x2d, 0x63, 0x6f, 0x76, 0x65,
    0x72, 0x2d, 0x6f, 0x70, 0x65, 0x6e, 0x2d, 0x77, 0x61, 0x72, 0x6e, 0x69,
    0x6e, 0x67, 0x0a, 0x00, 0x25, 0x73, 0x2d, 0x74, 0x6f, 0x6e, 0x65, 0x72,
    0x2d, 0x65, 0x6d, 0x70, 0x74, 0x79, 0x2d, 0x72, 0x65, 0x70, 0x6f, 0x72,
    0x74, 0x0a, 0x00, 0x25, 0x73, 0x2d, 0x74, 0x6f, 0x6e, 0x65, 0x72, 0x2d,
    0x6c, 0x6f, 0x77, 0x2d, 0x72, 0x65, 0x70, 0x6f, 0x72, 0x74, 0x0a, 0x00,
    0x25, 0x73, 0x2d, 0x6d, 0x61, 0x72, 0x6b, 0x65, 0x72, 0x2d, 0x77, 0x61,
    0x73, 0x74, 0x65, 0x2d, 0x66, 0x75, 0x6c, 0x6c, 0x2d, 0x77, 0x61, 0x72,
    0x6e, 0x69, 0x6e, 0x67, 0x0a, 0x00, 0x25, 0x73, 0x2d, 0x6d, 0x61, 0x72,
    0x6b, 0x65, 0x72, 0x2d, 0x77, 0x61, 0x73, 0x74, 0x65, 0x2d, 0x61, 0x6c,
    0x6d, 0x6f, 0x73, 0x74, 0x2d, 0x66, 0x75, 0x6c, 0x6c, 0x2d, 0x72, 0x65,
    0x70, 0x6f, 0x72, 0x74, 0x0a, 0x00, 0x25, 0x73, 0x2d, 0x6d, 0x65, 0x64,
    0x69, 0x61, 0x2d, 0x65, 0x6d, 0x70, 0x74, 0x79, 0x2d, 0x77, 0x61, 0x72,
    0x6e, 0x69, 0x6e, 0x67, 0x0a, 0x00, 0x25, 0x73, 0x2d, 0x6d, 0x65, 0x64,
    0x69, 0x61, 0x2d, 0x6a, 0x61, 0x6d, 0x2d, 0x77, 0x61, 0x72, 0x6e, 0x69,
    0x6e, 0x67, 0x0a, 0x00, 0x25, 0x73, 0x2d, 0x69, 0x6e, 0x70, 0x75, 0x74,
    0x2d, 0x74, 0x72, 0x61, 0x79, 0x2d, 0x6d, 0x69, 0x73, 0x73, 0x69, 0x6e,
    0x67, 0x2d, 0x77, 0x61, 0x72, 0x6e, 0x69, 0x6e, 0x67, 0x0a, 0x00, 0x25,
    0x73, 0x2d, 0x63, 0x6f, 0x76, 0x65, 0x72, 0x2d, 0x6f, 0x70, 0x65, 0x6e,
    0x2d, 0x72, 0x65, 0x70, 0x6f, 0x72, 0x74, 0x0a, 0x00, 0x25, 0x73, 0x2d,
    0x6f, 0x75, 0x74, 0x70, 0x75, 0x74, 0x2d, 0x61, 0x72, 0x65, 0x61, 0x2d,
    0x66, 0x75, 0x6c, 0x6c, 0x2d, 0x77, 0x61, 0x72, 0x6e, 0x69, 0x6e, 0x67,
    0x0a, 0x00, 0x42, 0x52, 0x48, 0x61, 0x6c, 0x66, 0x54, 0x6f, 0x6e, 0x65,
    0x50, 0x61, 0x74, 0x74, 0x65, 0x72, 0x6e, 0x00, 0x42, 0x52, 0x52, 0x65,
    0x73, 0x6f, 0x6c, 0x75, 0x74, 0x69, 0x6f, 0x6e, 0x00, 0x33, 0x30, 0x30,
    0x64, 0x70, 0x69, 0x00, 0x48, 0x61, 0x6c, 0x66, 0x74, 0x6f, 0x6e, 0x65,
    0x4b, 0x69, 0x6e, 0x64, 0x34, 0x00, 0x36, 0x30, 0x30, 0x64, 0x70, 0x69,
    0x00, 0x32, 0x34, 0x30, 0x30, 0x78, 0x36, 0x30, 0x30, 0x64, 0x70, 0x69,
    0x00, 0x42, 0x52, 0x4d, 0x4c, 0x00, 0x55, 0x53, 0x45, 0x52, 0x44, 0x45,
    0x46, 0x00, 0x53, 0x65, 0x6e, 0x64, 0x69, 0x6e, 0x67, 0x20, 0x64, 0x61,
    0x74, 0x61, 0x20, 0x66, 0x61, 0x69, 0x6c, 0x65, 0x64, 0x21, 0x0a, 0x00,
    0x40, 0x50, 0x4a, 0x4c, 0x20, 0x45, 0x4e, 0x54, 0x45, 0x52, 0x20, 0x4c,
    0x41, 0x4e, 0x47, 0x55, 0x41, 0x47, 0x45, 0x3d, 0x46, 0x43, 0x4c, 0x0a,
    0x00, 0x1b, 0x44, 0x41, 0x54, 0x45, 0x5b, 0x25, 0x73, 0x09, 0x32, 0x5d,
    0x0a, 0x00, 0x1b, 0x52, 0x45, 0x53, 0x4f, 0x4c, 0x55, 0x54, 0x49, 0x4f,
    0x4e, 0x5b, 0x46, 0x49, 0x4e, 0x45, 0x5d, 0x0a, 0x00, 0x63, 0x6f, 0x6d,
    0x2e, 0x66, 0x75, 0x6a, 0x69, 0x66, 0x69, 0x6c, 0x6d, 0x2e, 0x70, 0x72,
    0x69, 0x6e, 0x74, 0x2e, 0x50, 0x72, 0x69, 0x6e, 0x74, 0x53, 0x65, 0x74,
    0x74, 0x69, 0x6e, 0x67, 0x73, 0x2e, 0x66, 0x61, 0x78, 0x6e, 0x75, 0x6d,
    0x00, 0x4e, 0x55, 0x4c, 0x4c, 0x00, 0x1b, 0x44, 0x49, 0x41, 0x4c, 0x4e,
    0x55, 0x4d, 0x5b, 0x25, 0x73, 0x5d, 0x0a, 0x00, 0x1b, 0x53, 0x45, 0x4e,
    0x44, 0x46, 0x41, 0x58, 0x5b, 0x5d, 0x0a, 0x00, 0x63, 0x6f, 0x6d, 0x2e,
    0x66, 0x75, 0x6a, 0x69, 0x66, 0x69, 0x6c, 0x6d, 0x2e, 0x70, 0x72, 0x69,
    0x6e, 0x74, 0x2e, 0x50, 0x72, 0x69, 0x6e, 0x74, 0x53, 0x65, 0x74, 0x74,
    0x69, 0x6e, 0x67, 0x73, 0x2e, 0x63, 0x6f, 0x75, 0x6e, 0x74, 0x00, 0x63,
    0x6f, 0x6d, 0x2e, 0x66, 0x75, 0x6a, 0x69, 0x66, 0x69, 0x6c, 0x6d, 0x2e,
    0x70, 0x72, 0x69, 0x6e, 0x74, 0x2e, 0x50, 0x72, 0x69, 0x6e, 0x74, 0x53,
    0x65, 0x74, 0x74, 0x69, 0x6e, 0x67, 0x73, 0x2e, 0x66, 0x61, 0x78, 0x61,
    0x72, 0x72, 0x61, 0x79, 0x2e, 0x2e, 0x61, 0x2e, 0x25, 0x64, 0x00, 0x1b,
    0x50, 0x55, 0x54, 0x44, 0x41, 0x54, 0x41, 0x5b, 0x25, 0x6c, 0x64, 0x2c,
    0x00, 0x5d, 0x0a, 0x00, 0x25, 0x30, 0x32, 0x64, 0x2f, 0x25, 0x30, 0x32,
    0x64, 0x2f, 0x25, 0x30, 0x34, 0x64, 0x28, 0x25, 0x30, 0x32, 0x64, 0x3a,
    0x25, 0x30, 0x32, 0x64, 0x3a, 0x25, 0x30, 0x32, 0x64, 0x29, 0x00, 0x40,
    0x50, 0x4a, 0x4c, 0x20, 0x53, 0x45, 0x54, 0x20, 0x52, 0x45, 0x53, 0x4f,
    0x4c, 0x55, 0x54, 0x49, 0x4f, 0x4e, 0x20, 0x3d, 0x20, 0x33, 0x30, 0x30,
    0x0a, 0x00, 0x33, 0x30, 0x30, 0x78, 0x36, 0x30, 0x30, 0x64, 0x70, 0x69,
    0x00, 0x40, 0x50, 0x4a, 0x4c, 0x20, 0x53, 0x45, 0x54, 0x20, 0x52, 0x45,
    0x53, 0x4f, 0x4c, 0x55, 0x54, 0x49, 0x4f, 0x4e, 0x20, 0x3d, 0x20, 0x36,
    0x30, 0x30, 0x0a, 0x00, 0x40, 0x50, 0x4a, 0x4c, 0x20, 0x53, 0x45, 0x54,
    0x20, 0x52, 0x45, 0x53, 0x4f, 0x4c, 0x55, 0x54, 0x49, 0x4f, 0x4e, 0x20,
    0x3d, 0x20, 0x31, 0x32, 0x30, 0x30, 0x0a, 0x00, 0x40, 0x50, 0x4a, 0x4c,
    0x20, 0x53, 0x45, 0x54, 0x20, 0x50, 0x41, 0x50, 0x45, 0x52, 0x46, 0x45,
    0x45, 0x44, 0x53, 0x50, 0x45, 0x45, 0x44, 0x20, 0x3d, 0x20, 0x46, 0x55,
    0x4c, 0x4c, 0x0a, 0x00, 0x54, 0x6f, 0x6e, 0x65, 0x72, 0x53, 0x61, 0x76,
    0x65, 0x4d, 0x6f, 0x64, 0x65, 0x00, 0x40, 0x50, 0x4a, 0x4c, 0x20, 0x53,
    0x45, 0x54, 0x20, 0x45, 0x43, 0x4f, 0x4e, 0x4f, 0x4d, 0x4f, 0x44, 0x45,
    0x20, 0x3d, 0x20, 0x4f, 0x4e, 0x0a, 0x00, 0x40, 0x50, 0x4a, 0x4c, 0x20,
    0x53, 0x45, 0x54, 0x20, 0x45, 0x43, 0x4f, 0x4e, 0x4f, 0x4d, 0x4f, 0x44,
    0x45, 0x20, 0x3d, 0x20, 0x4f, 0x46, 0x46, 0x0a, 0x00, 0x42, 0x52, 0x49,
    0x6d, 0x70, 0x72, 0x6f, 0x76, 0x65, 0x4f, 0x75, 0x74, 0x70, 0x75, 0x74,
    0x00, 0x42, 0x52, 0x4c, 0x65, 0x73, 0x73, 0x50, 0x61, 0x70, 0x65, 0x72,
    0x43, 0x75, 0x72, 0x6c, 0x00, 0x40, 0x50, 0x4a, 0x4c, 0x20, 0x53, 0x45,
    0x54, 0x20, 0x4c, 0x45, 0x53, 0x53, 0x50, 0x41, 0x50, 0x45, 0x52, 0x43,
    0x55, 0x52, 0x4c, 0x3d, 0x00, 0x4f, 0x4e, 0x0a, 0x00, 0x40, 0x50, 0x4a,
    0x4c, 0x20, 0x53, 0x45, 0x54, 0x20, 0x46, 0x49, 0x58, 0x49, 0x4e, 0x54,
    0x45, 0x4e, 0x53, 0x49, 0x54, 0x59, 0x55, 0x50, 0x3d, 0x00, 0x4f, 0x46,
    0x46, 0x0a, 0x00, 0x42, 0x52, 0x46, 0x69, 0x78, 0x49, 0x6e, 0x74, 0x65,
    0x6e, 0x73, 0x69, 0x74, 0x79, 0x00, 0x42, 0x52, 0x52, 0x65, 0x64, 0x75,
    0x63, 0x65, 0x47, 0x68, 0x6f, 0x73, 0x74, 0x00, 0x40, 0x50, 0x4a, 0x4c,
    0x20, 0x53, 0x45, 0x54, 0x20, 0x54, 0x52, 0x41, 0x4e, 0x53, 0x46, 0x45,
    0x52, 0x4c, 0x45, 0x56, 0x45, 0x4c, 0x55, 0x50, 0x3d, 0x00, 0x63, 0x6f,
    0x6d, 0x2e, 0x66, 0x75, 0x6a, 0x69, 0x66, 0x69, 0x6c, 0x6d, 0x2e, 0x70,
    0x72, 0x69, 0x6e, 0x74, 0x2e, 0x50, 0x72, 0x69, 0x6e, 0x74, 0x53, 0x65,
    0x74, 0x74, 0x69, 0x6e, 0x67, 0x73, 0x2e, 0x68, 0x75, 0x6d, 0x69, 0x64,
    0x69, 0x74, 0x79, 0x6c, 0x65, 0x76, 0x65, 0x6c, 0x00, 0x40, 0x50, 0x4a,
    0x4c, 0x20, 0x54, 0x52, 0x41, 0x4e, 0x53, 0x46, 0x45, 0x52, 0x4c, 0x45,
    0x56, 0x45, 0x4c, 0x3d, 0x25, 0x64, 0x0a, 0x00, 0x40, 0x50, 0x4a, 0x4c,
    0x20, 0x53, 0x45, 0x54, 0x20, 0x4d, 0x45, 0x44, 0x49, 0x41, 0x54, 0x59,
    0x50, 0x45, 0x3d, 0x00, 0x54, 0x48, 0x49, 0x4e, 0x0a, 0x00, 0x54, 0x48,
    0x49, 0x43, 0x4b, 0x0a, 0x00, 0x54, 0x48, 0x49, 0x43, 0x4b, 0x32, 0x0a,
    0x00, 0x42, 0x4f, 0x4e, 0x44, 0x0a, 0x00, 0x54, 0x52, 0x41, 0x4e, 0x53,
    0x50, 0x41, 0x52, 0x45, 0x4e, 0x43, 0x59, 0x0a, 0x00, 0x45, 0x4e, 0x56,
    0x45, 0x4c, 0x4f, 0x50, 0x45, 0x53, 0x0a, 0x00, 0x45, 0x4e, 0x56, 0x54,
    0x48, 0x49, 0x43, 0x4b, 0x0a, 0x00, 0x45, 0x4e, 0x56, 0x54, 0x48, 0x49,
    0x4e, 0x0a, 0x00, 0x52, 0x45, 0x43, 0x59, 0x43, 0x4c, 0x45, 0x44, 0x0a,
    0x00, 0x4c, 0x41, 0x42, 0x45, 0x4c, 0x0a, 0x00, 0x50, 0x4f, 0x53, 0x54,
    0x43, 0x41, 0x52, 0x44, 0x0a, 0x00, 0x52, 0x45, 0x47, 0x55, 0x4c, 0x41,
    0x52, 0x0a, 0x00, 0x40, 0x50, 0x4a, 0x4c, 0x20, 0x53, 0x45, 0x54, 0x20,
    0x4a, 0x4f, 0x42, 0x54, 0x49, 0x4d, 0x45, 0x20, 0x3d, 0x20, 0x22, 0x25,
    0x30, 0x34, 0x64, 0x25, 0x30, 0x32, 0x64, 0x25, 0x30, 0x32, 0x64, 0x25,
    0x30, 0x32, 0x64, 0x25, 0x30, 0x32, 0x64, 0x25, 0x30, 0x32, 0x64, 0x22,
    0x0a, 0x00, 0x40, 0x50, 0x4a, 0x4c, 0x20, 0x53, 0x45, 0x54, 0x20, 0x4f,
    0x52, 0x49, 0x45, 0x4e, 0x54, 0x41, 0x54, 0x49, 0x4f, 0x4e, 0x20, 0x3d,
    0x20, 0x50, 0x4f, 0x52, 0x54, 0x52, 0x41, 0x49, 0x54, 0x0a, 0x00, 0x40,
    0x50, 0x4a, 0x4c, 0x20, 0x53, 0x45, 0x54, 0x20, 0x50, 0x41, 0x50, 0x45,
    0x52, 0x20, 0x3d, 0x20, 0x25, 0x73, 0x0a, 0x00, 0x6d, 0x65, 0x64, 0x69,
    0x61, 0x00, 0x50, 0x6f, 0x73, 0x74, 0x63, 0x61, 0x72, 0x64, 0x00, 0x40,
    0x50, 0x4a, 0x4c, 0x20, 0x53, 0x45, 0x54, 0x20, 0x50, 0x41, 0x47, 0x45,
    0x50, 0x52, 0x4f, 0x54, 0x45, 0x43, 0x54, 0x20, 0x3d, 0x20, 0x41, 0x55,
    0x54, 0x4f, 0x0a, 0x00, 0x63, 0x6f, 0x6c, 0x6c, 0x61, 0x74, 0x65, 0x00,
    0x66, 0x61, 0x6c, 0x73, 0x65, 0x00, 0x70, 0x61, 0x67, 0x65, 0x2d, 0x73,
    0x65, 0x74, 0x00, 0x65, 0x76, 0x65, 0x6e, 0x00, 0x40, 0x50, 0x4a, 0x4c,
    0x20, 0x53, 0x45, 0x54, 0x20, 0x4d, 0x41, 0x4e, 0x55, 0x41, 0x4c, 0x44,
    0x50, 0x58, 0x3d, 0x42, 0x41, 0x43, 0x4b, 0x0a, 0x00, 0x6f, 0x64, 0x64,
    0x00, 0x40, 0x50, 0x4a, 0x4c, 0x20, 0x53, 0x45, 0x54, 0x20, 0x4d, 0x41,
    0x4e, 0x55, 0x41, 0x4c, 0x44, 0x50, 0x58, 0x3d, 0x46, 0x41, 0x43, 0x45,
    0x0a, 0x00, 0x40, 0x50, 0x4a, 0x4c, 0x20, 0x45, 0x4e, 0x54, 0x45, 0x52,
    0x20, 0x4c, 0x41, 0x4e, 0x47, 0x55, 0x41, 0x47, 0x45, 0x20, 0x3d, 0x20,
    0x50, 0x43, 0x4c, 0x0a, 0x00, 0x1b, 0x45, 0x00, 0x1b, 0x26, 0x6c, 0x31,
    0x53, 0x00, 0x1b, 0x26, 0x6c, 0x32, 0x53, 0x00, 0x1b, 0x26, 0x6c, 0x30,
    0x53, 0x00, 0x32, 0x37, 0x30, 0x4d, 0x4d, 0x00, 0x1b, 0x26, 0x6c, 0x31,
    0x30, 0x34, 0x33, 0x41, 0x00, 0x42, 0x52, 0x52, 0x65, 0x76, 0x65, 0x72,
    0x73, 0x65, 0x00, 0x63, 0x6f, 0x6d, 0x2e, 0x61, 0x70, 0x70, 0x6c, 0x65,
    0x2e, 0x70, 0x72, 0x69, 0x6e, 0x74, 0x2e, 0x50, 0x72, 0x69, 0x6e, 0x74,
    0x53, 0x65, 0x74, 0x74, 0x69, 0x6e, 0x67, 0x73, 0x2e, 0x50, 0x4d, 0x54,
    0x6f, 0x74, 0x61, 0x6c, 0x42, 0x65, 0x67, 0x69, 0x6e, 0x50, 0x61, 0x67,
    0x65, 0x73, 0x2e, 0x2e, 0x6e, 0x2e, 0x00, 0x42, 0x52, 0x53, 0x6b, 0x69,
    0x70, 0x42, 0x6c, 0x61, 0x6e, 0x6b, 0x00, 0x1b, 0x26, 0x6c, 0x25, 0x64,
    0x58, 0x00, 0x1b, 0x2a, 0x62, 0x31, 0x30, 0x33, 0x32, 0x6d, 0x00, 0x1b,
    0x2a, 0x62, 0x31, 0x30, 0x33, 0x30, 0x6d, 0x00, 0x55, 0x6e, 0x73, 0x75,
    0x70, 0x70, 0x6f, 0x72, 0x74, 0x65, 0x64, 0x20, 0x64, 0x61, 0x74, 0x61,
    0x20, 0x66, 0x6f, 0x72, 0x6d, 0x61, 0x74, 0x21, 0x0a, 0x00, 0xff, 0x00,
    0x25, 0x6c, 0x64, 0x77, 0x25, 0x63, 0x25, 0x63, 0x00, 0x41, 0x50, 0x5f,
    0x46, 0x49, 0x52, 0x53, 0x54, 0x50, 0x41, 0x47, 0x45, 0x5f, 0x49, 0x6e,
    0x70, 0x75, 0x74, 0x53, 0x6c, 0x6f, 0x74, 0x00, 0x41, 0x50, 0x5f, 0x46,
    0x49, 0x52, 0x53, 0x54, 0x50, 0x41, 0x47, 0x45, 0x5f, 0x4d, 0x61, 0x6e,
    0x75, 0x61, 0x6c, 0x46, 0x65, 0x65, 0x64, 0x00, 0x42, 0x52, 0x49, 0x6e,
    0x70, 0x75, 0x74, 0x53, 0x6c, 0x6f, 0x74, 0x00, 0x4d, 0x61, 0x6e, 0x75,
    0x61, 0x6c, 0x46, 0x65, 0x65, 0x64, 0x00, 0x4d, 0x61, 0x6e, 0x75, 0x61,
    0x6c, 0x00, 0x54, 0x72, 0x61, 0x79, 0x31, 0x00, 0x1b, 0x26, 0x6c, 0x31,
    0x68, 0x31, 0x30, 0x30, 0x31, 0x48, 0x00, 0x54, 0x72, 0x61, 0x79, 0x32,
    0x00, 0x1b, 0x26, 0x6c, 0x35, 0x68, 0x31, 0x30, 0x30, 0x31, 0x48, 0x00,
    0x54, 0x72, 0x61, 0x79, 0x33, 0x00, 0x1b, 0x26, 0x6c, 0x38, 0x68, 0x31,
    0x30, 0x30, 0x31, 0x48, 0x00, 0x4d, 0x50, 0x54, 0x72, 0x61, 0x79, 0x00,
    0x1b, 0x26, 0x6c, 0x34, 0x68, 0x31, 0x30, 0x30, 0x31, 0x48, 0x00, 0x1b,
    0x26, 0x6c, 0x32, 0x48, 0x00, 0x1b, 0x26, 0x6c, 0x37, 0x48, 0x00, 0x42,
    0x52, 0x44, 0x65, 0x6e, 0x73, 0x69, 0x74, 0x79, 0x41, 0x64, 0x6a, 0x75,
    0x73, 0x74, 0x6d, 0x65, 0x6e, 0x74, 0x00, 0x44, 0x65, 0x6e, 0x73, 0x69,
    0x74, 0x79, 0x00, 0x63, 0x6f, 0x6d, 0x2e, 0x66, 0x75, 0x6a, 0x69, 0x66,
    0x69, 0x6c, 0x6d, 0x2e, 0x70, 0x72, 0x69, 0x6e, 0x74, 0x2e, 0x50, 0x72,
    0x69, 0x6e, 0x74, 0x53, 0x65, 0x74, 0x74, 0x69, 0x6e, 0x67, 0x73, 0x2e,
    0x64, 0x65, 0x6e, 0x73, 0x69, 0x74, 0x79, 0x6d, 0x6f, 0x64, 0x65, 0x00,
    0x44, 0x65, 0x66, 0x61, 0x75, 0x6c, 0x74, 0x00, 0x40, 0x50, 0x4a, 0x4c,
    0x20, 0x53, 0x45, 0x54, 0x20, 0x44, 0x45, 0x4e, 0x53, 0x49, 0x54, 0x59,
    0x20, 0x3d, 0x20, 0x25, 0x64, 0x0a, 0x00, 0x40, 0x50, 0x4a, 0x4c, 0x20,
    0x53, 0x45, 0x54, 0x20, 0x44, 0x45, 0x56, 0x42, 0x49, 0x41, 0x53, 0x41,
    0x44, 0x4a, 0x55, 0x53, 0x54, 0x20, 0x3d, 0x20, 0x25, 0x64, 0x0a, 0x00,
    0x42, 0x52, 0x53, 0x6c, 0x65, 0x65, 0x70, 0x54, 0x69, 0x6d, 0x65, 0x00,
    0x54, 0x69, 0x6d, 0x65, 0x00, 0x63, 0x6f, 0x6d, 0x2e, 0x66, 0x75, 0x6a,
    0x69, 0x66, 0x69, 0x6c, 0x6d, 0x2e, 0x70, 0x72, 0x69, 0x6e, 0x74, 0x2e,
    0x50, 0x72, 0x69, 0x6e, 0x74, 0x53, 0x65, 0x74, 0x74, 0x69, 0x6e, 0x67,
    0x73, 0x2e, 0x73, 0x6c, 0x65, 0x65, 0x70, 0x6d, 0x6f, 0x64, 0x65, 0x00,
    0x63, 0x6f, 0x6d, 0x2e, 0x66, 0x75, 0x6a, 0x69, 0x66, 0x69, 0x6c, 0x6d,
    0x2e, 0x70, 0x72, 0x69, 0x6e, 0x74, 0x2e, 0x50, 0x72, 0x69, 0x6e, 0x74,
    0x53, 0x65, 0x74, 0x74, 0x69, 0x6e, 0x67, 0x73, 0x2e, 0x73, 0x6c, 0x65,
    0x65, 0x70, 0x00, 0x40, 0x50, 0x4a, 0x4c, 0x20, 0x44, 0x45, 0x46, 0x41,
    0x55, 0x4c, 0x54, 0x20, 0x41, 0x55, 0x54, 0x4f, 0x53, 0x4c, 0x45, 0x45,
    0x50, 0x20, 0x3d, 0x20, 0x4f, 0x4e, 0x0a, 0x00, 0x40, 0x50, 0x4a, 0x4c,
    0x20, 0x44, 0x45, 0x46, 0x41, 0x55, 0x4c, 0x54, 0x20, 0x54, 0x49, 0x4d,
    0x45, 0x4f, 0x55, 0x54, 0x53, 0x4c, 0x45, 0x45, 0x50, 0x20, 0x3d, 0x20,
    0x25, 0x64, 0x0a, 0x00, 0x40, 0x50, 0x4a, 0x4c, 0x20, 0x53, 0x45, 0x54,
    0x20, 0x41, 0x55, 0x54, 0x4f, 0x53, 0x4c, 0x45, 0x45, 0x50, 0x20, 0x3d,
    0x20, 0x4f, 0x4e, 0x0a, 0x00, 0x40, 0x50, 0x4a, 0x4c, 0x20, 0x53, 0x45,
    0x54, 0x20, 0x54, 0x49, 0x4d, 0x45, 0x4f, 0x55, 0x54, 0x53, 0x4c, 0x45,
    0x45, 0x50, 0x20, 0x3d, 0x20, 0x25, 0x64, 0x0a, 0x00, 0x42, 0x52, 0x4f,
    0x75, 0x74, 0x70, 0x75, 0x74, 0x00, 0x63, 0x6f, 0x6d, 0x2e, 0x66, 0x75,
    0x6a, 0x69, 0x66, 0x69, 0x6c, 0x6d, 0x2e, 0x70, 0x72, 0x69, 0x6e, 0x74,
    0x2e, 0x50, 0x72, 0x69, 0x6e, 0x74, 0x53, 0x65, 0x74, 0x74, 0x69, 0x6e,
    0x67, 0x73, 0x2e, 0x6f, 0x75, 0x74, 0x70, 0x75, 0x74, 0x6d, 0x65, 0x6e,
    0x75, 0x00, 0x46, 0x61, 0x63, 0x73, 0x69, 0x6d, 0x69, 0x6c, 0x65, 0x00,
    0x44, 0x65, 0x66, 0x61, 0x75, 0x6c, 0x74, 0x43, 0x6f, 0x6c, 0x6f, 0x72,
    0x53, 0x70, 0x61, 0x63, 0x65, 0x00, 0x47, 0x72, 0x61, 0x79, 0x00, 0x41,
    0x50, 0x50, 0x72, 0x69, 0x6e, 0x74, 0x65, 0x72, 0x49, 0x63, 0x6f, 0x6e,
    0x50, 0x61, 0x74, 0x68, 0x00, 0x42, 0x52, 0x49, 0x6e, 0x6b, 0x00, 0x40,
    0x50, 0x4a, 0x4c, 0x20, 0x53, 0x45, 0x54, 0x20, 0x44, 0x58, 0x42, 0x41,
    0x43, 0x4b, 0x53, 0x49, 0x44, 0x45, 0x46, 0x49, 0x52, 0x53, 0x54, 0x53,
    0x45, 0x4e, 0x44, 0x4d, 0x4f, 0x44, 0x45, 0x3d, 0x00, 0x40, 0x50, 0x4a,
    0x4c, 0x20, 0x53, 0x45, 0x54, 0x20, 0x50, 0x43, 0x4c, 0x43, 0x4f, 0x4e,
    0x50, 0x55, 0x4c, 0x53, 0x4f, 0x52, 0x59, 0x46, 0x46, 0x49, 0x47, 0x4e,
    0x4f, 0x52, 0x45, 0x4d, 0x4f, 0x44, 0x45, 0x3d, 0x00, 0x00, 0x00, 0x00,
    0x6d, 0x61, 0x72, 0x6b, 0x65, 0x72, 0x2d, 0x77, 0x61, 0x73, 0x74, 0x65,
    0x2d, 0x66, 0x75, 0x6c, 0x6c, 0x2d, 0x77, 0x61, 0x72, 0x6e, 0x69, 0x6e,
    0x67, 0x00, 0x6d, 0x61, 0x72, 0x6b, 0x65, 0x72, 0x2d, 0x77, 0x61, 0x73,
    0x74, 0x65, 0x2d, 0x61, 0x6c, 0x6d, 0x6f, 0x73, 0x74, 0x2d, 0x66, 0x75,
    0x6c, 0x6c, 0x2d, 0x72, 0x65, 0x70, 0x6f, 0x72, 0x74, 0x00, 0x63, 0x6f,
    0x76, 0x65, 0x72, 0x2d, 0x6f, 0x70, 0x65, 0x6e, 0x2d, 0x77, 0x61, 0x72,
    0x6e, 0x69, 0x6e, 0x67, 0x00, 0x6d, 0x65, 0x64, 0x69, 0x61, 0x2d, 0x6c,
    0x6f, 0x77, 0x2d, 0x72, 0x65, 0x70, 0x6f, 0x72, 0x74, 0x00, 0x6d, 0x65,
    0x64, 0x69, 0x61, 0x2d, 0x65, 0x6d, 0x70, 0x74, 0x79, 0x2d, 0x77, 0x61,
    0x72, 0x6e, 0x69, 0x6e, 0x67, 0x00, 0x6d, 0x65, 0x64, 0x69, 0x61, 0x2d,
    0x6a, 0x61, 0x6d, 0x2d, 0x77, 0x61, 0x72, 0x6e, 0x69, 0x6e, 0x67, 0x00,
    0x6f, 0x70, 0x63, 0x2d, 0x6c, 0x69, 0x66, 0x65, 0x2d, 0x6f, 0x76, 0x65,
    0x72, 0x2d, 0x72, 0x65, 0x70, 0x6f, 0x72, 0x74, 0x00, 0x69, 0x6e, 0x70,
    0x75, 0x74, 0x2d, 0x74, 0x72, 0x61, 0x79, 0x2d, 0x6d, 0x69, 0x73, 0x73,
    0x69, 0x6e, 0x67, 0x2d, 0x77, 0x61, 0x72, 0x6e, 0x69, 0x6e, 0x67, 0x00,
    0x6f, 0x75, 0x74, 0x70, 0x75, 0x74, 0x2d, 0x61, 0x72, 0x65, 0x61, 0x2d,
    0x66, 0x75, 0x6c, 0x6c, 0x2d, 0x77, 0x61, 0x72, 0x6e, 0x69, 0x6e, 0x67,
    0x00, 0x6f, 0x75, 0x74, 0x70, 0x75, 0x74, 0x2d, 0x74, 0x72, 0x61, 0x79,
    0x2d, 0x6d, 0x69, 0x73, 0x73, 0x69, 0x6e, 0x67, 0x2d, 0x77, 0x61, 0x72,
    0x6e, 0x69, 0x6e, 0x67, 0x00, 0x73, 0x65, 0x72, 0x76, 0x69, 0x63, 0x65,
    0x2d, 0x6e, 0x65, 0x65, 0x64, 0x65, 0x64, 0x2d, 0x77, 0x61, 0x72, 0x6e,
    0x69, 0x6e, 0x67, 0x00, 0x00, 0x31, 0x2e, 0x33, 0x2e, 0x36, 0x2e, 0x31,
    0x2e, 0x34, 0x2e, 0x31, 0x2e, 0x32, 0x34, 0x33, 0x35, 0x2e, 0x32, 0x2e,
    0x33, 0x2e, 0x39, 0x2e, 0x34, 0x2e, 0x32, 0x2e, 0x31, 0x2e, 0x35, 0x2e,
    0x35, 0x2e, 0x36, 0x2e, 0x30, 0x00, 0x31, 0x2e, 0x33, 0x2e, 0x36, 0x2e,
    0x31, 0x2e, 0x32, 0x2e, 0x31, 0x2e, 0x34, 0x33, 0x2e, 0x31, 0x36, 0x2e,
    0x35, 0x2e, 0x31, 0x2e, 0x32, 0x2e, 0x31, 0x2e, 0x31, 0x00, 0x31, 0x2e,
    0x33, 0x2e, 0x36, 0x2e, 0x31, 0x2e, 0x34, 0x2e, 0x31, 0x2e, 0x32, 0x34,
    0x33, 0x35, 0x2e, 0x32, 0x2e, 0x33, 0x2e, 0x39, 0x2e, 0x34, 0x2e, 0x32,
    0x2e, 0x31, 0x2e, 0x35, 0x2e, 0x35, 0x2e, 0x38, 0x2e, 0x30, 0x00, 0x31,
    0x2e, 0x33, 0x2e, 0x36, 0x2e, 0x31, 0x2e, 0x34, 0x2e, 0x31, 0x2e, 0x32,
    0x34, 0x33, 0x35, 0x2e, 0x32, 0x2e, 0x33, 0x2e, 0x39, 0x2e, 0x34, 0x2e,
    0x32, 0x2e, 0x31, 0x2e, 0x35, 0x2e, 0x35, 0x2e, 0x32, 0x36, 0x2e, 0x30,
    0x00, 0x31, 0x2e, 0x33, 0x2e, 0x36, 0x2e, 0x31, 0x2e, 0x34, 0x2e, 0x31,
    0x2e, 0x32, 0x34, 0x33, 0x35, 0x2e, 0x32, 0x2e, 0x34, 0x2e, 0x34, 0x2e,
    0x31, 0x32, 0x34, 0x30, 0x2e, 0x31, 0x2e, 0x32, 0x2e, 0x30, 0x00, 0x6d,
    0x61, 0x72, 0x6b, 0x65, 0x72, 0x2d, 0x63, 0x6f, 0x6c, 0x6f, 0x72, 0x73,
    0x3d, 0x00, 0x6d, 0x61, 0x72, 0x6b, 0x65, 0x72, 0x2d, 0x6c, 0x65, 0x76,
    0x65, 0x6c, 0x73, 0x3d, 0x00, 0x6d, 0x61, 0x72, 0x6b, 0x65, 0x72, 0x2d,
    0x6c, 0x6f, 0x77, 0x2d, 0x6c, 0x65, 0x76, 0x65, 0x6c, 0x73, 0x3d, 0x00,
    0x6d, 0x61, 0x72, 0x6b, 0x65, 0x72, 0x2d, 0x6e, 0x61, 0x6d, 0x65, 0x73,
    0x3d, 0x00, 0x6d, 0x61, 0x72, 0x6b, 0x65, 0x72, 0x2d, 0x74, 0x79, 0x70,
    0x65, 0x73, 0x3d, 0x00, 0x50, 0x46, 0x4b, 0x69, 0x74, 0x31, 0x00, 0x50,
    0x46, 0x4b, 0x69, 0x74, 0x32, 0x00, 0x50, 0x46, 0x4b, 0x69, 0x74, 0x33,
    0x00, 0x50, 0x46, 0x4b, 0x69, 0x74, 0x34, 0x00, 0x4f, 0x50, 0x43, 0x00,
    0x46, 0x75, 0x73, 0x65, 0x72, 0x00, 0x57, 0x61, 0x73, 0x74, 0x65, 0x54,
    0x6f, 0x6e, 0x65, 0x72, 0x00, 0x31, 0x32, 0x30, 0x4b, 0x4b, 0x69, 0x74,
    0x00, 0x32, 0x34, 0x30, 0x4b, 0x4b, 0x69, 0x74, 0x00, 0x36, 0x30, 0x4b,
    0x4b, 0x69, 0x74, 0x00, 0x44, 0x72, 0x75, 0x6d, 0x00, 0x4d, 0x65, 0x64,
    0x69, 0x61, 0x00, 0x6b, 0x69, 0x74, 0x00, 0x6f, 0x70, 0x63, 0x00, 0x66,
    0x75, 0x73, 0x65, 0x72, 0x00, 0x77, 0x61, 0x73, 0x74, 0x65, 0x54, 0x6f,
    0x6e, 0x65, 0x72, 0x00, 0x64, 0x72, 0x75, 0x6d, 0x00, 0x00, 0x00, 0x00,
    0x00, 0x00, 0x00, 0x31, 0x2e, 0x33, 0x2e, 0x36, 0x2e, 0x31, 0x2e, 0x32,
    0x2e, 0x31, 0x2e, 0x34, 0x33, 0x2e, 0x35, 0x2e, 0x31, 0x2e, 0x31, 0x2e,
    0x32, 0x2e, 0x31, 0x00, 0x31, 0x2e, 0x33, 0x2e, 0x36, 0x2e, 0x31, 0x2e,
    0x32, 0x2e, 0x31, 0x2e, 0x34, 0x33, 0x2e, 0x37, 0x2e, 0x31, 0x2e, 0x31,
    0x2e, 0x34, 0x2e, 0x31, 0x00, 0x31, 0x2e, 0x33, 0x2e, 0x36, 0x2e, 0x31,
    0x2e, 0x34, 0x2e, 0x31, 0x2e, 0x32, 0x34, 0x33, 0x35, 0x2e, 0x32, 0x2e,
    0x33, 0x2e, 0x39, 0x2e, 0x34, 0x2e, 0x32, 0x2e, 0x31, 0x2e, 0x35, 0x2e,
    0x31, 0x2e, 0x32, 0x2e, 0x31, 0x32, 0x2e, 0x30, 0x00, 0x00, 0x00, 0x00,
    0x1b, 0x25, 0x2d, 0x31, 0x32, 0x33, 0x34, 0x35, 0x58, 0x40, 0x50, 0x4a,
    0x4c, 0x0a, 0x00, 0x40, 0x50, 0x4a, 0x4c, 0x20, 0x44, 0x49, 0x4e, 0x51,
    0x55, 0x49, 0x52, 0x45, 0x20, 0x53, 0x54, 0x52, 0x49, 0x4e, 0x47, 0x43,
    0x4f, 0x44, 0x45, 0x53, 0x45, 0x54, 0x0d, 0x0a, 0x00, 0x40, 0x50, 0x4a,
    0x4c, 0x20, 0x49, 0x4e, 0x51, 0x55, 0x49, 0x52, 0x45, 0x20, 0x4c, 0x41,
    0x4e, 0x47, 0x0d, 0x0a, 0x00, 0x40, 0x50, 0x4a, 0x4c, 0x20, 0x49, 0x4e,
    0x46, 0x4f, 0x20, 0x53, 0x54, 0x41, 0x54, 0x55, 0x53, 0x0a, 0x00, 0x40,
    0x50, 0x4a, 0x4c, 0x20, 0x55, 0x53, 0x54, 0x41, 0x54, 0x55, 0x53, 0x20,
    0x44, 0x45, 0x56, 0x49, 0x43, 0x45, 0x3d, 0x4f, 0x4e, 0x20, 0x0a, 0x00,
    0x1b, 0x25, 0x2d, 0x31, 0x32, 0x33, 0x34, 0x35, 0x58, 0x00, 0x40, 0x50,
    0x4a, 0x4c, 0x20, 0x55, 0x53, 0x54, 0x41, 0x54, 0x55, 0x53, 0x20, 0x44,
    0x45, 0x56, 0x49, 0x43, 0x45, 0x3d, 0x4f, 0x46, 0x46, 0x20, 0x0a, 0x00,
    0x40, 0x50, 0x4a, 0x4c, 0x20, 0x55, 0x53, 0x54, 0x41, 0x54, 0x55, 0x53,
    0x20, 0x44, 0x45, 0x56, 0x49, 0x43, 0x45, 0x32, 0x3d, 0x4f, 0x4e, 0x20,
    0x0a, 0x00, 0x40, 0x50, 0x4a, 0x4c, 0x20, 0x55, 0x53, 0x54, 0x41, 0x54,
    0x55, 0x53, 0x20, 0x44, 0x45, 0x56, 0x49, 0x43, 0x45, 0x32, 0x3d, 0x4f,
    0x46, 0x46, 0x20, 0x0a, 0x00, 0x40, 0x50, 0x4a, 0x4c, 0x20, 0x49, 0x4e,
    0x46, 0x4f, 0x20, 0x53, 0x45, 0x4e, 0x44, 0x4c, 0x41, 0x42, 0x45, 0x4c,
    0x44, 0x41, 0x54, 0x41, 0x0a, 0x00, 0x40, 0x50, 0x4a, 0x4c, 0x20, 0x53,
    0x45, 0x54, 0x20, 0x4e, 0x4f, 0x54, 0x49, 0x46, 0x59, 0x42, 0x52, 0x4d,
    0x41, 0x49, 0x4e, 0x54, 0x45, 0x4e, 0x41, 0x4e, 0x43, 0x45, 0x3d, 0x4f,
    0x4e, 0x0a, 0x00, 0x40, 0x50, 0x4a, 0x4c, 0x20, 0x53, 0x45, 0x54, 0x20,
    0x4e, 0x4f, 0x54, 0x49, 0x46, 0x59, 0x42, 0x52, 0x4d, 0x41, 0x49, 0x4e,
    0x54, 0x45, 0x4e, 0x41, 0x4e, 0x43, 0x45, 0x3d, 0x4f, 0x46, 0x46, 0x0a,
    0x00, 0x00, 0x00, 0x00, 0x00, 0x43, 0x55, 0x50, 0x53, 0x2f, 0x31, 0x2e,
    0x34, 0x2e, 0x32, 0x00, 0x53, 0x4f, 0x46, 0x54, 0x57, 0x41, 0x52, 0x45,
    0x00, 0x43, 0x55, 0x50, 0x53, 0x2f, 0x31, 0x2e, 0x33, 0x00, 0x75, 0x73,
    0x62, 0x3a, 0x2f, 0x2f, 0x00, 0x00, 0x00, 0x00, 0x00, 0x00, 0x00, 0x00,
    0x2e, 0x5f, 0x72, 0x69, 0x6f, 0x75, 0x73, 0x62, 0x70, 0x72, 0x69, 0x6e,
    0x74, 0x2e, 0x5f, 0x74, 0x63, 0x70, 0x2e, 0x00, 0x44, 0x45, 0x56, 0x49,
    0x43, 0x45, 0x5f, 0x55, 0x52, 0x49, 0x00, 0x25, 0x73, 0x20, 0x55, 0x73,
    0x65, 0x20, 0x42, 0x61, 0x63, 0x6b, 0x20, 0x43, 0x68, 0x61, 0x6e, 0x6e,
    0x65, 0x6c, 0x20, 0x28, 0x50, 0x4a, 0x4c, 0x29, 0x0a, 0x00, 0x44, 0x45,
    0x42, 0x55, 0x47, 0x3a, 0x20, 0x00, 0x25, 0x73, 0x20, 0x67, 0x65, 0x74,
    0x42, 0x61, 0x63, 0x6b, 0x43, 0x68, 0x61, 0x6e, 0x6e, 0x65, 0x6c, 0x52,
    0x6f, 0x77, 0x44, 0x61, 0x74, 0x61, 0x20, 0x62, 0x75, 0x66, 0x66, 0x65,
    0x72, 0x20, 0x6f, 0x76, 0x65, 0x72, 0x66, 0x6c, 0x6f, 0x77, 0x2e, 0x0a,
    0x00, 0x25, 0x73, 0x20, 0x67, 0x65, 0x74, 0x42, 0x61, 0x63, 0x6b, 0x43,
    0x68, 0x61, 0x6e, 0x6e, 0x65, 0x6c, 0x52, 0x6f, 0x77, 0x44, 0x61, 0x74,
    0x61, 0x20, 0x72, 0x65, 0x61, 0x64, 0x20, 0x65, 0x72, 0x72, 0x6f, 0x72,
    0x2e, 0x0a, 0x00, 0x25, 0x73, 0x20, 0x63, 0x75, 0x70, 0x73, 0x42, 0x61,
    0x63, 0x6b, 0x43, 0x68, 0x61, 0x6e, 0x6e, 0x65, 0x6c, 0x52, 0x65, 0x61,
    0x64, 0x20, 0x25, 0x64, 0x20, 0x62, 0x79, 0x74, 0x65, 0x73, 0x2e, 0x0a,
    0x00, 0x43, 0x4f, 0x44, 0x45, 0x3d, 0x00, 0x44, 0x49, 0x53, 0x50, 0x4c,
    0x41, 0x59, 0x3d, 0x00, 0x49, 0x4e, 0x46, 0x4f, 0x4d, 0x41, 0x49, 0x4e,
    0x54, 0x45, 0x3d, 0x00, 0x49, 0x4e, 0x46, 0x4f, 0x4d, 0x41, 0x49, 0x4e,
    0x54, 0x45, 0x3d, 0x22, 0x41, 0x25, 0x64, 0x2c, 0x25, 0x64, 0x2c, 0x25,
    0x64, 0x2c, 0x25, 0x78, 0x2c, 0x25, 0x78, 0x22, 0x00, 0x53, 0x54, 0x41,
    0x54, 0x55, 0x53, 0x3d, 0x00, 0x54, 0x52, 0x55, 0x45, 0x00, 0x48, 0x50,
    0x55, 0x54, 0x46, 0x38, 0x00, 0x44, 0x55, 0x43, 0x54, 0x48, 0x00, 0x44,
    0x41, 0x4e, 0x49, 0x53, 0x48, 0x00, 0x46, 0x52, 0x45, 0x4e, 0x43, 0x48,
    0x00, 0x47, 0x45, 0x52, 0x4d, 0x41, 0x4e, 0x00, 0x45, 0x4e, 0x47, 0x4c,
    0x49, 0x53, 0x48, 0x00, 0x46, 0x49, 0x4e, 0x4e, 0x49, 0x53, 0x48, 0x00,
    0x49, 0x54, 0x41, 0x4c, 0x49, 0x41, 0x4e, 0x00, 0x53, 0x50, 0x41, 0x4e,
    0x49, 0x53, 0x48, 0x00, 0x53, 0x57, 0x45, 0x44, 0x49, 0x53, 0x48, 0x00,
    0x4e, 0x4f, 0x52, 0x57, 0x45, 0x47, 0x49, 0x41, 0x4e, 0x00, 0x50, 0x4f,
    0x52, 0x54, 0x55, 0x47, 0x55, 0x45, 0x53, 0x45, 0x00, 0x52, 0x55, 0x53,
    0x53, 0x49, 0x41, 0x4e, 0x00, 0x42, 0x55, 0x4c, 0x47, 0x41, 0x52, 0x49,
    0x41, 0x4e, 0x00, 0x43, 0x5a, 0x45, 0x43, 0x48, 0x00, 0x50, 0x4f, 0x4c,
    0x49, 0x53, 0x48, 0x00, 0x52, 0x4f, 0x4d, 0x41, 0x4e, 0x49, 0x41, 0x4e,
    0x00, 0x48, 0x55, 0x4e, 0x47, 0x41, 0x52, 0x49, 0x41, 0x4e, 0x00, 0x53,
    0x4c, 0x4f, 0x56, 0x41, 0x4b, 0x49, 0x41, 0x4e, 0x00, 0x54, 0x55, 0x52,
    0x4b, 0x49, 0x53, 0x48, 0x00, 0x4a, 0x41, 0x50, 0x41, 0x4e, 0x45, 0x53,
    0x45, 0x00, 0x44, 0x41, 0x54, 0x41, 0x3d, 0x00, 0x44, 0x41, 0x54, 0x41,
    0x3d, 0x22, 0x38, 0x25, 0x64, 0x2c, 0x25, 0x64, 0x2c, 0x25, 0x64, 0x2c,
    0x25, 0x73, 0x22, 0x00, 0x25, 0x78, 0x2c, 0x25, 0x6e, 0x00, 0x25, 0x78,
    0x00, 0x25, 0x73, 0x20, 0x63, 0x75, 0x70, 0x73, 0x42, 0x61, 0x63, 0x6b,
    0x43, 0x68, 0x61, 0x6e, 0x6e, 0x65, 0x6c, 0x52, 0x65, 0x61, 0x64, 0x20,
    0x30, 0x20, 0x62, 0x79, 0x74, 0x65, 0x73, 0x2e, 0x0a, 0x00, 0x25, 0x73,
    0x20, 0x63, 0x75, 0x70, 0x73, 0x53, 0x69, 0x64, 0x65, 0x43, 0x68, 0x61,
    0x6e, 0x6e, 0x65, 0x6c, 0x52, 0x65, 0x61, 0x64, 0x20, 0x25, 0x64, 0x20,
    0x62, 0x79, 0x74, 0x65, 0x73, 0x2e, 0x0a, 0x00, 0x25, 0x73, 0x25, 0x73,
    0x20, 0x25, 0x64, 0x0a, 0x00, 0x4e, 0x6f, 0x20, 0x72, 0x65, 0x73, 0x70,
    0x6f, 0x6e, 0x73, 0x65, 0x21, 0x00, 0x25, 0x73, 0x2b, 0x25, 0x73, 0x0a,
    0x00, 0x00, 0x00, 0x00, 0x00, 0x00, 0x00, 0x00, 0x00, 0x25, 0x73, 0x2d,
    0x25, 0x73, 0x0a, 0x00, 0x49, 0x4e, 0x46, 0x4f, 0x3a, 0x20, 0x00, 0x00,
    0x00, 0x00, 0x00, 0x00, 0x00, 0x2d, 0x65, 0x72, 0x72, 0x6f, 0x72, 0x00,
    0x00, 0x00, 0x00, 0x00, 0x00, 0x00, 0x00, 0x00, 0x00, 0x25, 0x73, 0x20,
    0x54, 0x69, 0x6d, 0x65, 0x6f, 0x75, 0x74, 0x0a, 0x00, 0x23, 0x30, 0x30,
    0x30, 0x30, 0x30, 0x30, 0x00, 0x25, 0x6c, 0x64, 0x00, 0x20, 0x25, 0x73,
    0x25, 0x64, 0x00, 0x42, 0x6c, 0x61, 0x63, 0x6b, 0x00, 0x74, 0x6f, 0x6e,
    0x65, 0x72, 0x00, 0x23, 0x30, 0x30, 0x30, 0x30, 0x30, 0x30, 0x2c, 0x23,
    0x30, 0x30, 0x66, 0x66, 0x66, 0x66, 0x2c, 0x23, 0x66, 0x66, 0x30, 0x30,
    0x66, 0x66, 0x2c, 0x23, 0x66, 0x66, 0x66, 0x66, 0x30, 0x30, 0x00, 0x25,
    0x6c, 0x64, 0x2c, 0x25, 0x6c, 0x64, 0x2c, 0x25, 0x6c, 0x64, 0x2c, 0x25,
    0x6c, 0x64, 0x00, 0x20, 0x25, 0x73, 0x25, 0x64, 0x2c, 0x25, 0x64, 0x2c,
    0x25, 0x64, 0x2c, 0x25, 0x64, 0x00, 0x42, 0x6c, 0x61, 0x63, 0x6b, 0x2c,
    0x43, 0x79, 0x61, 0x6e, 0x2c, 0x4d, 0x61, 0x67, 0x65, 0x6e, 0x74, 0x61,
    0x2c, 0x59, 0x65, 0x6c, 0x6c, 0x6f, 0x77, 0x00, 0x23, 0x30, 0x30, 0x66,
    0x66, 0x66, 0x66, 0x2c, 0x23, 0x66, 0x66, 0x30, 0x30, 0x66, 0x66, 0x2c,
    0x23, 0x66, 0x66, 0x66, 0x66, 0x30, 0x30, 0x2c, 0x23, 0x30, 0x30, 0x30,
    0x30, 0x30, 0x30, 0x00, 0x43, 0x79, 0x61, 0x6e, 0x2c, 0x4d, 0x61, 0x67,
    0x65, 0x6e, 0x74, 0x61, 0x2c, 0x59, 0x65, 0x6c, 0x6c, 0x6f, 0x77, 0x2c,
    0x42, 0x6c, 0x61, 0x63, 0x6b, 0x00, 0x74, 0x6f, 0x6e, 0x65, 0x72, 0x2c,
    0x74, 0x6f, 0x6e, 0x65, 0x72, 0x2c, 0x74, 0x6f, 0x6e, 0x65, 0x72, 0x2c,
    0x74, 0x6f, 0x6e, 0x65, 0x72, 0x00, 0x23, 0x30, 0x30, 0x30, 0x30, 0x30,
    0x30, 0x2c, 0x23, 0x66, 0x66, 0x66, 0x66, 0x30, 0x30, 0x2c, 0x23, 0x30,
    0x30, 0x66, 0x66, 0x66, 0x66, 0x2c, 0x23, 0x66, 0x66, 0x30, 0x30, 0x66,
    0x66, 0x00, 0x42, 0x6c, 0x61, 0x63, 0x6b, 0x2c, 0x59, 0x65, 0x6c, 0x6c,
    0x6f, 0x77, 0x2c, 0x43, 0x79, 0x61, 0x6e, 0x2c, 0x4d, 0x61, 0x67, 0x65,
    0x6e, 0x74, 0x61, 0x00, 0x23, 0x66, 0x66, 0x30, 0x30, 0x66, 0x66, 0x2c,
    0x23, 0x30, 0x30, 0x66, 0x66, 0x66, 0x66, 0x2c, 0x23, 0x66, 0x66, 0x66,
    0x66, 0x30, 0x30, 0x2c, 0x23, 0x30, 0x30, 0x30, 0x30, 0x30, 0x30, 0x00,
    0x4d, 0x61, 0x67, 0x65, 0x6e, 0x74, 0x61, 0x2c, 0x43, 0x79, 0x61, 0x6e,
    0x2c, 0x59, 0x65, 0x6c, 0x6c, 0x6f, 0x77, 0x2c, 0x42, 0x6c, 0x61, 0x63,
    0x6b, 0x00, 0x69, 0x6e, 0x6b, 0x2c, 0x69, 0x6e, 0x6b, 0x2c, 0x69, 0x6e,
    0x6b, 0x2c, 0x69, 0x6e, 0x6b, 0x00, 0x69, 0x6e, 0x6b, 0x00, 0x6e, 0x6f,
    0x6e, 0x65, 0x00, 0x25, 0x73, 0x25, 0x73, 0x20, 0x25, 0x73, 0x20, 0x25,
    0x73, 0x20, 0x25, 0x73, 0x0a, 0x00, 0x41, 0x54, 0x54, 0x52, 0x3a, 0x20,
    0x00, 0x25, 0x73, 0x2e, 0x25, 0x64, 0x00, 0x25, 0x73, 0x20, 0x67, 0x65,
    0x74, 0x44, 0x65, 0x76, 0x69, 0x63, 0x65, 0x43, 0x68, 0x61, 0x72, 0x43,
    0x6f, 0x64, 0x65, 0x28, 0x29, 0x3a, 0x20, 0x75, 0x6e, 0x6b, 0x6e, 0x6f,
    0x77, 0x6e, 0x20, 0x64, 0x65, 0x76, 0x69, 0x63, 0x65, 0x20, 0x63, 0x68,
    0x61, 0x72, 0x63, 0x6f, 0x64, 0x65, 0x0a, 0x00, 0x25, 0x73, 0x4d, 0x65,
    0x73, 0x73, 0x61, 0x67, 0x65, 0x3d, 0x25, 0x73, 0x0a, 0x00, 0x75, 0x6e,
    0x6b, 0x6e, 0x6f, 0x77, 0x6e, 0x00, 0x25, 0x64, 0x00, 0x25, 0x64, 0x2d,
    0x25, 0x64, 0x00, 0x53, 0x74, 0x61, 0x74, 0x75, 0x73, 0x4d, 0x65, 0x73,
    0x73, 0x61, 0x67, 0x65, 0x00, 0x6d, 0x6f, 0x64, 0x65, 0x6c, 0x00, 0x25,
    0x40, 0x25, 0x40, 0x00, 0x63, 0x6f, 0x6d, 0x00, 0x53, 0x74, 0x61, 0x6e,
    0x64, 0x61, 0x72, 0x64, 0x53, 0x74, 0x61, 0x74, 0x75, 0x73, 0x00, 0x00,
    0x00, 0x00, 0x00, 0x63, 0x75, 0x70, 0x73, 0x43, 0x6f, 0x6d, 0x6d, 0x61,
    0x6e, 0x64, 0x73, 0x00, 0x63, 0x75, 0x70, 0x73, 0x49, 0x50, 0x50, 0x52,
    0x65, 0x61, 0x73, 0x6f, 0x6e, 0x00, 0x40, 0x50, 0x4a, 0x4c, 0x20, 0x49,
    0x4e, 0x46, 0x4f, 0x20, 0x42, 0x4c, 0x41, 0x43, 0x4b, 0x50, 0x52, 0x49,
    0x4e, 0x54, 0x0a, 0x00, 0x0c, 0x00, 0x69, 0x70, 0x70, 0x3a, 0x2f, 0x2f,
    0x00, 0x2e, 0x5f, 0x69, 0x70, 0x70, 0x00, 0x72, 0x61, 0x73, 0x74, 0x65,
    0x72, 0x00, 0x63, 0x6f, 0x6d, 0x6d, 0x61, 0x6e, 0x64, 0x74, 0x6f, 0x00,
    0x2f, 0x4c, 0x69, 0x62, 0x72, 0x61, 0x72, 0x79, 0x00, 0x2f, 0x43, 0x6f,
    0x6e, 0x74, 0x65, 0x6e, 0x74, 0x73, 0x00, 0x70, 0x6c, 0x69, 0x73, 0x74,
    0x00, 0x22, 0x00, 0x00, 0x2d, 0x72, 0x65, 0x70, 0x6f, 0x72, 0x74, 0x00,
    0x2d, 0x77, 0x61, 0x72, 0x6e, 0x69, 0x6e, 0x67, 0x00, 0x00, 0x00, 0x00,
    0x00, 0x00, 0x00, 0x00, 0x00, 0x00, 0x00, 0x00, 0x00, 0x00, 0x00, 0x00,
    0x2f, 0x4c, 0x55, 0x54, 0x2f, 0x00, 0x00, 0x00, 0x00, 0x00, 0x00, 0x00,
    0x00, 0x00, 0x00, 0x00, 0x2f, 0x4c, 0x69, 0x62, 0x72, 0x61, 0x72, 0x79,
    0x2f, 0x50, 0x72, 0x69, 0x6e, 0x74, 0x65, 0x72, 0x73, 0x2f, 0x00, 0x00,
    0x00, 0x00, 0x00, 0x00, 0x00, 0x00, 0x00, 0x00, 0x00, 0x00, 0x00, 0x00,
    0x2f, 0x4c, 0x69, 0x62, 0x72, 0x61, 0x72, 0x79, 0x2f, 0x43, 0x61, 0x63,
    0x68, 0x65, 0x73, 0x2f, 0x00, 0x4d, 0x61, 0x6e, 0x75, 0x66, 0x61, 0x63,
    0x74, 0x75, 0x72, 0x65, 0x72, 0x00, 0x00, 0x00, 0x30, 0x33, 0x30, 0x30,
    0x2d, 0x47, 0x31, 0x33, 0x2e, 0x62, 0x69, 0x6e, 0x00, 0x00, 0x00, 0x00,
    0x00, 0x00, 0x00, 0x00, 0x00, 0x00, 0x00, 0x00, 0x00, 0x00, 0x00, 0x00,
    0x00, 0x00, 0x00, 0x00, 0x30, 0x33, 0x30, 0x30, 0x2d, 0x54, 0x31, 0x33,
    0x2e, 0x62, 0x69, 0x6e, 0x00, 0x00, 0x00, 0x00, 0x00, 0x00, 0x00, 0x00,
    0x00, 0x00, 0x00, 0x00, 0x00, 0x00, 0x00, 0x00, 0x00, 0x00, 0x00, 0x00,
    0x30, 0x36, 0x30, 0x30, 0x2d, 0x47, 0x31, 0x33, 0x2e, 0x62, 0x69, 0x6e,
    0x00, 0x00, 0x00, 0x00, 0x00, 0x00, 0x00, 0x00, 0x00, 0x00, 0x00, 0x00,
    0x00, 0x00, 0x00, 0x00, 0x00, 0x00, 0x00, 0x00, 0x30, 0x36, 0x30, 0x30,
    0x2d, 0x54, 0x31, 0x33, 0x2e, 0x62, 0x69, 0x6e, 0x00, 0x00, 0x00, 0x00,
    0x00, 0x00, 0x00, 0x00, 0x00, 0x00, 0x00, 0x00, 0x00, 0x00, 0x00, 0x00,
    0x00, 0x00, 0x00, 0x00, 0x48, 0x51, 0x31, 0x32, 0x30, 0x30, 0x2d, 0x47,
    0x31, 0x33, 0x2e, 0x62, 0x69, 0x6e, 0x00, 0x00, 0x00, 0x00, 0x00, 0x00,
    0x00, 0x00, 0x00, 0x00, 0x00, 0x00, 0x00, 0x00, 0x00, 0x00, 0x00, 0x00,
    0x48, 0x51, 0x31, 0x32, 0x30, 0x30, 0x2d, 0x54, 0x31, 0x33, 0x2e, 0x62,
    0x69, 0x6e, 0x00, 0x00, 0x00, 0x00, 0x00, 0x00, 0x00, 0x00, 0x00, 0x00,
    0x00, 0x00, 0x00, 0x00, 0x00, 0x00, 0x00, 0x00, 0x00, 0x00, 0x00, 0x00,
    0x00, 0x00, 0x14, 0x40, 0x00, 0x00, 0x00, 0x00, 0x00, 0x00, 0x24, 0x40,
    0x00, 0x00, 0x00, 0x00, 0x00, 0x00, 0x14, 0x40, 0x7b, 0x14, 0xae, 0x47,
    0xe1, 0x7a, 0x84, 0x3f, 0x00, 0x00, 0x00, 0x00, 0x00, 0x00, 0x59, 0x40,
    0x00, 0x00, 0x00, 0x00, 0x00, 0x00, 0x24, 0x40, 0x00, 0x00, 0x00, 0x00,
    0x00, 0x00, 0x39, 0x40, 0x00, 0x00, 0x00, 0x00, 0x00, 0x00, 0x44, 0x40,
    0x00, 0x00, 0x00, 0x00, 0x00, 0x80, 0x4b, 0x40, 0x00, 0x00, 0x00, 0x00,
    0x00, 0x80, 0x51, 0x40, 0x00, 0x00, 0x00, 0x00, 0x00, 0x40, 0x55, 0x40,
    0x00, 0x00, 0x00, 0x00, 0x00, 0x00, 0x00, 0x00, 0x9a, 0x99, 0x99, 0x99,
    0x99, 0x99, 0xb9, 0x3f, 0x00, 0x00, 0x00, 0x00, 0x00, 0x00, 0x08, 0x40,
    0x00, 0x00, 0x00, 0x00, 0x00, 0x00, 0xe0, 0x3f, 0x00, 0x00, 0x00, 0x00,
    0x00, 0x00, 0x00, 0x00, 0x64, 0x00, 0x00, 0x00, 0x00, 0x00, 0x00, 0x00,
    0x0a, 0x00, 0x00, 0x00, 0x00, 0x00, 0x00, 0x00, 0x00, 0x00, 0x00, 0x00,
    0x00, 0x00, 0x00, 0x00, 0x00, 0x00, 0x00, 0x00, 0x00, 0x00, 0x00, 0x00,
    0x64, 0x00, 0x00, 0x00, 0x00, 0x00, 0x00, 0x00, 0x0a, 0x00, 0x00, 0x00,
    0x00, 0x00, 0x00, 0x00, 0x00, 0x00, 0x00, 0x00, 0x00, 0x00, 0x00, 0x00,
    0x00, 0x00, 0x00, 0x00, 0x00, 0x00, 0x00, 0x00, 0xfd, 0xff, 0xff, 0xff,
    0xff, 0xff, 0xff, 0xff, 0xfd, 0xff, 0xff, 0xff, 0xff, 0xff, 0xff, 0xff,
    0x01, 0x00, 0x00, 0x00, 0x1c, 0x00, 0x00, 0x00, 0x06, 0x00, 0x00, 0x00,
    0x34, 0x00, 0x00, 0x00, 0x00, 0x00, 0x00, 0x00, 0x34, 0x00, 0x00, 0x00,
    0x02, 0x00, 0x00, 0x00, 0x00, 0x00, 0x00, 0x01, 0xd1, 0x58, 0x05, 0x01,
    0x21, 0x00, 0x02, 0x01, 0x01, 0x00, 0x01, 0x01, 0x11, 0x0b, 0x04, 0x01,
    0x61, 0x01, 0x03, 0x01, 0x84, 0x16, 0x00, 0x00, 0x4c, 0x00, 0x00, 0x00,
    0x4c, 0x00, 0x00, 0x00, 0x8e, 0xe7, 0x00, 0x00, 0x00, 0x00, 0x00, 0x00,
    0x4c, 0x00, 0x00, 0x00, 0x03, 0x00, 0x00, 0x00, 0x0c, 0x00, 0x6a, 0x00,
    0xb4, 0x01, 0x01, 0x00, 0x00, 0x00, 0x00, 0x06, 0x3c, 0x00, 0x00, 0x03,
    0xe9, 0x00, 0x00, 0x01, 0xa7, 0x01, 0x00, 0x00, 0x0d, 0x02, 0x00, 0x02,
    0x01, 0x04, 0x00, 0x01, 0x13, 0x05, 0x00, 0x00, 0x56, 0x06, 0x00, 0x01,
    0xc7, 0x0b, 0x00, 0x05, 0x3a, 0x0c, 0x00, 0x02, 0xea, 0x0c, 0x00, 0x00,
    0x25, 0x0d, 0x00, 0x03, 0xbc, 0x0d, 0x00, 0x00, 0x33, 0x0e, 0x00, 0x03,
    0x93, 0x0e, 0x00, 0x02, 0xcd, 0x0e, 0x00, 0x00, 0x0e, 0x0f, 0x00, 0x01,
    0xeb, 0x10, 0x00, 0x04, 0x57, 0x11, 0x00, 0x01, 0x42, 0x16, 0x00, 0x03,
    0x85, 0x16, 0x00, 0x01, 0x90, 0x18, 0x00, 0x00, 0xd6, 0x18, 0x00, 0x02,
    0xd5, 0x19, 0x00, 0x03, 0x47, 0x1a, 0x00, 0x00, 0x7c, 0x1a, 0x00, 0x01,
    0xea, 0x1e, 0x00, 0x00, 0x09, 0x1f, 0x00, 0x01, 0x14, 0x20, 0x00, 0x00,
    0xbe, 0x20, 0x00, 0x03, 0xd5, 0x21, 0x00, 0x00, 0xfa, 0x21, 0x00, 0x04,
    0xd6, 0x22, 0x00, 0x00, 0xe5, 0x22, 0x00, 0x03, 0x03, 0x23, 0x00, 0x00,
    0x09, 0x23, 0x00, 0x02, 0x46, 0x23, 0x00, 0x03, 0xa7, 0x23, 0x00, 0x00,
    0x00, 0x24, 0x00, 0x02, 0x45, 0x24, 0x00, 0x00, 0x19, 0x27, 0x00, 0x01,
    0x53, 0x29, 0x00, 0x03, 0xb7, 0x29, 0x00, 0x00, 0x26, 0x2a, 0x00, 0x01,
    0x0f, 0x2d, 0x00, 0x00, 0x47, 0x2d, 0x00, 0x02, 0xd5, 0x2d, 0x00, 0x00,
    0xdd, 0x2d, 0x00, 0x01, 0x26, 0x2f, 0x00, 0x00, 0xc5, 0x2f, 0x00, 0x02,
    0xc9, 0x30, 0x00, 0x01, 0xaa, 0x31, 0x00, 0x02, 0xb8, 0x32, 0x00, 0x00,
    0x20, 0x33, 0x00, 0x01, 0x64, 0x3e, 0x00, 0x05, 0x76, 0x3f, 0x00, 0x04,
    0x6c, 0x41, 0x00, 0x03, 0xdb, 0x41, 0x00, 0x04, 0x52, 0x44, 0x00, 0x02,
    0x9c, 0x44, 0x00, 0x03, 0xd6, 0x44, 0x00, 0x01, 0x64, 0x50, 0x00, 0x02,
    0x03, 0x51, 0x00, 0x03, 0x89, 0x51, 0x00, 0x00, 0x90, 0x52, 0x00, 0x05,
    0x57, 0x53, 0x00, 0x02, 0xca, 0x53, 0x00, 0x00, 0x20, 0x54, 0x00, 0x01,
    0x60, 0x55, 0x00, 0x00, 0x78, 0x55, 0x00, 0x01, 0xcf, 0x56, 0x00, 0x00,
    0x08, 0x57, 0x00, 0x03, 0xa9, 0x57, 0x00, 0x02, 0x05, 0x58, 0x00, 0x04,
    0xdc, 0x59, 0x00, 0x00, 0xf7, 0x59, 0x00, 0x01, 0xfd, 0x5a, 0x00, 0x04,
    0xd0, 0x5b, 0x00, 0x00, 0x50, 0x5c, 0x00, 0x01, 0x4c, 0x85, 0x00, 0x03,
    0x12, 0x86, 0x00, 0x02, 0x67, 0x86, 0x00, 0x03, 0x24, 0x88, 0x00, 0x02,
    0x72, 0x88, 0x00, 0x00, 0xaa, 0x88, 0x00, 0x02, 0xff, 0x89, 0x00, 0x01,
    0xc6, 0x93, 0x00, 0x04, 0xc4, 0x94, 0x00, 0x00, 0x4e, 0x95, 0x00, 0x01,
    0x94, 0x9a, 0x00, 0x00, 0xbf, 0x9a, 0x00, 0x01, 0xa4, 0xa1, 0x00, 0x05,
    0xc0, 0xb4, 0x00, 0x01, 0x88, 0xb7, 0x00, 0x00, 0xc2, 0xb7, 0x00, 0x04,
    0x06, 0xb9, 0x00, 0x01, 0x6c, 0xc7, 0x00, 0x04, 0x90, 0xc9, 0x00, 0x02,
    0x5b, 0xca, 0x00, 0x05, 0x2f, 0xcb, 0x00, 0x02, 0x4e, 0xcd, 0x00, 0x00,
    0x00, 0xce, 0x00, 0x03, 0x51, 0xce, 0x00, 0x00, 0x90, 0xce, 0x00, 0x01,
    0x13, 0xd0, 0x00, 0x00, 0x85, 0xd0, 0x00, 0x03, 0x00, 0x00, 0x00, 0x00,
    0x00, 0x00, 0x00, 0x00, 0x14, 0x00, 0x00, 0x00, 0x00, 0x00, 0x00, 0x00,
    0x01, 0x7a, 0x52, 0x00, 0x01, 0x78, 0x10, 0x01, 0x10, 0x0c, 0x07, 0x08,
    0x90, 0x01, 0x00, 0x00, 0x24, 0x00, 0x00, 0x00, 0x1c, 0x00, 0x00, 0x00,
    0x28, 0x0f, 0xff, 0xff, 0xff, 0xff, 0xff, 0xff, 0xad, 0x00, 0x00, 0x00,
    0x00, 0x00, 0x00, 0x00, 0x00, 0x41, 0x0e, 0x10, 0x86, 0x02, 0x43, 0x0d,
    0x06, 0x42, 0x83, 0x03, 0x00, 0x00, 0x00, 0x00, 0x2c, 0x00, 0x00, 0x00,
    0x44, 0x00, 0x00, 0x00, 0xad, 0x0f, 0xff, 0xff, 0xff, 0xff, 0xff, 0xff,
    0xbe, 0x00, 0x00, 0x00, 0x00, 0x00, 0x00, 0x00, 0x00, 0x41, 0x0e, 0x10,
    0x86, 0x02, 0x43, 0x0d, 0x06, 0x50, 0x83, 0x07, 0x8c, 0x06, 0x8d, 0x05,
    0x8e, 0x04, 0x8f, 0x03, 0x00, 0x00, 0x00, 0x00, 0x24, 0x00, 0x00, 0x00,
    0x74, 0x00, 0x00, 0x00, 0x3b, 0x10, 0xff, 0xff, 0xff, 0xff, 0xff, 0xff,
    0x33, 0x00, 0x00, 0x00, 0x00, 0x00, 0x00, 0x00, 0x00, 0x41, 0x0e, 0x10,
    0x86, 0x02, 0x43, 0x0d, 0x06, 0x00, 0x00, 0x00, 0x00, 0x00, 0x00, 0x00,
    0x24, 0x00, 0x00, 0x00, 0x9c, 0x00, 0x00, 0x00, 0x46, 0x10, 0xff, 0xff,
    0xff, 0xff, 0xff, 0xff, 0x33, 0x00, 0x00, 0x00, 0x00, 0x00, 0x00, 0x00,
    0x00, 0x41, 0x0e, 0x10, 0x86, 0x02, 0x43, 0x0d, 0x06, 0x00, 0x00, 0x00,
    0x00, 0x00, 0x00, 0x00, 0x14, 0x00, 0x00, 0x00, 0x00, 0x00, 0x00, 0x00,
    0x01, 0x7a, 0x52, 0x00, 0x01, 0x78, 0x10, 0x01, 0x10, 0x0c, 0x07, 0x08,
    0x90, 0x01, 0x00, 0x00, 0x24, 0x00, 0x00, 0x00, 0x1c, 0x00, 0x00, 0x00,
    0x39, 0x10, 0xff, 0xff, 0xff, 0xff, 0xff, 0xff, 0xf4, 0x01, 0x00, 0x00,
    0x00, 0x00, 0x00, 0x00, 0x00, 0x41, 0x0e, 0x10, 0x86, 0x02, 0x43, 0x0d,
    0x06, 0x4a, 0x83, 0x04, 0x8e, 0x03, 0x00, 0x00, 0x2c, 0x00, 0x00, 0x00,
    0x44, 0x00, 0x00, 0x00, 0x05, 0x12, 0xff, 0xff, 0xff, 0xff, 0xff, 0xff,
    0x12, 0x01, 0x00, 0x00, 0x00, 0x00, 0x00, 0x00, 0x00, 0x41, 0x0e, 0x10,
    0x86, 0x02, 0x43, 0x0d, 0x06, 0x4d, 0x83, 0x07, 0x8c, 0x06, 0x8d, 0x05,
    0x8e, 0x04, 0x8f, 0x03, 0x00, 0x00, 0x00, 0x00, 0x24, 0x00, 0x00, 0x00,
    0x74, 0x00, 0x00, 0x00, 0xe7, 0x12, 0xff, 0xff, 0xff, 0xff, 0xff, 0xff,
    0xfb, 0x00, 0x00, 0x00, 0x00, 0x00, 0x00, 0x00, 0x00, 0x41, 0x0e, 0x10,
    0x86, 0x02, 0x43, 0x0d, 0x06, 0x00, 0x00, 0x00, 0x00, 0x00, 0x00, 0x00,
    0x24, 0x00, 0x00, 0x00, 0x9c, 0x00, 0x00, 0x00, 0xba, 0x13, 0xff, 0xff,
    0xff, 0xff, 0xff, 0xff, 0x48, 0x00, 0x00, 0x00, 0x00, 0x00, 0x00, 0x00,
    0x00, 0x41, 0x0e, 0x10, 0x86, 0x02, 0x43, 0x0d, 0x06, 0x00, 0x00, 0x00,
    0x00, 0x00, 0x00, 0x00, 0x2c, 0x00, 0x00, 0x00, 0xc4, 0x00, 0x00, 0x00,
    0xda, 0x13, 0xff, 0xff, 0xff, 0xff, 0xff, 0xff, 0x32, 0x03, 0x00, 0x00,
    0x00, 0x00, 0x00, 0x00, 0x00, 0x41, 0x0e, 0x10, 0x86, 0x02, 0x43, 0x0d,
    0x06, 0x50, 0x83, 0x07, 0x8c, 0x06, 0x8d, 0x05, 0x8e, 0x04, 0x8f, 0x03,
    0x00, 0x00, 0x00, 0x00, 0x2c, 0x00, 0x00, 0x00, 0xf4, 0x00, 0x00, 0x00,
    0xdc, 0x16, 0xff, 0xff, 0xff, 0xff, 0xff, 0xff, 0x3f, 0x02, 0x00, 0x00,
    0x00, 0x00, 0x00, 0x00, 0x00, 0x41, 0x0e, 0x10, 0x86, 0x02, 0x43, 0x0d,
    0x06, 0x50, 0x83, 0x07, 0x8c, 0x06, 0x8d, 0x05, 0x8e, 0x04, 0x8f, 0x03,
    0x00, 0x00, 0x00, 0x00, 0x24, 0x00, 0x00, 0x00, 0x24, 0x01, 0x00, 0x00,
    0xeb, 0x18, 0xff, 0xff, 0xff, 0xff, 0xff, 0xff, 0x73, 0x00, 0x00, 0x00,
    0x00, 0x00, 0x00, 0x00, 0x00, 0x41, 0x0e, 0x10, 0x86, 0x02, 0x43, 0x0d,
    0x06, 0x4c, 0x83, 0x05, 0x8e, 0x04, 0x8f, 0x03, 0x24, 0x00, 0x00, 0x00,
    0x4c, 0x01, 0x00, 0x00, 0x36, 0x19, 0xff, 0xff, 0xff, 0xff, 0xff, 0xff,
    0xb0, 0x00, 0x00, 0x00, 0x00, 0x00, 0x00, 0x00, 0x00, 0x41, 0x0e, 0x10,
    0x86, 0x02, 0x43, 0x0d, 0x06, 0x4a, 0x83, 0x04, 0x8e, 0x03, 0x00, 0x00,
    0x24, 0x00, 0x00, 0x00, 0x74, 0x01, 0x00, 0x00, 0xbe, 0x19, 0xff, 0xff,
    0xff, 0xff, 0xff, 0xff, 0x3b, 0x00, 0x00, 0x00, 0x00, 0x00, 0x00, 0x00,
    0x00, 0x41, 0x0e, 0x10, 0x86, 0x02, 0x43, 0x0d, 0x06, 0x00, 0x00, 0x00,
    0x00, 0x00, 0x00, 0x00, 0x14, 0x00, 0x00, 0x00, 0x00, 0x00, 0x00, 0x00,
    0x01, 0x7a, 0x52, 0x00, 0x01, 0x78, 0x10, 0x01, 0x10, 0x0c, 0x07, 0x08,
    0x90, 0x01, 0x00, 0x00, 0x24, 0x00, 0x00, 0x00, 0x1c, 0x00, 0x00, 0x00,
    0xb9, 0x19, 0xff, 0xff, 0xff, 0xff, 0xff, 0xff, 0x97, 0x00, 0x00, 0x00,
    0x00, 0x00, 0x00, 0x00, 0x00, 0x41, 0x0e, 0x10, 0x86, 0x02, 0x43, 0x0d,
    0x06, 0x42, 0x83, 0x03, 0x00, 0x00, 0x00, 0x00, 0x24, 0x00, 0x00, 0x00,
    0x44, 0x00, 0x00, 0x00, 0x28, 0x1a, 0xff, 0xff, 0xff, 0xff, 0xff, 0xff,
    0x18, 0x00, 0x00, 0x00, 0x00, 0x00, 0x00, 0x00, 0x00, 0x41, 0x0e, 0x10,
    0x86, 0x02, 0x43, 0x0d, 0x06, 0x00, 0x00, 0x00, 0x00, 0x00, 0x00, 0x00,
    0x14, 0x00, 0x00, 0x00, 0x00, 0x00, 0x00, 0x00, 0x01, 0x7a, 0x52, 0x00,
    0x01, 0x78, 0x10, 0x01, 0x10, 0x0c, 0x07, 0x08, 0x90, 0x01, 0x00, 0x00,
    0x24, 0x00, 0x00, 0x00, 0x1c, 0x00, 0x00, 0x00, 0x00, 0x1a, 0xff, 0xff,
    0xff, 0xff, 0xff, 0xff, 0x0d, 0x00, 0x00, 0x00, 0x00, 0x00, 0x00, 0x00,
    0x00, 0x41, 0x0e, 0x10, 0x86, 0x02, 0x43, 0x0d, 0x06, 0x00, 0x00, 0x00,
    0x00, 0x00, 0x00, 0x00, 0x24, 0x00, 0x00, 0x00, 0x44, 0x00, 0x00, 0x00,
    0xe5, 0x19, 0xff, 0xff, 0xff, 0xff, 0xff, 0xff, 0x2f, 0x00, 0x00, 0x00,
    0x00, 0x00, 0x00, 0x00, 0x00, 0x41, 0x0e, 0x10, 0x86, 0x02, 0x43, 0x0d,
    0x06, 0x00, 0x00, 0x00, 0x00, 0x00, 0x00, 0x00, 0x24, 0x00, 0x00, 0x00,
    0x6c, 0x00, 0x00, 0x00, 0xec, 0x19, 0xff, 0xff, 0xff, 0xff, 0xff, 0xff,
    0x23, 0x00, 0x00, 0x00, 0x00, 0x00, 0x00, 0x00, 0x00, 0x41, 0x0e, 0x10,
    0x86, 0x02, 0x43, 0x0d, 0x06, 0x00, 0x00, 0x00, 0x00, 0x00, 0x00, 0x00,
    0x24, 0x00, 0x00, 0x00, 0x94, 0x00, 0x00, 0x00, 0xe7, 0x19, 0xff, 0xff,
    0xff, 0xff, 0xff, 0xff, 0x60, 0x00, 0x00, 0x00, 0x00, 0x00, 0x00, 0x00,
    0x00, 0x41, 0x0e, 0x10, 0x86, 0x02, 0x43, 0x0d, 0x06, 0x42, 0x83, 0x03,
    0x00, 0x00, 0x00, 0x00, 0x24, 0x00, 0x00, 0x00, 0xbc, 0x00, 0x00, 0x00,
    0x1f, 0x1a, 0xff, 0xff, 0xff, 0xff, 0xff, 0xff, 0x3a, 0x00, 0x00, 0x00,
    0x00, 0x00, 0x00, 0x00, 0x00, 0x41, 0x0e, 0x10, 0x86, 0x02, 0x43, 0x0d,
    0x06, 0x43, 0x83, 0x04, 0x8e, 0x03, 0x00, 0x00, 0x24, 0x00, 0x00, 0x00,
    0xe4, 0x00, 0x00, 0x00, 0x31, 0x1a, 0xff, 0xff, 0xff, 0xff, 0xff, 0xff,
    0x41, 0x00, 0x00, 0x00, 0x00, 0x00, 0x00, 0x00, 0x00, 0x41, 0x0e, 0x10,
    0x86, 0x02, 0x43, 0x0d, 0x06, 0x00, 0x00, 0x00, 0x00, 0x00, 0x00, 0x00,
    0x14, 0x00, 0x00, 0x00, 0x00, 0x00, 0x00, 0x00, 0x01, 0x7a, 0x52, 0x00,
    0x01, 0x78, 0x10, 0x01, 0x10, 0x0c, 0x07, 0x08, 0x90, 0x01, 0x00, 0x00,
    0x2c, 0x00, 0x00, 0x00, 0x1c, 0x00, 0x00, 0x00, 0x32, 0x1a, 0xff, 0xff,
    0xff, 0xff, 0xff, 0xff, 0xdd, 0x01, 0x00, 0x00, 0x00, 0x00, 0x00, 0x00,
    0x00, 0x41, 0x0e, 0x10, 0x86, 0x02, 0x43, 0x0d, 0x06, 0x4d, 0x83, 0x07,
    0x8c, 0x06, 0x8d, 0x05, 0x8e, 0x04, 0x8f, 0x03, 0x00, 0x00, 0x00, 0x00,
    0x2c, 0x00, 0x00, 0x00, 0x4c, 0x00, 0x00, 0x00, 0xdf, 0x1b, 0xff, 0xff,
    0xff, 0xff, 0xff, 0xff, 0x6c, 0x00, 0x00, 0x00, 0x00, 0x00, 0x00, 0x00,
    0x00, 0x41, 0x0e, 0x10, 0x86, 0x02, 0x43, 0x0d, 0x06, 0x47, 0x83, 0x06,
    0x8c, 0x05, 0x8e, 0x04, 0x8f, 0x03, 0x00, 0x00, 0x00, 0x00, 0x00, 0x00,
    0x14, 0x00, 0x00, 0x00, 0x00, 0x00, 0x00, 0x00, 0x01, 0x7a, 0x52, 0x00,
    0x01, 0x78, 0x10, 0x01, 0x10, 0x0c, 0x07, 0x08, 0x90, 0x01, 0x00, 0x00,
    0x2c, 0x00, 0x00, 0x00, 0x1c, 0x00, 0x00, 0x00, 0x03, 0x1c, 0xff, 0xff,
    0xff, 0xff, 0xff, 0xff, 0xf9, 0x02, 0x00, 0x00, 0x00, 0x00, 0x00, 0x00,
    0x00, 0x41, 0x0e, 0x10, 0x86, 0x02, 0x43, 0x0d, 0x06, 0x4d, 0x83, 0x07,
    0x8c, 0x06, 0x8d, 0x05, 0x8e, 0x04, 0x8f, 0x03, 0x00, 0x00, 0x00, 0x00,
    0x2c, 0x00, 0x00, 0x00, 0x4c, 0x00, 0x00, 0x00, 0xcc, 0x1e, 0xff, 0xff,
    0xff, 0xff, 0xff, 0xff, 0xf2, 0x01, 0x00, 0x00, 0x00, 0x00, 0x00, 0x00,
    0x00, 0x41, 0x0e, 0x10, 0x86, 0x02, 0x43, 0x0d, 0x06, 0x50, 0x83, 0x07,
    0x8c, 0x06, 0x8d, 0x05, 0x8e, 0x04, 0x8f, 0x03, 0x00, 0x00, 0x00, 0x00,
    0x24, 0x00, 0x00, 0x00, 0x7c, 0x00, 0x00, 0x00, 0x8e, 0x20, 0xff, 0xff,
    0xff, 0xff, 0xff, 0xff, 0x43, 0x00, 0x00, 0x00, 0x00, 0x00, 0x00, 0x00,
    0x00, 0x41, 0x0e, 0x10, 0x86, 0x02, 0x43, 0x0d, 0x06, 0x42, 0x83, 0x03,
    0x00, 0x00, 0x00, 0x00, 0x2c, 0x00, 0x00, 0x00, 0xa4, 0x00, 0x00, 0x00,
    0xa9, 0x20, 0xff, 0xff, 0xff, 0xff, 0xff, 0xff, 0x9a, 0x00, 0x00, 0x00,
    0x00, 0x00, 0x00, 0x00, 0x00, 0x41, 0x0e, 0x10, 0x86, 0x02, 0x43, 0x0d,
    0x06, 0x4a, 0x83, 0x07, 0x8c, 0x06, 0x8d, 0x05, 0x8e, 0x04, 0x8f, 0x03,
    0x00, 0x00, 0x00, 0x00, 0x2c, 0x00, 0x00, 0x00, 0xd4, 0x00, 0x00, 0x00,
    0x13, 0x21, 0xff, 0xff, 0xff, 0xff, 0xff, 0xff, 0x71, 0x01, 0x00, 0x00,
    0x00, 0x00, 0x00, 0x00, 0x00, 0x41, 0x0e, 0x10, 0x86, 0x02, 0x43, 0x0d,
    0x06, 0x4d, 0x83, 0x07, 0x8c, 0x06, 0x8d, 0x05, 0x8e, 0x04, 0x8f, 0x03,
    0x00, 0x00, 0x00, 0x00, 0x24, 0x00, 0x00, 0x00, 0x04, 0x01, 0x00, 0x00,
    0x54, 0x22, 0xff, 0xff, 0xff, 0xff, 0xff, 0xff, 0x46, 0x00, 0x00, 0x00,
    0x00, 0x00, 0x00, 0x00, 0x00, 0x41, 0x0e, 0x10, 0x86, 0x02, 0x43, 0x0d,
    0x06, 0x00, 0x00, 0x00, 0x00, 0x00, 0x00, 0x00, 0x24, 0x00, 0x00, 0x00,
    0x2c, 0x01, 0x00, 0x00, 0x72, 0x22, 0xff, 0xff, 0xff, 0xff, 0xff, 0xff,
    0xff, 0x00, 0x00, 0x00, 0x00, 0x00, 0x00, 0x00, 0x00, 0x41, 0x0e, 0x10,
    0x86, 0x02, 0x43, 0x0d, 0x06, 0x43, 0x83, 0x04, 0x8e, 0x03, 0x00, 0x00,
    0x24, 0x00, 0x00, 0x00, 0x54, 0x01, 0x00, 0x00, 0x49, 0x23, 0xff, 0xff,
    0xff, 0xff, 0xff, 0xff, 0x72, 0x00, 0x00, 0x00, 0x00, 0x00, 0x00, 0x00,
    0x00, 0x41, 0x0e, 0x10, 0x86, 0x02, 0x43, 0x0d, 0x06, 0x42, 0x83, 0x03,
    0x00, 0x00, 0x00, 0x00, 0x14, 0x00, 0x00, 0x00, 0x00, 0x00, 0x00, 0x00,
    0x01, 0x7a, 0x52, 0x00, 0x01, 0x78, 0x10, 0x01, 0x10, 0x0c, 0x07, 0x08,
    0x90, 0x01, 0x00, 0x00, 0x24, 0x00, 0x00, 0x00, 0x1c, 0x00, 0x00, 0x00,
    0x7b, 0x23, 0xff, 0xff, 0xff, 0xff, 0xff, 0xff, 0x0d, 0x00, 0x00, 0x00,
    0x00, 0x00, 0x00, 0x00, 0x00, 0x41, 0x0e, 0x10, 0x86, 0x02, 0x43, 0x0d,
    0x06, 0x00, 0x00, 0x00, 0x00, 0x00, 0x00, 0x00, 0x24, 0x00, 0x00, 0x00,
    0x44, 0x00, 0x00, 0x00, 0x60, 0x23, 0xff, 0xff, 0xff, 0xff, 0xff, 0xff,
    0x25, 0x00, 0x00, 0x00, 0x00, 0x00, 0x00, 0x00, 0x00, 0x41, 0x0e, 0x10,
    0x86, 0x02, 0x43, 0x0d, 0x06, 0x00, 0x00, 0x00, 0x00, 0x00, 0x00, 0x00,
    0x14, 0x00, 0x00, 0x00, 0x00, 0x00, 0x00, 0x00, 0x01, 0x7a, 0x52, 0x00,
    0x01, 0x78, 0x10, 0x01, 0x10, 0x0c, 0x07, 0x08, 0x90, 0x01, 0x00, 0x00,
    0x2c, 0x00, 0x00, 0x00, 0x1c, 0x00, 0x00, 0x00, 0x48, 0x23, 0xff, 0xff,
    0xff, 0xff, 0xff, 0xff, 0xdc, 0x02, 0x00, 0x00, 0x00, 0x00, 0x00, 0x00,
    0x00, 0x41, 0x0e, 0x10, 0x86, 0x02, 0x43, 0x0d, 0x06, 0x50, 0x83, 0x07,
    0x8c, 0x06, 0x8d, 0x05, 0x8e, 0x04, 0x8f, 0x03, 0x00, 0x00, 0x00, 0x00,
    0x2c, 0x00, 0x00, 0x00, 0x4c, 0x00, 0x00, 0x00, 0x0c, 0x26, 0xff, 0xff,
    0xff, 0xff, 0xff, 0xff, 0x7a, 0x01, 0x00, 0x00, 0x00, 0x00, 0x00, 0x00,
    0x00, 0x41, 0x0e, 0x10, 0x86, 0x02, 0x43, 0x0d, 0x06, 0x4d, 0x83, 0x07,
    0x8c, 0x06, 0x8d, 0x05, 0x8e, 0x04, 0x8f, 0x03, 0x00, 0x00, 0x00, 0x00,
    0x24, 0x00, 0x00, 0x00, 0x7c, 0x00, 0x00, 0x00, 0x56, 0x27, 0xff, 0xff,
    0xff, 0xff, 0xff, 0xff, 0x1f, 0x00, 0x00, 0x00, 0x00, 0x00, 0x00, 0x00,
    0x00, 0x41, 0x0e, 0x10, 0x86, 0x02, 0x43, 0x0d, 0x06, 0x00, 0x00, 0x00,
    0x00, 0x00, 0x00, 0x00, 0x14, 0x00, 0x00, 0x00, 0x00, 0x00, 0x00, 0x00,
    0x01, 0x7a, 0x52, 0x00, 0x01, 0x78, 0x10, 0x01, 0x10, 0x0c, 0x07, 0x08,
    0x90, 0x01, 0x00, 0x00, 0x2c, 0x00, 0x00, 0x00, 0x1c, 0x00, 0x00, 0x00,
    0x35, 0x27, 0xff, 0xff, 0xff, 0xff, 0xff, 0xff, 0x0b, 0x01, 0x00, 0x00,
    0x00, 0x00, 0x00, 0x00, 0x00, 0x41, 0x0e, 0x10, 0x86, 0x02, 0x43, 0x0d,
    0x06, 0x4d, 0x83, 0x07, 0x8c, 0x06, 0x8d, 0x05, 0x8e, 0x04, 0x8f, 0x03,
    0x00, 0x00, 0x00, 0x00, 0x24, 0x00, 0x00, 0x00, 0x4c, 0x00, 0x00, 0x00,
    0x10, 0x28, 0xff, 0xff, 0xff, 0xff, 0xff, 0xff, 0xaa, 0x00, 0x00, 0x00,
    0x00, 0x00, 0x00, 0x00, 0x00, 0x41, 0x0e, 0x10, 0x86, 0x02, 0x43, 0x0d,
    0x06, 0x00, 0x00, 0x00, 0x00, 0x00, 0x00, 0x00, 0x14, 0x00, 0x00, 0x00,
    0x00, 0x00, 0x00, 0x00, 0x01, 0x7a, 0x52, 0x00, 0x01, 0x78, 0x10, 0x01,
    0x10, 0x0c, 0x07, 0x08, 0x90, 0x01, 0x00, 0x00, 0x24, 0x00, 0x00, 0x00,
    0x1c, 0x00, 0x00, 0x00, 0x7a, 0x28, 0xff, 0xff, 0xff, 0xff, 0xff, 0xff,
    0xb1, 0x00, 0x00, 0x00, 0x00, 0x00, 0x00, 0x00, 0x00, 0x41, 0x0e, 0x10,
    0x86, 0x02, 0x43, 0x0d, 0x06, 0x42, 0x83, 0x03, 0x00, 0x00, 0x00, 0x00,
    0x24, 0x00, 0x00, 0x00, 0x44, 0x00, 0x00, 0x00, 0x03, 0x29, 0xff, 0xff,
    0xff, 0xff, 0xff, 0xff, 0x66, 0x00, 0x00, 0x00, 0x00, 0x00, 0x00, 0x00,
    0x00, 0x41, 0x0e, 0x10, 0x86, 0x02, 0x43, 0x0d, 0x06, 0x42, 0x83, 0x03,
    0x00, 0x00, 0x00, 0x00, 0x24, 0x00, 0x00, 0x00, 0x6c, 0x00, 0x00, 0x00,
    0x41, 0x29, 0xff, 0xff, 0xff, 0xff, 0xff, 0xff, 0x25, 0x00, 0x00, 0x00,
    0x00, 0x00, 0x00, 0x00, 0x00, 0x41, 0x0e, 0x10, 0x86, 0x02, 0x43, 0x0d,
    0x06, 0x00, 0x00, 0x00, 0x00, 0x00, 0x00, 0x00, 0x2c, 0x00, 0x00, 0x00,
    0x94, 0x00, 0x00, 0x00, 0x3e, 0x29, 0xff, 0xff, 0xff, 0xff, 0xff, 0xff,
    0xdc, 0x00, 0x00, 0x00, 0x00, 0x00, 0x00, 0x00, 0x00, 0x41, 0x0e, 0x10,
    0x86, 0x02, 0x43, 0x0d, 0x06, 0x47, 0x83, 0x06, 0x8c, 0x05, 0x8e, 0x04,
    0x8f, 0x03, 0x00, 0x00, 0x00, 0x00, 0x00, 0x00, 0x24, 0x00, 0x00, 0x00,
    0xc4, 0x00, 0x00, 0x00, 0xea, 0x29, 0xff, 0xff, 0xff, 0xff, 0xff, 0xff,
    0x0f, 0x00, 0x00, 0x00, 0x00, 0x00, 0x00, 0x00, 0x00, 0x41, 0x0e, 0x10,
    0x86, 0x02, 0x43, 0x0d, 0x06, 0x00, 0x00, 0x00, 0x00, 0x00, 0x00, 0x00,
    0x24, 0x00, 0x00, 0x00, 0xec, 0x00, 0x00, 0x00, 0xd1, 0x29, 0xff, 0xff,
    0xff, 0xff, 0xff, 0xff, 0x1e, 0x00, 0x00, 0x00, 0x00, 0x00, 0x00, 0x00,
    0x00, 0x41, 0x0e, 0x10, 0x86, 0x02, 0x43, 0x0d, 0x06, 0x42, 0x83, 0x03,
    0x00, 0x00, 0x00, 0x00, 0x24, 0x00, 0x00, 0x00, 0x14, 0x01, 0x00, 0x00,
    0xc7, 0x29, 0xff, 0xff, 0xff, 0xff, 0xff, 0xff, 0x06, 0x00, 0x00, 0x00,
    0x00, 0x00, 0x00, 0x00, 0x00, 0x41, 0x0e, 0x10, 0x86, 0x02, 0x43, 0x0d,
    0x06, 0x00, 0x00, 0x00, 0x00, 0x00, 0x00, 0x00, 0x24, 0x00, 0x00, 0x00,
    0x3c, 0x01, 0x00, 0x00, 0xa5, 0x29, 0xff, 0xff, 0xff, 0xff, 0xff, 0xff,
    0x3d, 0x00, 0x00, 0x00, 0x00, 0x00, 0x00, 0x00, 0x00, 0x41, 0x0e, 0x10,
    0x86, 0x02, 0x43, 0x0d, 0x06, 0x43, 0x83, 0x04, 0x8e, 0x03, 0x00, 0x00,
    0x24, 0x00, 0x00, 0x00, 0x64, 0x01, 0x00, 0x00, 0xba, 0x29, 0xff, 0xff,
    0xff, 0xff, 0xff, 0xff, 0x61, 0x00, 0x00, 0x00, 0x00, 0x00, 0x00, 0x00,
    0x00, 0x41, 0x0e, 0x10, 0x86, 0x02, 0x43, 0x0d, 0x06, 0x42, 0x83, 0x03,
    0x00, 0x00, 0x00, 0x00, 0x14, 0x00, 0x00, 0x00, 0x00, 0x00, 0x00, 0x00,
    0x01, 0x7a, 0x52, 0x00, 0x01, 0x78, 0x10, 0x01, 0x10, 0x0c, 0x07, 0x08,
    0x90, 0x01, 0x00, 0x00, 0x24, 0x00, 0x00, 0x00, 0x1c, 0x00, 0x00, 0x00,
    0xdb, 0x29, 0xff, 0xff, 0xff, 0xff, 0xff, 0xff, 0x59, 0x00, 0x00, 0x00,
    0x00, 0x00, 0x00, 0x00, 0x00, 0x41, 0x0e, 0x10, 0x86, 0x02, 0x43, 0x0d,
    0x06, 0x00, 0x00, 0x00, 0x00, 0x00, 0x00, 0x00, 0x24, 0x00, 0x00, 0x00,
    0x44, 0x00, 0x00, 0x00, 0x0c, 0x2a, 0xff, 0xff, 0xff, 0xff, 0xff, 0xff,
    0x45, 0x00, 0x00, 0x00, 0x00, 0x00, 0x00, 0x00, 0x00, 0x41, 0x0e, 0x10,
    0x86, 0x02, 0x43, 0x0d, 0x06, 0x43, 0x83, 0x04, 0x8e, 0x03, 0x00, 0x00,
    0x24, 0x00, 0x00, 0x00, 0x6c, 0x00, 0x00, 0x00, 0x29, 0x2a, 0xff, 0xff,
    0xff, 0xff, 0xff, 0xff, 0x5e, 0x00, 0x00, 0x00, 0x00, 0x00, 0x00, 0x00,
    0x00, 0x41, 0x0e, 0x10, 0x86, 0x02, 0x43, 0x0d, 0x06, 0x00, 0x00, 0x00,
    0x00, 0x00, 0x00, 0x00, 0x24, 0x00, 0x00, 0x00, 0x94, 0x00, 0x00, 0x00,
    0x5f, 0x2a, 0xff, 0xff, 0xff, 0xff, 0xff, 0xff, 0x2a, 0x00, 0x00, 0x00,
    0x00, 0x00, 0x00, 0x00, 0x00, 0x41, 0x0e, 0x10, 0x86, 0x02, 0x43, 0x0d,
    0x06, 0x00, 0x00, 0x00, 0x00, 0x00, 0x00, 0x00, 0x24, 0x00, 0x00, 0x00,
    0xbc, 0x00, 0x00, 0x00, 0x61, 0x2a, 0xff, 0xff, 0xff, 0xff, 0xff, 0xff,
    0x1a, 0x00, 0x00, 0x00, 0x00, 0x00, 0x00, 0x00, 0x00, 0x41, 0x0e, 0x10,
    0x86, 0x02, 0x43, 0x0d, 0x06, 0x00, 0x00, 0x00, 0x00, 0x00, 0x00, 0x00,
    0x24, 0x00, 0x00, 0x00, 0xe4, 0x00, 0x00, 0x00, 0x53, 0x2a, 0xff, 0xff,
    0xff, 0xff, 0xff, 0xff, 0xd8, 0x01, 0x00, 0x00, 0x00, 0x00, 0x00, 0x00,
    0x00, 0x41, 0x0e, 0x10, 0x86, 0x02, 0x43, 0x0d, 0x06, 0x00, 0x00, 0x00,
    0x00, 0x00, 0x00, 0x00, 0x24, 0x00, 0x00, 0x00, 0x0c, 0x01, 0x00, 0x00,
    0x03, 0x2c, 0xff, 0xff, 0xff, 0xff, 0xff, 0xff, 0x5a, 0x00, 0x00, 0x00,
    0x00, 0x00, 0x00, 0x00, 0x00, 0x41, 0x0e, 0x10, 0x86, 0x02, 0x43, 0x0d,
    0x06, 0x00, 0x00, 0x00, 0x00, 0x00, 0x00, 0x00, 0x14, 0x00, 0x00, 0x00,
    0x00, 0x00, 0x00, 0x00, 0x01, 0x7a, 0x52, 0x00, 0x01, 0x78, 0x10, 0x01,
    0x10, 0x0c, 0x07, 0x08, 0x90, 0x01, 0x00, 0x00, 0x2c, 0x00, 0x00, 0x00,
    0x1c, 0x00, 0x00, 0x00, 0x1d, 0x2c, 0xff, 0xff, 0xff, 0xff, 0xff, 0xff,
    0x3a, 0x02, 0x00, 0x00, 0x00, 0x00, 0x00, 0x00, 0x00, 0x41, 0x0e, 0x10,
    0x86, 0x02, 0x43, 0x0d, 0x06, 0x4d, 0x83, 0x07, 0x8c, 0x06, 0x8d, 0x05,
    0x8e, 0x04, 0x8f, 0x03, 0x00, 0x00, 0x00, 0x00, 0x24, 0x00, 0x00, 0x00,
    0x4c, 0x00, 0x00, 0x00, 0x27, 0x2e, 0xff, 0xff, 0xff, 0xff, 0xff, 0xff,
    0x64, 0x00, 0x00, 0x00, 0x00, 0x00, 0x00, 0x00, 0x00, 0x41, 0x0e, 0x10,
    0x86, 0x02, 0x43, 0x0d, 0x06, 0x45, 0x83, 0x03, 0x00, 0x00, 0x00, 0x00,
    0x24, 0x00, 0x00, 0x00, 0x74, 0x00, 0x00, 0x00, 0x63, 0x2e, 0xff, 0xff,
    0xff, 0xff, 0xff, 0xff, 0x24, 0x00, 0x00, 0x00, 0x00, 0x00, 0x00, 0x00,
    0x00, 0x41, 0x0e, 0x10, 0x86, 0x02, 0x43, 0x0d, 0x06, 0x00, 0x00, 0x00,
    0x00, 0x00, 0x00, 0x00, 0x24, 0x00, 0x00, 0x00, 0x9c, 0x00, 0x00, 0x00,
    0x5f, 0x2e, 0xff, 0xff, 0xff, 0xff, 0xff, 0xff, 0x08, 0x00, 0x00, 0x00,
    0x00, 0x00, 0x00, 0x00, 0x00, 0x41, 0x0e, 0x10, 0x86, 0x02, 0x43, 0x0d,
    0x06, 0x00, 0x00, 0x00, 0x00, 0x00, 0x00, 0x00, 0x24, 0x00, 0x00, 0x00,
    0xc4, 0x00, 0x00, 0x00, 0x3f, 0x2e, 0xff, 0xff, 0xff, 0xff, 0xff, 0xff,
    0x43, 0x00, 0x00, 0x00, 0x00, 0x00, 0x00, 0x00, 0x00, 0x41, 0x0e, 0x10,
    0x86, 0x02, 0x43, 0x0d, 0x06, 0x00, 0x00, 0x00, 0x00, 0x00, 0x00, 0x00,
    0x2c, 0x00, 0x00, 0x00, 0xec, 0x00, 0x00, 0x00, 0x5a, 0x2e, 0xff, 0xff,
    0xff, 0xff, 0xff, 0xff, 0xe9, 0x02, 0x00, 0x00, 0x00, 0x00, 0x00, 0x00,
    0x00, 0x41, 0x0e, 0x10, 0x86, 0x02, 0x43, 0x0d, 0x06, 0x4a, 0x83, 0x07,
    0x8c, 0x06, 0x8d, 0x05, 0x8e, 0x04, 0x8f, 0x03, 0x00, 0x00, 0x00, 0x00,
    0x24, 0x00, 0x00, 0x00, 0x1c, 0x01, 0x00, 0x00, 0x13, 0x31, 0xff, 0xff,
    0xff, 0xff, 0xff, 0xff, 0x38, 0x00, 0x00, 0x00, 0x00, 0x00, 0x00, 0x00,
    0x00, 0x41, 0x0e, 0x10, 0x86, 0x02, 0x43, 0x0d, 0x06, 0x00, 0x00, 0x00,
    0x00, 0x00, 0x00, 0x00, 0x24, 0x00, 0x00, 0x00, 0x44, 0x01, 0x00, 0x00,
    0x23, 0x31, 0xff, 0xff, 0xff, 0xff, 0xff, 0xff, 0x8e, 0x00, 0x00, 0x00,
    0x00, 0x00, 0x00, 0x00, 0x00, 0x41, 0x0e, 0x10, 0x86, 0x02, 0x43, 0x0d,
    0x06, 0x43, 0x83, 0x04, 0x8e, 0x03, 0x00, 0x00, 0x24, 0x00, 0x00, 0x00,
    0x6c, 0x01, 0x00, 0x00, 0x89, 0x31, 0xff, 0xff, 0xff, 0xff, 0xff, 0xff,
    0x08, 0x00, 0x00, 0x00, 0x00, 0x00, 0x00, 0x00, 0x00, 0x41, 0x0e, 0x10,
    0x86, 0x02, 0x43, 0x0d, 0x06, 0x00, 0x00, 0x00, 0x00, 0x00, 0x00, 0x00,
    0x14, 0x00, 0x00, 0x00, 0x00, 0x00, 0x00, 0x00, 0x01, 0x7a, 0x52, 0x00,
    0x01, 0x78, 0x10, 0x01, 0x10, 0x0c, 0x07, 0x08, 0x90, 0x01, 0x00, 0x00,
    0x2c, 0x00, 0x00, 0x00, 0x1c, 0x00, 0x00, 0x00, 0x51, 0x31, 0xff, 0xff,
    0xff, 0xff, 0xff, 0xff, 0x49, 0x01, 0x00, 0x00, 0x00, 0x00, 0x00, 0x00,
    0x00, 0x41, 0x0e, 0x10, 0x86, 0x02, 0x43, 0x0d, 0x06, 0x4d, 0x83, 0x07,
    0x8c, 0x06, 0x8d, 0x05, 0x8e, 0x04, 0x8f, 0x03, 0x00, 0x00, 0x00, 0x00,
    0x24, 0x00, 0x00, 0x00, 0x4c, 0x00, 0x00, 0x00, 0x6a, 0x32, 0xff, 0xff,
    0xff, 0xff, 0xff, 0xff, 0x9f, 0x00, 0x00, 0x00, 0x00, 0x00, 0x00, 0x00,
    0x00, 0x41, 0x0e, 0x10, 0x86, 0x02, 0x43, 0x0d, 0x06, 0x00, 0x00, 0x00,
    0x00, 0x00, 0x00, 0x00, 0x24, 0x00, 0x00, 0x00, 0x74, 0x00, 0x00, 0x00,
    0xe1, 0x32, 0xff, 0xff, 0xff, 0xff, 0xff, 0xff, 0x04, 0x01, 0x00, 0x00,
    0x00, 0x00, 0x00, 0x00, 0x00, 0x41, 0x0e, 0x10, 0x86, 0x02, 0x43, 0x0d,
    0x06, 0x43, 0x83, 0x04, 0x8e, 0x03, 0x00, 0x00, 0x2c, 0x00, 0x00, 0x00,
    0x9c, 0x00, 0x00, 0x00, 0xbd, 0x33, 0xff, 0xff, 0xff, 0xff, 0xff, 0xff,
    0xe1, 0x00, 0x00, 0x00, 0x00, 0x00, 0x00, 0x00, 0x00, 0x41, 0x0e, 0x10,
    0x86, 0x02, 0x43, 0x0d, 0x06, 0x4d, 0x83, 0x07, 0x8c, 0x06, 0x8d, 0x05,
    0x8e, 0x04, 0x8f, 0x03, 0x00, 0x00, 0x00, 0x00, 0x24, 0x00, 0x00, 0x00,
    0xcc, 0x00, 0x00, 0x00, 0x6e, 0x34, 0xff, 0xff, 0xff, 0xff, 0xff, 0xff,
    0x0e, 0x01, 0x00, 0x00, 0x00, 0x00, 0x00, 0x00, 0x00, 0x41, 0x0e, 0x10,
    0x86, 0x02, 0x43, 0x0d, 0x06, 0x43, 0x83, 0x04, 0x8e, 0x03, 0x00, 0x00,
    0x24, 0x00, 0x00, 0x00, 0xf4, 0x00, 0x00, 0x00, 0x54, 0x35, 0xff, 0xff,
    0xff, 0xff, 0xff, 0xff, 0x66, 0x00, 0x00, 0x00, 0x00, 0x00, 0x00, 0x00,
    0x00, 0x41, 0x0e, 0x10, 0x86, 0x02, 0x43, 0x0d, 0x06, 0x00, 0x00, 0x00,
    0x00, 0x00, 0x00, 0x00, 0x14, 0x00, 0x00, 0x00, 0x00, 0x00, 0x00, 0x00,
    0x01, 0x7a, 0x52, 0x00, 0x01, 0x78, 0x10, 0x01, 0x10, 0x0c, 0x07, 0x08,
    0x90, 0x01, 0x00, 0x00, 0x2c, 0x00, 0x00, 0x00, 0x1c, 0x00, 0x00, 0x00,
    0x7c, 0x35, 0xff, 0xff, 0xff, 0xff, 0xff, 0xff, 0x17, 0x0b, 0x00, 0x00,
    0x00, 0x00, 0x00, 0x00, 0x00, 0x41, 0x0e, 0x10, 0x86, 0x02, 0x43, 0x0d,
    0x06, 0x50, 0x83, 0x07, 0x8c, 0x06, 0x8d, 0x05, 0x8e, 0x04, 0x8f, 0x03,
    0x00, 0x00, 0x00, 0x00, 0x24, 0x00, 0x00, 0x00, 0x4c, 0x00, 0x00, 0x00,
    0x90, 0x40, 0xff, 0xff, 0xff, 0xff, 0xff, 0xff, 0x12, 0x01, 0x00, 0x00,
    0x00, 0x00, 0x00, 0x00, 0x00, 0x41, 0x0e, 0x10, 0x86, 0x02, 0x43, 0x0d,
    0x06, 0x46, 0x83, 0x05, 0x8e, 0x04, 0x8f, 0x03, 0x2c, 0x00, 0x00, 0x00,
    0x74, 0x00, 0x00, 0x00, 0x7a, 0x41, 0xff, 0xff, 0xff, 0xff, 0xff, 0xff,
    0xf6, 0x01, 0x00, 0x00, 0x00, 0x00, 0x00, 0x00, 0x00, 0x41, 0x0e, 0x10,
    0x86, 0x02, 0x43, 0x0d, 0x06, 0x47, 0x83, 0x06, 0x8c, 0x05, 0x8e, 0x04,
    0x8f, 0x03, 0x00, 0x00, 0x00, 0x00, 0x00, 0x00, 0x24, 0x00, 0x00, 0x00,
    0xa4, 0x00, 0x00, 0x00, 0x40, 0x43, 0xff, 0xff, 0xff, 0xff, 0xff, 0xff,
    0x6f, 0x00, 0x00, 0x00, 0x00, 0x00, 0x00, 0x00, 0x00, 0x41, 0x0e, 0x10,
    0x86, 0x02, 0x43, 0x0d, 0x06, 0x42, 0x83, 0x03, 0x00, 0x00, 0x00, 0x00,
    0x2c, 0x00, 0x00, 0x00, 0xcc, 0x00, 0x00, 0x00, 0x87, 0x43, 0xff, 0xff,
    0xff, 0xff, 0xff, 0xff, 0x0a, 0x01, 0x00, 0x00, 0x00, 0x00, 0x00, 0x00,
    0x00, 0x41, 0x0e, 0x10, 0x86, 0x02, 0x43, 0x0d, 0x06, 0x47, 0x83, 0x06,
    0x8c, 0x05, 0x8e, 0x04, 0x8f, 0x03, 0x00, 0x00, 0x00, 0x00, 0x00, 0x00,
    0x2c, 0x00, 0x00, 0x00, 0xfc, 0x00, 0x00, 0x00, 0x61, 0x44, 0xff, 0xff,
    0xff, 0xff, 0xff, 0xff, 0x6d, 0x01, 0x00, 0x00, 0x00, 0x00, 0x00, 0x00,
    0x00, 0x41, 0x0e, 0x10, 0x86, 0x02, 0x43, 0x0d, 0x06, 0x47, 0x83, 0x06,
    0x8c, 0x05, 0x8e, 0x04, 0x8f, 0x03, 0x00, 0x00, 0x00, 0x00, 0x00, 0x00,
    0x24, 0x00, 0x00, 0x00, 0x2c, 0x01, 0x00, 0x00, 0x9e, 0x45, 0xff, 0xff,
    0xff, 0xff, 0xff, 0xff, 0x4a, 0x00, 0x00, 0x00, 0x00, 0x00, 0x00, 0x00,
    0x00, 0x41, 0x0e, 0x10, 0x86, 0x02, 0x43, 0x0d, 0x06, 0x43, 0x83, 0x04,
    0x8e, 0x03, 0x00, 0x00, 0x24, 0x00, 0x00, 0x00, 0x54, 0x01, 0x00, 0x00,
    0xc0, 0x45, 0xff, 0xff, 0xff, 0xff, 0xff, 0xff, 0x3a, 0x00, 0x00, 0x00,
    0x00, 0x00, 0x00, 0x00, 0x00, 0x41, 0x0e, 0x10, 0x86, 0x02, 0x43, 0x0d,
    0x06, 0x42, 0x83, 0x03, 0x00, 0x00, 0x00, 0x00, 0x2c, 0x00, 0x00, 0x00,
    0x7c, 0x01, 0x00, 0x00, 0xd2, 0x45, 0xff, 0xff, 0xff, 0xff, 0xff, 0xff,
    0x8e, 0x0b, 0x00, 0x00, 0x00, 0x00, 0x00, 0x00, 0x00, 0x41, 0x0e, 0x10,
    0x86, 0x02, 0x43, 0x0d, 0x06, 0x50, 0x83, 0x07, 0x8c, 0x06, 0x8d, 0x05,
    0x8e, 0x04, 0x8f, 0x03, 0x00, 0x00, 0x00, 0x00, 0x24, 0x00, 0x00, 0x00,
    0xac, 0x01, 0x00, 0x00, 0x30, 0x51, 0xff, 0xff, 0xff, 0xff, 0xff, 0xff,
    0x9f, 0x00, 0x00, 0x00, 0x00, 0x00, 0x00, 0x00, 0x00, 0x41, 0x0e, 0x10,
    0x86, 0x02, 0x43, 0x0d, 0x06, 0x43, 0x83, 0x04, 0x8e, 0x03, 0x00, 0x00,
    0x24, 0x00, 0x00, 0x00, 0xd4, 0x01, 0x00, 0x00, 0xa7, 0x51, 0xff, 0xff,
    0xff, 0xff, 0xff, 0xff, 0x86, 0x00, 0x00, 0x00, 0x00, 0x00, 0x00, 0x00,
    0x00, 0x41, 0x0e, 0x10, 0x86, 0x02, 0x43, 0x0d, 0x06, 0x42, 0x83, 0x03,
    0x00, 0x00, 0x00, 0x00, 0x14, 0x00, 0x00, 0x00, 0x00, 0x00, 0x00, 0x00,
    0x01, 0x7a, 0x52, 0x00, 0x01, 0x78, 0x10, 0x01, 0x10, 0x0c, 0x07, 0x08,
    0x90, 0x01, 0x00, 0x00, 0x24, 0x00, 0x00, 0x00, 0x1c, 0x00, 0x00, 0x00,
    0xed, 0x51, 0xff, 0xff, 0xff, 0xff, 0xff, 0xff, 0x07, 0x01, 0x00, 0x00,
    0x00, 0x00, 0x00, 0x00, 0x00, 0x41, 0x0e, 0x10, 0x86, 0x02, 0x43, 0x0d,
    0x06, 0x00, 0x00, 0x00, 0x00, 0x00, 0x00, 0x00, 0x24, 0x00, 0x00, 0x00,
    0x44, 0x00, 0x00, 0x00, 0xcc, 0x52, 0xff, 0xff, 0xff, 0xff, 0xff, 0xff,
    0xc7, 0x00, 0x00, 0x00, 0x00, 0x00, 0x00, 0x00, 0x00, 0x41, 0x0e, 0x10,
    0x86, 0x02, 0x43, 0x0d, 0x06, 0x46, 0x83, 0x05, 0x8e, 0x04, 0x8f, 0x03,
    0x24, 0x00, 0x00, 0x00, 0x6c, 0x00, 0x00, 0x00, 0x6b, 0x53, 0xff, 0xff,
    0xff, 0xff, 0xff, 0xff, 0x73, 0x00, 0x00, 0x00, 0x00, 0x00, 0x00, 0x00,
    0x00, 0x41, 0x0e, 0x10, 0x86, 0x02, 0x43, 0x0d, 0x06, 0x43, 0x83, 0x04,
    0x8e, 0x03, 0x00, 0x00, 0x24, 0x00, 0x00, 0x00, 0x94, 0x00, 0x00, 0x00,
    0xb6, 0x53, 0xff, 0xff, 0xff, 0xff, 0xff, 0xff, 0x3c, 0x00, 0x00, 0x00,
    0x00, 0x00, 0x00, 0x00, 0x00, 0x41, 0x0e, 0x10, 0x86, 0x02, 0x43, 0x0d,
    0x06, 0x00, 0x00, 0x00, 0x00, 0x00, 0x00, 0x00, 0x14, 0x00, 0x00, 0x00,
    0x00, 0x00, 0x00, 0x00, 0x01, 0x7a, 0x52, 0x00, 0x01, 0x78, 0x10, 0x01,
    0x10, 0x0c, 0x07, 0x08, 0x90, 0x01, 0x00, 0x00, 0x24, 0x00, 0x00, 0x00,
    0x1c, 0x00, 0x00, 0x00, 0xb2, 0x53, 0xff, 0xff, 0xff, 0xff, 0xff, 0xff,
    0x1a, 0x00, 0x00, 0x00, 0x00, 0x00, 0x00, 0x00, 0x00, 0x41, 0x0e, 0x10,
    0x86, 0x02, 0x43, 0x0d, 0x06, 0x00, 0x00, 0x00, 0x00, 0x00, 0x00, 0x00,
    0x2c, 0x00, 0x00, 0x00, 0x44, 0x00, 0x00, 0x00, 0xa4, 0x53, 0xff, 0xff,
    0xff, 0xff, 0xff, 0xff, 0x40, 0x01, 0x00, 0x00, 0x00, 0x00, 0x00, 0x00,
    0x00, 0x41, 0x0e, 0x10, 0x86, 0x02, 0x43, 0x0d, 0x06, 0x4a, 0x83, 0x07,
    0x8c, 0x06, 0x8d, 0x05, 0x8e, 0x04, 0x8f, 0x03, 0x00, 0x00, 0x00, 0x00,
    0x24, 0x00, 0x00, 0x00, 0x74, 0x00, 0x00, 0x00, 0xb4, 0x54, 0xff, 0xff,
    0xff, 0xff, 0xff, 0xff, 0x18, 0x00, 0x00, 0x00, 0x00, 0x00, 0x00, 0x00,
    0x00, 0x41, 0x0e, 0x10, 0x86, 0x02, 0x43, 0x0d, 0x06, 0x00, 0x00, 0x00,
    0x00, 0x00, 0x00, 0x00, 0x2c, 0x00, 0x00, 0x00, 0x9c, 0x00, 0x00, 0x00,
    0xa4, 0x54, 0xff, 0xff, 0xff, 0xff, 0xff, 0xff, 0x57, 0x01, 0x00, 0x00,
    0x00, 0x00, 0x00, 0x00, 0x00, 0x41, 0x0e, 0x10, 0x86, 0x02, 0x43, 0x0d,
    0x06, 0x4a, 0x83, 0x07, 0x8c, 0x06, 0x8d, 0x05, 0x8e, 0x04, 0x8f, 0x03,
    0x00, 0x00, 0x00, 0x00, 0x14, 0x00, 0x00, 0x00, 0x00, 0x00, 0x00, 0x00,
    0x01, 0x7a, 0x52, 0x00, 0x01, 0x78, 0x10, 0x01, 0x10, 0x0c, 0x07, 0x08,
    0x90, 0x01, 0x00, 0x00, 0x24, 0x00, 0x00, 0x00, 0x1c, 0x00, 0x00, 0x00,
    0xb3, 0x55, 0xff, 0xff, 0xff, 0xff, 0xff, 0xff, 0x14, 0x00, 0x00, 0x00,
    0x00, 0x00, 0x00, 0x00, 0x00, 0x41, 0x0e, 0x10, 0x86, 0x02, 0x43, 0x0d,
    0x06, 0x00, 0x00, 0x00, 0x00, 0x00, 0x00, 0x00, 0x24, 0x00, 0x00, 0x00,
    0x44, 0x00, 0x00, 0x00, 0x9f, 0x55, 0xff, 0xff, 0xff, 0xff, 0xff, 0xff,
    0x25, 0x00, 0x00, 0x00, 0x00, 0x00, 0x00, 0x00, 0x00, 0x41, 0x0e, 0x10,
    0x86, 0x02, 0x43, 0x0d, 0x06, 0x00, 0x00, 0x00, 0x00, 0x00, 0x00, 0x00,
    0x24, 0x00, 0x00, 0x00, 0x6c, 0x00, 0x00, 0x00, 0x9c, 0x55, 0xff, 0xff,
    0xff, 0xff, 0xff, 0xff, 0xa1, 0x00, 0x00, 0x00, 0x00, 0x00, 0x00, 0x00,
    0x00, 0x41, 0x0e, 0x10, 0x86, 0x02, 0x43, 0x0d, 0x06, 0x42, 0x83, 0x03,
    0x00, 0x00, 0x00, 0x00, 0x24, 0x00, 0x00, 0x00, 0x94, 0x00, 0x00, 0x00,
    0x15, 0x56, 0xff, 0xff, 0xff, 0xff, 0xff, 0xff, 0x5c, 0x00, 0x00, 0x00,
    0x00, 0x00, 0x00, 0x00, 0x00, 0x41, 0x0e, 0x10, 0x86, 0x02, 0x43, 0x0d,
    0x06, 0x43, 0x83, 0x04, 0x8e, 0x03, 0x00, 0x00, 0x2c, 0x00, 0x00, 0x00,
    0xbc, 0x00, 0x00, 0x00, 0x49, 0x56, 0xff, 0xff, 0xff, 0xff, 0xff, 0xff,
    0xd7, 0x01, 0x00, 0x00, 0x00, 0x00, 0x00, 0x00, 0x00, 0x41, 0x0e, 0x10,
    0x86, 0x02, 0x43, 0x0d, 0x06, 0x47, 0x83, 0x06, 0x8c, 0x05, 0x8e, 0x04,
    0x8f, 0x03, 0x00, 0x00, 0x00, 0x00, 0x00, 0x00, 0x24, 0x00, 0x00, 0x00,
    0xec, 0x00, 0x00, 0x00, 0xf0, 0x57, 0xff, 0xff, 0xff, 0xff, 0xff, 0xff,
    0x1b, 0x00, 0x00, 0x00, 0x00, 0x00, 0x00, 0x00, 0x00, 0x41, 0x0e, 0x10,
    0x86, 0x02, 0x43, 0x0d, 0x06, 0x00, 0x00, 0x00, 0x00, 0x00, 0x00, 0x00,
    0x2c, 0x00, 0x00, 0x00, 0x14, 0x01, 0x00, 0x00, 0xe3, 0x57, 0xff, 0xff,
    0xff, 0xff, 0xff, 0xff, 0x06, 0x01, 0x00, 0x00, 0x00, 0x00, 0x00, 0x00,
    0x00, 0x41, 0x0e, 0x10, 0x86, 0x02, 0x43, 0x0d, 0x06, 0x4a, 0x83, 0x07,
    0x8c, 0x06, 0x8d, 0x05, 0x8e, 0x04, 0x8f, 0x03, 0x00, 0x00, 0x00, 0x00,
    0x2c, 0x00, 0x00, 0x00, 0x44, 0x01, 0x00, 0x00, 0xb9, 0x58, 0xff, 0xff,
    0xff, 0xff, 0xff, 0xff, 0xd3, 0x00, 0x00, 0x00, 0x00, 0x00, 0x00, 0x00,
    0x00, 0x41, 0x0e, 0x10, 0x86, 0x02, 0x43, 0x0d, 0x06, 0x4e, 0x83, 0x06,
    0x8c, 0x05, 0x8e, 0x04, 0x8f, 0x03, 0x00, 0x00, 0x00, 0x00, 0x00, 0x00,
    0x24, 0x00, 0x00, 0x00, 0x74, 0x01, 0x00, 0x00, 0x5c, 0x59, 0xff, 0xff,
    0xff, 0xff, 0xff, 0xff, 0x4a, 0x00, 0x00, 0x00, 0x00, 0x00, 0x00, 0x00,
    0x00, 0x41, 0x0e, 0x10, 0x86, 0x02, 0x43, 0x0d, 0x06, 0x00, 0x00, 0x00,
    0x00, 0x00, 0x00, 0x00, 0x14, 0x00, 0x00, 0x00, 0x00, 0x00, 0x00, 0x00,
    0x01, 0x7a, 0x52, 0x00, 0x01, 0x78, 0x10, 0x01, 0x10, 0x0c, 0x07, 0x08,
    0x90, 0x01, 0x00, 0x00, 0x24, 0x00, 0x00, 0x00, 0x1c, 0x00, 0x00, 0x00,
    0x66, 0x59, 0xff, 0xff, 0xff, 0xff, 0xff, 0xff, 0x36, 0x00, 0x00, 0x00,
    0x00, 0x00, 0x00, 0x00, 0x00, 0x41, 0x0e, 0x10, 0x86, 0x02, 0x43, 0x0d,
    0x06, 0x00, 0x00, 0x00, 0x00, 0x00, 0x00, 0x00, 0x2c, 0x00, 0x00, 0x00,
    0x44, 0x00, 0x00, 0x00, 0x74, 0x59, 0xff, 0xff, 0xff, 0xff, 0xff, 0xff,
    0xf9, 0x28, 0x00, 0x00, 0x00, 0x00, 0x00, 0x00, 0x00, 0x41, 0x0e, 0x10,
    0x86, 0x02, 0x43, 0x0d, 0x06, 0x50, 0x83, 0x07, 0x8c, 0x06, 0x8d, 0x05,
    0x8e, 0x04, 0x8f, 0x03, 0x00, 0x00, 0x00, 0x00, 0x14, 0x00, 0x00, 0x00,
    0x00, 0x00, 0x00, 0x00, 0x01, 0x7a, 0x52, 0x00, 0x01, 0x78, 0x10, 0x01,
    0x10, 0x0c, 0x07, 0x08, 0x90, 0x01, 0x00, 0x00, 0x24, 0x00, 0x00, 0x00,
    0x1c, 0x00, 0x00, 0x00, 0x28, 0x82, 0xff, 0xff, 0xff, 0xff, 0xff, 0xff,
    0xc6, 0x00, 0x00, 0x00, 0x00, 0x00, 0x00, 0x00, 0x00, 0x41, 0x0e, 0x10,
    0x86, 0x02, 0x43, 0x0d, 0x06, 0x42, 0x83, 0x03, 0x00, 0x00, 0x00, 0x00,
    0x24, 0x00, 0x00, 0x00, 0x44, 0x00, 0x00, 0x00, 0xc6, 0x82, 0xff, 0xff,
    0xff, 0xff, 0xff, 0xff, 0x55, 0x00, 0x00, 0x00, 0x00, 0x00, 0x00, 0x00,
    0x00, 0x41, 0x0e, 0x10, 0x86, 0x02, 0x43, 0x0d, 0x06, 0x43, 0x83, 0x04,
    0x8e, 0x03, 0x00, 0x00, 0x24, 0x00, 0x00, 0x00, 0x6c, 0x00, 0x00, 0x00,
    0xf3, 0x82, 0xff, 0xff, 0xff, 0xff, 0xff, 0xff, 0x55, 0x00, 0x00, 0x00,
    0x00, 0x00, 0x00, 0x00, 0x00, 0x41, 0x0e, 0x10, 0x86, 0x02, 0x43, 0x0d,
    0x06, 0x42, 0x83, 0x03, 0x00, 0x00, 0x00, 0x00, 0x24, 0x00, 0x00, 0x00,
    0x94, 0x00, 0x00, 0x00, 0x20, 0x83, 0xff, 0xff, 0xff, 0xff, 0xff, 0xff,
    0x55, 0x00, 0x00, 0x00, 0x00, 0x00, 0x00, 0x00, 0x00, 0x41, 0x0e, 0x10,
    0x86, 0x02, 0x43, 0x0d, 0x06, 0x42, 0x83, 0x03, 0x00, 0x00, 0x00, 0x00,
    0x24, 0x00, 0x00, 0x00, 0xbc, 0x00, 0x00, 0x00, 0x4d, 0x83, 0xff, 0xff,
    0xff, 0xff, 0xff, 0xff, 0x55, 0x00, 0x00, 0x00, 0x00, 0x00, 0x00, 0x00,
    0x00, 0x41, 0x0e, 0x10, 0x86, 0x02, 0x43, 0x0d, 0x06, 0x42, 0x83, 0x03,
    0x00, 0x00, 0x00, 0x00, 0x24, 0x00, 0x00, 0x00, 0xe4, 0x00, 0x00, 0x00,
    0x7a, 0x83, 0xff, 0xff, 0xff, 0xff, 0xff, 0xff, 0x55, 0x00, 0x00, 0x00,
    0x00, 0x00, 0x00, 0x00, 0x00, 0x41, 0x0e, 0x10, 0x86, 0x02, 0x43, 0x0d,
    0x06, 0x42, 0x83, 0x03, 0x00, 0x00, 0x00, 0x00, 0x24, 0x00, 0x00, 0x00,
    0x0c, 0x01, 0x00, 0x00, 0xa7, 0x83, 0xff, 0xff, 0xff, 0xff, 0xff, 0xff,
    0x69, 0x00, 0x00, 0x00, 0x00, 0x00, 0x00, 0x00, 0x00, 0x41, 0x0e, 0x10,
    0x86, 0x02, 0x43, 0x0d, 0x06, 0x42, 0x83, 0x03, 0x00, 0x00, 0x00, 0x00,
    0x24, 0x00, 0x00, 0x00, 0x34, 0x01, 0x00, 0x00, 0xe8, 0x83, 0xff, 0xff,
    0xff, 0xff, 0xff, 0xff, 0x4e, 0x00, 0x00, 0x00, 0x00, 0x00, 0x00, 0x00,
    0x00, 0x41, 0x0e, 0x10, 0x86, 0x02, 0x43, 0x0d, 0x06, 0x43, 0x83, 0x04,
    0x8e, 0x03, 0x00, 0x00, 0x24, 0x00, 0x00, 0x00, 0x5c, 0x01, 0x00, 0x00,
    0x0e, 0x84, 0xff, 0xff, 0xff, 0xff, 0xff, 0xff, 0x38, 0x00, 0x00, 0x00,
    0x00, 0x00, 0x00, 0x00, 0x00, 0x41, 0x0e, 0x10, 0x86, 0x02, 0x43, 0x0d,
    0x06, 0x00, 0x00, 0x00, 0x00, 0x00, 0x00, 0x00, 0x24, 0x00, 0x00, 0x00,
    0x84, 0x01, 0x00, 0x00, 0x1e, 0x84, 0xff, 0xff, 0xff, 0xff, 0xff, 0xff,
    0x55, 0x01, 0x00, 0x00, 0x00, 0x00, 0x00, 0x00, 0x00, 0x41, 0x0e, 0x10,
    0x86, 0x02, 0x43, 0x0d, 0x06, 0x47, 0x83, 0x04, 0x8e, 0x03, 0x00, 0x00,
    0x2c, 0x00, 0x00, 0x00, 0xac, 0x01, 0x00, 0x00, 0x4b, 0x85, 0xff, 0xff,
    0xff, 0xff, 0xff, 0xff, 0x50, 0x01, 0x00, 0x00, 0x00, 0x00, 0x00, 0x00,
    0x00, 0x41, 0x0e, 0x10, 0x86, 0x02, 0x43, 0x0d, 0x06, 0x50, 0x83, 0x07,
    0x8c, 0x06, 0x8d, 0x05, 0x8e, 0x04, 0x8f, 0x03, 0x00, 0x00, 0x00, 0x00,
    0x2c, 0x00, 0x00, 0x00, 0xdc, 0x01, 0x00, 0x00, 0x6b, 0x86, 0xff, 0xff,
    0xff, 0xff, 0xff, 0xff, 0x77, 0x08, 0x00, 0x00, 0x00, 0x00, 0x00, 0x00,
    0x00, 0x41, 0x0e, 0x10, 0x86, 0x02, 0x43, 0x0d, 0x06, 0x50, 0x83, 0x07,
    0x8c, 0x06, 0x8d, 0x05, 0x8e, 0x04, 0x8f, 0x03, 0x00, 0x00, 0x00, 0x00,
    0x2c, 0x00, 0x00, 0x00, 0x0c, 0x02, 0x00, 0x00, 0xb2, 0x8e, 0xff, 0xff,
    0xff, 0xff, 0xff, 0xff, 0xfe, 0x00, 0x00, 0x00, 0x00, 0x00, 0x00, 0x00,
    0x00, 0x41, 0x0e, 0x10, 0x86, 0x02, 0x43, 0x0d, 0x06, 0x47, 0x83, 0x06,
    0x8c, 0x05, 0x8e, 0x04, 0x8f, 0x03, 0x00, 0x00, 0x00, 0x00, 0x00, 0x00,
    0x24, 0x00, 0x00, 0x00, 0x3c, 0x02, 0x00, 0x00, 0x80, 0x8f, 0xff, 0xff,
    0xff, 0xff, 0xff, 0xff, 0x8a, 0x00, 0x00, 0x00, 0x00, 0x00, 0x00, 0x00,
    0x00, 0x41, 0x0e, 0x10, 0x86, 0x02, 0x43, 0x0d, 0x06, 0x00, 0x00, 0x00,
    0x00, 0x00, 0x00, 0x00, 0x2c, 0x00, 0x00, 0x00, 0x64, 0x02, 0x00, 0x00,
    0xe2, 0x8f, 0xff, 0xff, 0xff, 0xff, 0xff, 0xff, 0xdb, 0x04, 0x00, 0x00,
    0x00, 0x00, 0x00, 0x00, 0x00, 0x41, 0x0e, 0x10, 0x86, 0x02, 0x43, 0x0d,
    0x06, 0x50, 0x83, 0x07, 0x8c, 0x06, 0x8d, 0x05, 0x8e, 0x04, 0x8f, 0x03,
    0x00, 0x00, 0x00, 0x00, 0x24, 0x00, 0x00, 0x00, 0x94, 0x02, 0x00, 0x00,
    0xf8, 0x94, 0xff, 0xff, 0xff, 0xff, 0xff, 0xff, 0x2b, 0x00, 0x00, 0x00,
    0x00, 0x00, 0x00, 0x00, 0x00, 0x41, 0x0e, 0x10, 0x86, 0x02, 0x43, 0x0d,
    0x06, 0x00, 0x00, 0x00, 0x00, 0x00, 0x00, 0x00, 0x2c, 0x00, 0x00, 0x00,
    0xbc, 0x02, 0x00, 0x00, 0xfb, 0x94, 0xff, 0xff, 0xff, 0xff, 0xff, 0xff,
    0xe5, 0x06, 0x00, 0x00, 0x00, 0x00, 0x00, 0x00, 0x00, 0x41, 0x0e, 0x10,
    0x86, 0x02, 0x43, 0x0d, 0x06, 0x4d, 0x83, 0x07, 0x8c, 0x06, 0x8d, 0x05,
    0x8e, 0x04, 0x8f, 0x03, 0x00, 0x00, 0x00, 0x00, 0x24, 0x00, 0x00, 0x00,
    0xec, 0x02, 0x00, 0x00, 0xb0, 0x9b, 0xff, 0xff, 0xff, 0xff, 0xff, 0xff,
    0x85, 0x11, 0x00, 0x00, 0x00, 0x00, 0x00, 0x00, 0x00, 0x41, 0x0e, 0x10,
    0x86, 0x02, 0x43, 0x0d, 0x06, 0x46, 0x83, 0x05, 0x8e, 0x04, 0x8f, 0x03,
    0x2c, 0x00, 0x00, 0x00, 0x14, 0x03, 0x00, 0x00, 0xa4, 0xae, 0xff, 0xff,
    0xff, 0xff, 0xff, 0xff, 0xe3, 0x00, 0x00, 0x00, 0x00, 0x00, 0x00, 0x00,
    0x00, 0x41, 0x0e, 0x10, 0x86, 0x02, 0x43, 0x0d, 0x06, 0x4a, 0x83, 0x07,
    0x8c, 0x06, 0x8d, 0x05, 0x8e, 0x04, 0x8f, 0x03, 0x00, 0x00, 0x00, 0x00,
    0x2c, 0x00, 0x00, 0x00, 0x44, 0x03, 0x00, 0x00, 0x57, 0xaf, 0xff, 0xff,
    0xff, 0xff, 0xff, 0xff, 0xe5, 0x01, 0x00, 0x00, 0x00, 0x00, 0x00, 0x00,
    0x00, 0x41, 0x0e, 0x10, 0x86, 0x02, 0x43, 0x0d, 0x06, 0x4d, 0x83, 0x07,
    0x8c, 0x06, 0x8d, 0x05, 0x8e, 0x04, 0x8f, 0x03, 0x00, 0x00, 0x00, 0x00,
    0x24, 0x00, 0x00, 0x00, 0x74, 0x03, 0x00, 0x00, 0x0c, 0xb1, 0xff, 0xff,
    0xff, 0xff, 0xff, 0xff, 0x3a, 0x00, 0x00, 0x00, 0x00, 0x00, 0x00, 0x00,
    0x00, 0x41, 0x0e, 0x10, 0x86, 0x02, 0x43, 0x0d, 0x06, 0x00, 0x00, 0x00,
    0x00, 0x00, 0x00, 0x00, 0x2c, 0x00, 0x00, 0x00, 0x9c, 0x03, 0x00, 0x00,
    0x1e, 0xb1, 0xff, 0xff, 0xff, 0xff, 0xff, 0xff, 0x44, 0x01, 0x00, 0x00,
    0x00, 0x00, 0x00, 0x00, 0x00, 0x41, 0x0e, 0x10, 0x86, 0x02, 0x43, 0x0d,
    0x06, 0x47, 0x83, 0x06, 0x8c, 0x05, 0x8e, 0x04, 0x8f, 0x03, 0x00, 0x00,
    0x00, 0x00, 0x00, 0x00, 0x2c, 0x00, 0x00, 0x00, 0xcc, 0x03, 0x00, 0x00,
    0x32, 0xb2, 0xff, 0xff, 0xff, 0xff, 0xff, 0xff, 0x45, 0x0e, 0x00, 0x00,
    0x00, 0x00, 0x00, 0x00, 0x00, 0x41, 0x0e, 0x10, 0x86, 0x02, 0x43, 0x0d,
    0x06, 0x50, 0x83, 0x07, 0x8c, 0x06, 0x8d, 0x05, 0x8e, 0x04, 0x8f, 0x03,
    0x00, 0x00, 0x00, 0x00, 0x2c, 0x00, 0x00, 0x00, 0xfc, 0x03, 0x00, 0x00,
    0x68, 0xc0, 0xff, 0xff, 0xff, 0xff, 0xff, 0xff, 0xd4, 0x01, 0x00, 0x00,
    0x00, 0x00, 0x00, 0x00, 0x00, 0x41, 0x0e, 0x10, 0x86, 0x02, 0x43, 0x0d,
    0x06, 0x4b, 0x83, 0x06, 0x8c, 0x05, 0x8e, 0x04, 0x8f, 0x03, 0x00, 0x00,
    0x00, 0x00, 0x00, 0x00, 0x24, 0x00, 0x00, 0x00, 0x2c, 0x04, 0x00, 0x00,
    0x5c, 0xc2, 0xff, 0xff, 0xff, 0xff, 0xff, 0xff, 0xcb, 0x00, 0x00, 0x00,
    0x00, 0x00, 0x00, 0x00, 0x00, 0x41, 0x0e, 0x10, 0x86, 0x02, 0x43, 0x0d,
    0x06, 0x43, 0x83, 0x04, 0x8e, 0x03, 0x00, 0x00, 0x24, 0x00, 0x00, 0x00,
    0x54, 0x04, 0x00, 0x00, 0xff, 0xc2, 0xff, 0xff, 0xff, 0xff, 0xff, 0xff,
    0xd4, 0x00, 0x00, 0x00, 0x00, 0x00, 0x00, 0x00, 0x00, 0x41, 0x0e, 0x10,
    0x86, 0x02, 0x43, 0x0d, 0x06, 0x49, 0x83, 0x05, 0x8e, 0x04, 0x8f, 0x03,
    0x24, 0x00, 0x00, 0x00, 0x7c, 0x04, 0x00, 0x00, 0xab, 0xc3, 0xff, 0xff,
    0xff, 0xff, 0xff, 0xff, 0x72, 0x00, 0x00, 0x00, 0x00, 0x00, 0x00, 0x00,
    0x00, 0x41, 0x0e, 0x10, 0x86, 0x02, 0x43, 0x0d, 0x06, 0x43, 0x83, 0x04,
    0x8e, 0x03, 0x00, 0x00, 0x24, 0x00, 0x00, 0x00, 0xa4, 0x04, 0x00, 0x00,
    0xf5, 0xc3, 0xff, 0xff, 0xff, 0xff, 0xff, 0xff, 0x6e, 0x00, 0x00, 0x00,
    0x00, 0x00, 0x00, 0x00, 0x00, 0x41, 0x0e, 0x10, 0x86, 0x02, 0x43, 0x0d,
    0x06, 0x43, 0x83, 0x04, 0x8e, 0x03, 0x00, 0x00, 0x24, 0x00, 0x00, 0x00,
    0xcc, 0x04, 0x00, 0x00, 0x3b, 0xc4, 0xff, 0xff, 0xff, 0xff, 0xff, 0xff,
    0x3f, 0x01, 0x00, 0x00, 0x00, 0x00, 0x00, 0x00, 0x00, 0x41, 0x0e, 0x10,
    0x86, 0x02, 0x43, 0x0d, 0x06, 0x43, 0x83, 0x04, 0x8e, 0x03, 0x00, 0x00,
    0x24, 0x00, 0x00, 0x00, 0xf4, 0x04, 0x00, 0x00, 0x52, 0xc5, 0xff, 0xff,
    0xff, 0xff, 0xff, 0xff, 0x20, 0x00, 0x00, 0x00, 0x00, 0x00, 0x00, 0x00,
    0x00, 0x41, 0x0e, 0x10, 0x86, 0x02, 0x43, 0x0d, 0x06, 0x00, 0x00, 0x00,
    0x00, 0x00, 0x00, 0x00, 0x24, 0x00, 0x00, 0x00, 0x1c, 0x05, 0x00, 0x00,
    0x4a, 0xc5, 0xff, 0xff, 0xff, 0xff, 0xff, 0xff, 0x30, 0x00, 0x00, 0x00,
    0x00, 0x00, 0x00, 0x00, 0x00, 0x41, 0x0e, 0x10, 0x86, 0x02, 0x43, 0x0d,
    0x06, 0x00, 0x00, 0x00, 0x00, 0x00, 0x00, 0x00, 0x24, 0x00, 0x00, 0x00,
    0x44, 0x05, 0x00, 0x00, 0x52, 0xc5, 0xff, 0xff, 0xff, 0xff, 0xff, 0xff,
    0x52, 0x00, 0x00, 0x00, 0x00, 0x00, 0x00, 0x00, 0x00, 0x41, 0x0e, 0x10,
    0x86, 0x02, 0x43, 0x0d, 0x06, 0x00, 0x00, 0x00, 0x00, 0x00, 0x00, 0x00,
    0x24, 0x00, 0x00, 0x00, 0x6c, 0x05, 0x00, 0x00, 0x8c, 0xc5, 0xff, 0xff,
    0xff, 0xff, 0xff, 0xff, 0x51, 0x00, 0x00, 0x00, 0x00, 0x00, 0x00, 0x00,
    0x00, 0x41, 0x0e, 0x10, 0x86, 0x02, 0x43, 0x0d, 0x06, 0x42, 0x83, 0x03,
    0x00, 0x00, 0x00, 0x00, 0x24, 0x00, 0x00, 0x00, 0x94, 0x05, 0x00, 0x00,
    0xb5, 0xc5, 0xff, 0xff, 0xff, 0xff, 0xff, 0xff, 0x3f, 0x00, 0x00, 0x00,
    0x00, 0x00, 0x00, 0x00, 0x00, 0x41, 0x0e, 0x10, 0x86, 0x02, 0x43, 0x0d,
    0x06, 0x00, 0x00, 0x00, 0x00, 0x00, 0x00, 0x00, 0x2c, 0x00, 0x00, 0x00,
    0xbc, 0x05, 0x00, 0x00, 0xcc, 0xc5, 0xff, 0xff, 0xff, 0xff, 0xff, 0xff,
    0x83, 0x01, 0x00, 0x00, 0x00, 0x00, 0x00, 0x00, 0x00, 0x41, 0x0e, 0x10,
    0x86, 0x02, 0x43, 0x0d, 0x06, 0x4a, 0x83, 0x07, 0x8c, 0x06, 0x8d, 0x05,
    0x8e, 0x04, 0x8f, 0x03, 0x00, 0x00, 0x00, 0x00, 0x14, 0x00, 0x00, 0x00,
    0x00, 0x00, 0x00, 0x00, 0x01, 0x7a, 0x52, 0x00, 0x01, 0x78, 0x10, 0x01,
    0x10, 0x0c, 0x07, 0x08, 0x90, 0x01, 0x00, 0x00, 0x24, 0x00, 0x00, 0x00,
    0x1c, 0x00, 0x00, 0x00, 0x07, 0xc7, 0xff, 0xff, 0xff, 0xff, 0xff, 0xff,
    0x39, 0x00, 0x00, 0x00, 0x00, 0x00, 0x00, 0x00, 0x00, 0x41, 0x0e, 0x10,
    0x86, 0x02, 0x43, 0x0d, 0x06, 0x00, 0x00, 0x00, 0x00, 0x00, 0x00, 0x00,
    0x24, 0x00, 0x00, 0x00, 0x44, 0x00, 0x00, 0x00, 0x18, 0xc7, 0xff, 0xff,
    0xff, 0xff, 0xff, 0xff, 0x39, 0x00, 0x00, 0x00, 0x00, 0x00, 0x00, 0x00,
    0x00, 0x41, 0x0e, 0x10, 0x86, 0x02, 0x43, 0x0d, 0x06, 0x00, 0x00, 0x00,
    0x00, 0x00, 0x00, 0x00, 0x24, 0x00, 0x00, 0x00, 0x6c, 0x00, 0x00, 0x00,
    0x29, 0xc7, 0xff, 0xff, 0xff, 0xff, 0xff, 0xff, 0x84, 0x00, 0x00, 0x00,
    0x00, 0x00, 0x00, 0x00, 0x00, 0x41, 0x0e, 0x10, 0x86, 0x02, 0x43, 0x0d,
    0x06, 0x45, 0x83, 0x03, 0x00, 0x00, 0x00, 0x00, 0x00, 0x00, 0x00, 0x00,
    0x01, 0x00, 0x00, 0x00, 0x90, 0x50, 0x01, 0x00, 0x01, 0x00, 0x00, 0x00,
    0x98, 0x50, 0x01, 0x00, 0x01, 0x00, 0x00, 0x00, 0xa0, 0x50, 0x01, 0x00,
    0x01, 0x00, 0x00, 0x00, 0xa8, 0x50, 0x01, 0x00, 0x01, 0x00, 0x00, 0x00,
    0x00, 0x41, 0x02, 0x00, 0x01, 0x00, 0x00, 0x00, 0x00, 0x42, 0x02, 0x00,
    0x01, 0x00, 0x00, 0x00, 0x00, 0x43, 0x02, 0x00, 0x01, 0x00, 0x00, 0x00,
    0x00, 0x44, 0x02, 0x00, 0x01, 0x00, 0x00, 0x00, 0x00, 0x45, 0x02, 0x00,
    0x01, 0x00, 0x00, 0x00, 0x00, 0x46, 0x02, 0x00, 0x01, 0x00, 0x00, 0x00,
    0x00, 0x47, 0x02, 0x00, 0x01, 0x00, 0x00, 0x00, 0x00, 0x00, 0x00, 0x00,
    0x00, 0x00, 0x00, 0x00, 0x8e, 0xe7, 0x00, 0x00, 0x01, 0x00, 0x00, 0x00,
    0x94, 0xe7, 0x00, 0x00, 0x01, 0x00, 0x00, 0x00, 0x9a, 0xe7, 0x00, 0x00,
    0x01, 0x00, 0x00, 0x00, 0xa0, 0xe7, 0x00, 0x00, 0x01, 0x00, 0x00, 0x00,
    0xa6, 0xe7, 0x00, 0x00, 0x01, 0x00, 0x00, 0x00, 0xac, 0xe7, 0x00, 0x00,
    0x01, 0x00, 0x00, 0x00, 0xb2, 0xe7, 0x00, 0x00, 0x01, 0x00, 0x00, 0x00,
    0xb8, 0xe7, 0x00, 0x00, 0x01, 0x00, 0x00, 0x00, 0xbe, 0xe7, 0x00, 0x00,
    0x01, 0x00, 0x00, 0x00, 0xc4, 0xe7, 0x00, 0x00, 0x01, 0x00, 0x00, 0x00,
    0xca, 0xe7, 0x00, 0x00, 0x01, 0x00, 0x00, 0x00, 0xd0, 0xe7, 0x00, 0x00,
    0x01, 0x00, 0x00, 0x00, 0xd6, 0xe7, 0x00, 0x00, 0x01, 0x00, 0x00, 0x00,
    0xdc, 0xe7, 0x00, 0x00, 0x01, 0x00, 0x00, 0x00, 0xe2, 0xe7, 0x00, 0x00,
    0x01, 0x00, 0x00, 0x00, 0xe8, 0xe7, 0x00, 0x00, 0x01, 0x00, 0x00, 0x00,
    0xee, 0xe7, 0x00, 0x00, 0x01, 0x00, 0x00, 0x00, 0xf4, 0xe7, 0x00, 0x00,
    0x01, 0x00, 0x00, 0x00, 0xfa, 0xe7, 0x00, 0x00, 0x01, 0x00, 0x00, 0x00,
    0x00, 0xe8, 0x00, 0x00, 0x01, 0x00, 0x00, 0x00, 0x06, 0xe8, 0x00, 0x00,
    0x01, 0x00, 0x00, 0x00, 0x0c, 0xe8, 0x00, 0x00, 0x01, 0x00, 0x00, 0x00,
    0x12, 0xe8, 0x00, 0x00, 0x01, 0x00, 0x00, 0x00, 0x18, 0xe8, 0x00, 0x00,
    0x01, 0x00, 0x00, 0x00, 0x1e, 0xe8, 0x00, 0x00, 0x01, 0x00, 0x00, 0x00,
    0x24, 0xe8, 0x00, 0x00, 0x01, 0x00, 0x00, 0x00, 0x2a, 0xe8, 0x00, 0x00,
    0x01, 0x00, 0x00, 0x00, 0x30, 0xe8, 0x00, 0x00, 0x01, 0x00, 0x00, 0x00,
    0x36, 0xe8, 0x00, 0x00, 0x01, 0x00, 0x00, 0x00, 0x3c, 0xe8, 0x00, 0x00,
    0x01, 0x00, 0x00, 0x00, 0x42, 0xe8, 0x00, 0x00, 0x01, 0x00, 0x00, 0x00,
    0x48, 0xe8, 0x00, 0x00, 0x01, 0x00, 0x00, 0x00, 0x4e, 0xe8, 0x00, 0x00,
    0x01, 0x00, 0x00, 0x00, 0x54, 0xe8, 0x00, 0x00, 0x01, 0x00, 0x00, 0x00,
    0x5a, 0xe8, 0x00, 0x00, 0x01, 0x00, 0x00, 0x00, 0x60, 0xe8, 0x00, 0x00,
    0x01, 0x00, 0x00, 0x00, 0x66, 0xe8, 0x00, 0x00, 0x01, 0x00, 0x00, 0x00,
    0x6c, 0xe8, 0x00, 0x00, 0x01, 0x00, 0x00, 0x00, 0x72, 0xe8, 0x00, 0x00,
    0x01, 0x00, 0x00, 0x00, 0x78, 0xe8, 0x00, 0x00, 0x01, 0x00, 0x00, 0x00,
    0x7e, 0xe8, 0x00, 0x00, 0x01, 0x00, 0x00, 0x00, 0x84, 0xe8, 0x00, 0x00,
    0x01, 0x00, 0x00, 0x00, 0x8a, 0xe8, 0x00, 0x00, 0x01, 0x00, 0x00, 0x00,
    0x90, 0xe8, 0x00, 0x00, 0x01, 0x00, 0x00, 0x00, 0x96, 0xe8, 0x00, 0x00,
    0x01, 0x00, 0x00, 0x00, 0x9c, 0xe8, 0x00, 0x00, 0x01, 0x00, 0x00, 0x00,
    0xa2, 0xe8, 0x00, 0x00, 0x01, 0x00, 0x00, 0x00, 0xa8, 0xe8, 0x00, 0x00,
    0x01, 0x00, 0x00, 0x00, 0xae, 0xe8, 0x00, 0x00, 0x01, 0x00, 0x00, 0x00,
    0xb4, 0xe8, 0x00, 0x00, 0x01, 0x00, 0x00, 0x00, 0xba, 0xe8, 0x00, 0x00,
    0x01, 0x00, 0x00, 0x00, 0xc0, 0xe8, 0x00, 0x00, 0x01, 0x00, 0x00, 0x00,
    0xc6, 0xe8, 0x00, 0x00, 0x01, 0x00, 0x00, 0x00, 0xcc, 0xe8, 0x00, 0x00,
    0x01, 0x00, 0x00, 0x00, 0xd2, 0xe8, 0x00, 0x00, 0x01, 0x00, 0x00, 0x00,
    0xd8, 0xe8, 0x00, 0x00, 0x01, 0x00, 0x00, 0x00, 0xde, 0xe8, 0x00, 0x00,
    0x01, 0x00, 0x00, 0x00, 0xe4, 0xe8, 0x00, 0x00, 0x01, 0x00, 0x00, 0x00,
    0xea, 0xe8, 0x00, 0x00, 0x01, 0x00, 0x00, 0x00, 0xf0, 0xe8, 0x00, 0x00,
    0x01, 0x00, 0x00, 0x00, 0xf6, 0xe8, 0x00, 0x00, 0x01, 0x00, 0x00, 0x00,
    0xfc, 0xe8, 0x00, 0x00, 0x01, 0x00, 0x00, 0x00, 0x02, 0xe9, 0x00, 0x00,
    0x01, 0x00, 0x00, 0x00, 0x08, 0xe9, 0x00, 0x00, 0x01, 0x00, 0x00, 0x00,
    0x0e, 0xe9, 0x00, 0x00, 0x01, 0x00, 0x00, 0x00, 0x14, 0xe9, 0x00, 0x00,
    0x01, 0x00, 0x00, 0x00, 0x1a, 0xe9, 0x00, 0x00, 0x01, 0x00, 0x00, 0x00,
    0x20, 0xe9, 0x00, 0x00, 0x01, 0x00, 0x00, 0x00, 0x26, 0xe9, 0x00, 0x00,
    0x01, 0x00, 0x00, 0x00, 0x2c, 0xe9, 0x00, 0x00, 0x01, 0x00, 0x00, 0x00,
    0x32, 0xe9, 0x00, 0x00, 0x01, 0x00, 0x00, 0x00, 0x38, 0xe9, 0x00, 0x00,
    0x01, 0x00, 0x00, 0x00, 0x3e, 0xe9, 0x00, 0x00, 0x01, 0x00, 0x00, 0x00,
    0x44, 0xe9, 0x00, 0x00, 0x01, 0x00, 0x00, 0x00, 0x4a, 0xe9, 0x00, 0x00,
    0x01, 0x00, 0x00, 0x00, 0x50, 0xe9, 0x00, 0x00, 0x01, 0x00, 0x00, 0x00,
    0x56, 0xe9, 0x00, 0x00, 0x01, 0x00, 0x00, 0x00, 0x5c, 0xe9, 0x00, 0x00,
    0x01, 0x00, 0x00, 0x00, 0x62, 0xe9, 0x00, 0x00, 0x01, 0x00, 0x00, 0x00,
    0x68, 0xe9, 0x00, 0x00, 0x01, 0x00, 0x00, 0x00, 0x6e, 0xe9, 0x00, 0x00,
    0x01, 0x00, 0x00, 0x00, 0x74, 0xe9, 0x00, 0x00, 0x01, 0x00, 0x00, 0x00,
    0x7a, 0xe9, 0x00, 0x00, 0x01, 0x00, 0x00, 0x00, 0x80, 0xe9, 0x00, 0x00,
    0x01, 0x00, 0x00, 0x00, 0x86, 0xe9, 0x00, 0x00, 0x01, 0x00, 0x00, 0x00,
    0x8c, 0xe9, 0x00, 0x00, 0x01, 0x00, 0x00, 0x00, 0x92, 0xe9, 0x00, 0x00,
    0x01, 0x00, 0x00, 0x00, 0xab, 0xef, 0x00, 0x00, 0x01, 0x00, 0x00, 0x00,
    0xaf, 0xef, 0x00, 0x00, 0x01, 0x00, 0x00, 0x00, 0xb3, 0xef, 0x00, 0x00,
    0x01, 0x00, 0x00, 0x00, 0xb7, 0xef, 0x00, 0x00, 0x01, 0x00, 0x00, 0x00,
    0xbb, 0xef, 0x00, 0x00, 0x01, 0x00, 0x00, 0x00, 0xbf, 0xef, 0x00, 0x00,
    0x01, 0x00, 0x00, 0x00, 0xc3, 0xef, 0x00, 0x00, 0x01, 0x00, 0x00, 0x00,
    0x00, 0x00, 0x00, 0x00, 0x00, 0x00, 0x00, 0x00, 0xc7, 0xef, 0x00, 0x00,
    0x01, 0x00, 0x00, 0x00, 0xcb, 0xef, 0x00, 0x00, 0x01, 0x00, 0x00, 0x00,
    0xcf, 0xef, 0x00, 0x00, 0x01, 0x00, 0x00, 0x00, 0xd3, 0xef, 0x00, 0x00,
    0x01, 0x00, 0x00, 0x00, 0xd7, 0xef, 0x00, 0x00, 0x01, 0x00, 0x00, 0x00,
    0xdb, 0xef, 0x00, 0x00, 0x01, 0x00, 0x00, 0x00, 0xdf, 0xef, 0x00, 0x00,
    0x01, 0x00, 0x00, 0x00, 0xe3, 0xef, 0x00, 0x00, 0x01, 0x00, 0x00, 0x00,
    0xe7, 0xef, 0x00, 0x00, 0x01, 0x00, 0x00, 0x00, 0xeb, 0xef, 0x00, 0x00,
    0x01, 0x00, 0x00, 0x00, 0xef, 0xef, 0x00, 0x00, 0x01, 0x00, 0x00, 0x00,
    0xf3, 0xef, 0x00, 0x00, 0x01, 0x00, 0x00, 0x00, 0x38, 0x4e, 0x01, 0x00,
    0x01, 0x00, 0x00, 0x00, 0x48, 0x4e, 0x01, 0x00, 0x01, 0x00, 0x00, 0x00,
    0x50, 0x4e, 0x01, 0x00, 0x01, 0x00, 0x00, 0x00, 0x18, 0x4e, 0x01, 0x00,
    0x01, 0x00, 0x00, 0x00, 0x20, 0x4e, 0x01, 0x00, 0x01, 0x00, 0x00, 0x00,
    0x28, 0x4e, 0x01, 0x00, 0x01, 0x00, 0x00, 0x00, 0x40, 0x4e, 0x01, 0x00,
    0x01, 0x00, 0x00, 0x00, 0xb8, 0x4b, 0x01, 0x00, 0x01, 0x00, 0x00, 0x00,
    0xc0, 0x4b, 0x01, 0x00, 0x01, 0x00, 0x00, 0x00, 0x00, 0x40, 0x02, 0x00,
    0x01, 0x00, 0x00, 0x00, 0xc8, 0x07, 0x00, 0x00, 0x00, 0x00, 0x00, 0x00,
    0x24, 0xed, 0x00, 0x00, 0x01, 0x00, 0x00, 0x00, 0x0e, 0x00, 0x00, 0x00,
    0x00, 0x00, 0x00, 0x00, 0x00, 0x40, 0x02, 0x00, 0x01, 0x00, 0x00, 0x00,
    0xc8, 0x07, 0x00, 0x00, 0x00, 0x00, 0x00, 0x00, 0xca, 0x02, 0x01, 0x00,
    0x01, 0x00, 0x00, 0x00, 0x02, 0x00, 0x00, 0x00, 0x00, 0x00, 0x00, 0x00,
    0x00, 0x40, 0x02, 0x00, 0x01, 0x00, 0x00, 0x00, 0xc8, 0x07, 0x00, 0x00,
    0x00, 0x00, 0x00, 0x00, 0xcd, 0x02, 0x01, 0x00, 0x01, 0x00, 0x00, 0x00,
    0x05, 0x00, 0x00, 0x00, 0x00, 0x00, 0x00, 0x00, 0x00, 0x40, 0x02, 0x00,
    0x01, 0x00, 0x00, 0x00, 0xc8, 0x07, 0x00, 0x00, 0x00, 0x00, 0x00, 0x00,
    0xd3, 0x02, 0x01, 0x00, 0x01, 0x00, 0x00, 0x00, 0x0d, 0x00, 0x00, 0x00,
    0x00, 0x00, 0x00, 0x00, 0x00, 0x40, 0x02, 0x00, 0x01, 0x00, 0x00, 0x00,
    0xc8, 0x07, 0x00, 0x00, 0x00, 0x00, 0x00, 0x00, 0xe1, 0x02, 0x01, 0x00,
    0x01, 0x00, 0x00, 0x00, 0x05, 0x00, 0x00, 0x00, 0x00, 0x00, 0x00, 0x00,
    0x00, 0x40, 0x02, 0x00, 0x01, 0x00, 0x00, 0x00, 0xc8, 0x07, 0x00, 0x00,
    0x00, 0x00, 0x00, 0x00, 0xe7, 0x02, 0x01, 0x00, 0x01, 0x00, 0x00, 0x00,
    0x04, 0x00, 0x00, 0x00, 0x00, 0x00, 0x00, 0x00, 0x00, 0x40, 0x02, 0x00,
    0x01, 0x00, 0x00, 0x00, 0xc8, 0x07, 0x00, 0x00, 0x00, 0x00, 0x00, 0x00,
    0xf0, 0x02, 0x01, 0x00, 0x01, 0x00, 0x00, 0x00, 0x0e, 0x00, 0x00, 0x00,
    0x00, 0x00, 0x00, 0x00, 0x00, 0x40, 0x02, 0x00, 0x01, 0x00, 0x00, 0x00,
    0xc8, 0x07, 0x00, 0x00, 0x00, 0x00, 0x00, 0x00, 0x43, 0x03, 0x01, 0x00,
    0x01, 0x00, 0x00, 0x00, 0x06, 0x00, 0x00, 0x00, 0x00, 0x00, 0x00, 0x00,
    0x00, 0x40, 0x02, 0x00, 0x01, 0x00, 0x00, 0x00, 0xc8, 0x07, 0x00, 0x00,
    0x00, 0x00, 0x00, 0x00, 0x54, 0x03, 0x01, 0x00, 0x01, 0x00, 0x00, 0x00,
    0x08, 0x00, 0x00, 0x00, 0x00, 0x00, 0x00, 0x00, 0x00, 0x40, 0x02, 0x00,
    0x01, 0x00, 0x00, 0x00, 0xc8, 0x07, 0x00, 0x00, 0x00, 0x00, 0x00, 0x00,
    0x5d, 0x03, 0x01, 0x00, 0x01, 0x00, 0x00, 0x00, 0x09, 0x00, 0x00, 0x00,
    0x00, 0x00, 0x00, 0x00, 0x00, 0x40, 0x02, 0x00, 0x01, 0x00, 0x00, 0x00,
    0xc8, 0x07, 0x00, 0x00, 0x00, 0x00, 0x00, 0x00, 0x67, 0x03, 0x01, 0x00,
    0x01, 0x00, 0x00, 0x00, 0x05, 0x00, 0x00, 0x00, 0x00, 0x00, 0x00, 0x00,
    0x00, 0x40, 0x02, 0x00, 0x01, 0x00, 0x00, 0x00, 0xc8, 0x07, 0x00, 0x00,
    0x00, 0x00, 0x00, 0x00, 0x6d, 0x03, 0x01, 0x00, 0x01, 0x00, 0x00, 0x00,
    0x01, 0x00, 0x00, 0x00, 0x00, 0x00, 0x00, 0x00, 0x00, 0x40, 0x02, 0x00,
    0x01, 0x00, 0x00, 0x00, 0xc8, 0x07, 0x00, 0x00, 0x00, 0x00, 0x00, 0x00,
    0x90, 0xfb, 0x00, 0x00, 0x01, 0x00, 0x00, 0x00, 0x00, 0x00, 0x00, 0x00,
    0x00, 0x00, 0x00, 0x00, 0x00, 0x40, 0x02, 0x00, 0x01, 0x00, 0x00, 0x00,
    0xc8, 0x07, 0x00, 0x00, 0x00, 0x00, 0x00, 0x00, 0x70, 0x03, 0x01, 0x00,
    0x01, 0x00, 0x00, 0x00, 0x07, 0x00, 0x00, 0x00, 0x00, 0x00, 0x00, 0x00,
    0x00, 0x40, 0x02, 0x00, 0x01, 0x00, 0x00, 0x00, 0xc8, 0x07, 0x00, 0x00,
    0x00, 0x00, 0x00, 0x00, 0x78, 0x03, 0x01, 0x00, 0x01, 0x00, 0x00, 0x00,
    0x08, 0x00, 0x00, 0x00, 0x00, 0x00, 0x00, 0x00, 0x00, 0x00, 0x00, 0x00,
    0x00, 0x00, 0x00, 0x00, 0x20, 0xb8, 0xbf, 0xbb, 0xba, 0xbc, 0x20, 0xbd,
    0xab, 0x20, 0xf9, 0xfb, 0x20, 0x20, 0x20, 0xb0, 0xb3, 0xfe, 0x20, 0x20,
    0xa8, 0xf3, 0xf4, 0xf2, 0x20, 0x20, 0xfa, 0xfd, 0xf7, 0xf8, 0xf5, 0xb9,
    0xa1, 0xe0, 0xa2, 0xe1, 0xd8, 0xd0, 0xd3, 0xb4, 0xa3, 0xdc, 0xa4, 0xa5,
    0xe6, 0xe5, 0xa6, 0xa7, 0xe3, 0xb6, 0xe8, 0xe7, 0xdf, 0xe9, 0xda, 0x20,
    0xd2, 0xad, 0xed, 0xae, 0xdb, 0xb1, 0xf0, 0xde, 0xc8, 0xc4, 0xc0, 0xe2,
    0xcc, 0xd4, 0xd7, 0xb5, 0xc9, 0xc5, 0xc1, 0xcd, 0xd9, 0xd5, 0xd1, 0xdd,
    0xe4, 0xb7, 0xca, 0xc6, 0xc2, 0xea, 0xce, 0x20, 0xd6, 0xcb, 0xc7, 0xc3,
    0xcf, 0xb2, 0xf1, 0xef, 0x20, 0x20, 0x20, 0x20, 0x20, 0x20, 0x20, 0x20,
    0x20, 0x20, 0xa9, 0x20, 0xa6, 0xab, 0xae, 0xac, 0x20, 0x20, 0x20, 0x20,
    0x20, 0x20, 0x20, 0x20, 0x20, 0x20, 0xb9, 0x20, 0xb6, 0xbb, 0xbe, 0xbc,
    0x20, 0xb7, 0xa2, 0xa3, 0xa4, 0xa1, 0x20, 0xa7, 0xa8, 0x20, 0xaa, 0x20,
    0x20, 0xad, 0x20, 0xaf, 0xb0, 0x20, 0xb2, 0xb3, 0xb4, 0x20, 0x20, 0x20,
    0xb8, 0xb1, 0xba, 0x20, 0xa5, 0xbd, 0xb5, 0xbf, 0xc0, 0xc1, 0xc2, 0xc3,
    0xc4, 0xc5, 0xc6, 0xc7, 0xc8, 0xc9, 0xca, 0xcb, 0xcc, 0xcd, 0xce, 0xcf,
    0xd0, 0xd1, 0xd2, 0xd3, 0xd4, 0xd5, 0xd6, 0xd7, 0xd8, 0xd9, 0xda, 0xdb,
    0xdc, 0xdd, 0xde, 0xdf, 0xe0, 0xe1, 0xe2, 0xe3, 0xe4, 0xe5, 0xe6, 0xe7,
    0xe8, 0xe9, 0xea, 0xeb, 0xec, 0xed, 0xee, 0xef, 0xf0, 0xf1, 0xf2, 0xf3,
    0xf4, 0xf5, 0xf6, 0xf7, 0xf8, 0xf9, 0xfa, 0xfb, 0xfc, 0xfd, 0xfe, 0xff,
    0xa2, 0xa3, 0x20, 0xf3, 0x20, 0x20, 0x20, 0x20, 0x20, 0x20, 0xa9, 0x20,
    0xaa, 0xac, 0xab, 0xaf, 0xf2, 0x20, 0x20, 0x20, 0x20, 0x20, 0x20, 0x20,
    0x20, 0x20, 0xf9, 0x20, 0xfa, 0xfc, 0xfb, 0xff, 0x20, 0xae, 0xfe, 0xa8,
    0x20, 0x20, 0x20, 0xfd, 0xa1, 0x20, 0xa4, 0x20, 0x20, 0xad, 0x20, 0xa7,
    0x20, 0x20, 0xa6, 0xf6, 0x20, 0x20, 0x20, 0x20, 0xf1, 0xf0, 0xf4, 0x20,
    0xf8, 0xa5, 0xf5, 0xf7, 0xb0, 0xb1, 0xb2, 0xb3, 0xb4, 0xb5, 0xb6, 0xb7,
    0xb8, 0xb9, 0xba, 0xbb, 0xbc, 0xbd, 0xbe, 0xbf, 0xc0, 0xc1, 0xc2, 0xc3,
    0xc4, 0xc5, 0xc6, 0xc7, 0xc8, 0xc9, 0xca, 0xcb, 0xcc, 0xcd, 0xce, 0xcf,
    0xd0, 0xd1, 0xd2, 0xd3, 0xd4, 0xd5, 0xd6, 0xd7, 0xd8, 0xd9, 0xda, 0xdb,
    0xdc, 0xdd, 0xde, 0xdf, 0xe0, 0xe1, 0xe2, 0xe3, 0xe4, 0xe5, 0xe6, 0xe7,
    0xe8, 0xe9, 0xea, 0xeb, 0xec, 0xed, 0xee, 0xef, 0x67, 0x1b, 0x83, 0xe3,
    0x63, 0x0f, 0x87, 0xe7, 0x67, 0x1b, 0x83, 0xe3, 0x63, 0x0f, 0x87, 0xe7,
    0x67, 0x1b, 0x83, 0xe3, 0x63, 0x0f, 0x87, 0xe7, 0x67, 0x1b, 0x83, 0xe3,
    0x63, 0x0f, 0x87, 0xe7, 0xbb, 0xdb, 0x5b, 0x23, 0xaf, 0xcf, 0x4f, 0x27,
    0xbb, 0xdb, 0x5b, 0x23, 0xaf, 0xcf, 0x4f, 0x27, 0xbb, 0xdb, 0x5b, 0x23,
    0xaf, 0xcf, 0x4f, 0x27, 0xbb, 0xdb, 0x5b, 0x23, 0xaf, 0xcf, 0x4f, 0x27,
    0x9b, 0xfb, 0x7b, 0x0b, 0x8f, 0xef, 0x6f, 0x00, 0x9b, 0xfb, 0x7b, 0x0b,
    0x8f, 0xef, 0x6f, 0x00, 0x9b, 0xfb, 0x7b, 0x0b, 0x8f, 0xef, 0x6f, 0x00,
    0x9b, 0xfb, 0x7b, 0x0b, 0x8f, 0xef, 0x6f, 0x00, 0x3f, 0x3b, 0xab, 0xcb,
    0x4b, 0x2f, 0x9f, 0xbf, 0x3f, 0x3b, 0xab, 0xcb, 0x4b, 0x2f, 0x9f, 0xbf,
    0x3f, 0x3b, 0xab, 0xcb, 0x4b, 0x2f, 0x9f, 0xbf, 0x3f, 0x3b, 0xab, 0xcb,
    0x4b, 0x2f, 0x9f, 0xbf, 0x5f, 0x13, 0x8b, 0xeb, 0x6b, 0x17, 0x7f, 0xdf,
    0x5f, 0x13, 0x8b, 0xeb, 0x6b, 0x17, 0x7f, 0xdf, 0x5f, 0x13, 0x8b, 0xeb,
    0x6b, 0x17, 0x7f, 0xdf, 0x5f, 0x13, 0x8b, 0xeb, 0x6b, 0x17, 0x7f, 0xdf,
    0xb3, 0xd3, 0x53, 0x2b, 0xb7, 0xd7, 0x57, 0x1f, 0xb3, 0xd3, 0x53, 0x2b,
    0xb7, 0xd7, 0x57, 0x1f, 0xb3, 0xd3, 0x53, 0x2b, 0xb7, 0xd7, 0x57, 0x1f,
    0xb3, 0xd3, 0x53, 0x2b, 0xb7, 0xd7, 0x57, 0x1f, 0x93, 0xf3, 0x73, 0x03,
    0x97, 0xf7, 0x77, 0x07, 0x93, 0xf3, 0x73, 0x03, 0x97, 0xf7, 0x77, 0x07,
    0x93, 0xf3, 0x73, 0x03, 0x97, 0xf7, 0x77, 0x07, 0x93, 0xf3, 0x73, 0x03,
    0x97, 0xf7, 0x77, 0x07, 0x47, 0x33, 0xa3, 0xc3, 0x43, 0x37, 0xa7, 0xc7,
    0x47, 0x33, 0xa3, 0xc3, 0x43, 0x37, 0xa7, 0xc7, 0x47, 0x33, 0xa3, 0xc3,
    0x43, 0x37, 0xa7, 0xc7, 0x47, 0x33, 0xa3, 0xc3, 0x43, 0x37, 0xa7, 0xc7,
    0x67, 0x1b, 0x83, 0xe3, 0x63, 0x0f, 0x87, 0xe7, 0x67, 0x1b, 0x83, 0xe3,
    0x63, 0x0f, 0x87, 0xe7, 0x67, 0x1b, 0x83, 0xe3, 0x63, 0x0f, 0x87, 0xe7,
    0x67, 0x1b, 0x83, 0xe3, 0x63, 0x0f, 0x87, 0xe7, 0xbb, 0xdb, 0x5b, 0x23,
    0xaf, 0xcf, 0x4f, 0x27, 0xbb, 0xdb, 0x5b, 0x23, 0xaf, 0xcf, 0x4f, 0x27,
    0xbb, 0xdb, 0x5b, 0x23, 0xaf, 0xcf, 0x4f, 0x27, 0xbb, 0xdb, 0x5b, 0x23,
    0xaf, 0xcf, 0x4f, 0x27, 0x9b, 0xfb, 0x7b, 0x0b, 0x8f, 0xef, 0x6f, 0x00,
    0x9b, 0xfb, 0x7b, 0x0b, 0x8f, 0xef, 0x6f, 0x00, 0x9b, 0xfb, 0x7b, 0x0b,
    0x8f, 0xef, 0x6f, 0x00, 0x9b, 0xfb, 0x7b, 0x0b, 0x8f, 0xef, 0x6f, 0x00,
    0x3f, 0x3b, 0xab, 0xcb, 0x4b, 0x2f, 0x9f, 0xbf, 0x3f, 0x3b, 0xab, 0xcb,
    0x4b, 0x2f, 0x9f, 0xbf, 0x3f, 0x3b, 0xab, 0xcb, 0x4b, 0x2f, 0x9f, 0xbf,
    0x3f, 0x3b, 0xab, 0xcb, 0x4b, 0x2f, 0x9f, 0xbf, 0x5f, 0x13, 0x8b, 0xeb,
    0x6b, 0x17, 0x7f, 0xdf, 0x5f, 0x13, 0x8b, 0xeb, 0x6b, 0x17, 0x7f, 0xdf,
    0x5f, 0x13, 0x8b, 0xeb, 0x6b, 0x17, 0x7f, 0xdf, 0x5f, 0x13, 0x8b, 0xeb,
    0x6b, 0x17, 0x7f, 0xdf, 0xb3, 0xd3, 0x53, 0x2b, 0xb7, 0xd7, 0x57, 0x1f,
    0xb3, 0xd3, 0x53, 0x2b, 0xb7, 0xd7, 0x57, 0x1f, 0xb3, 0xd3, 0x53, 0x2b,
    0xb7, 0xd7, 0x57, 0x1f, 0xb3, 0xd3, 0x53, 0x2b, 0xb7, 0xd7, 0x57, 0x1f,
    0x93, 0xf3, 0x73, 0x03, 0x97, 0xf7, 0x77, 0x07, 0x93, 0xf3, 0x73, 0x03,
    0x97, 0xf7, 0x77, 0x07, 0x93, 0xf3, 0x73, 0x03, 0x97, 0xf7, 0x77, 0x07,
    0x93, 0xf3, 0x73, 0x03, 0x97, 0xf7, 0x77, 0x07, 0x47, 0x33, 0xa3, 0xc3,
    0x43, 0x37, 0xa7, 0xc7, 0x47, 0x33, 0xa3, 0xc3, 0x43, 0x37, 0xa7, 0xc7,
    0x47, 0x33, 0xa3, 0xc3, 0x43, 0x37, 0xa7, 0xc7, 0x47, 0x33, 0xa3, 0xc3,
    0x43, 0x37, 0xa7, 0xc7, 0x67, 0x1b, 0x83, 0xe3, 0x63, 0x0f, 0x87, 0xe7,
    0x67, 0x1b, 0x83, 0xe3, 0x63, 0x0f, 0x87, 0xe7, 0x67, 0x1b, 0x83, 0xe3,
    0x63, 0x0f, 0x87, 0xe7, 0x67, 0x1b, 0x83, 0xe3, 0x63, 0x0f, 0x87, 0xe7,
    0xbb, 0xdb, 0x5b, 0x23, 0xaf, 0xcf, 0x4f, 0x27, 0xbb, 0xdb, 0x5b, 0x23,
    0xaf, 0xcf, 0x4f, 0x27, 0xbb, 0xdb, 0x5b, 0x23, 0xaf, 0xcf, 0x4f, 0x27,
    0xbb, 0xdb, 0x5b, 0x23, 0xaf, 0xcf, 0x4f, 0x27, 0x9b, 0xfb, 0x7b, 0x0b,
    0x8f, 0xef, 0x6f, 0x00, 0x9b, 0xfb, 0x7b, 0x0b, 0x8f, 0xef, 0x6f, 0x00,
    0x9b, 0xfb, 0x7b, 0x0b, 0x8f, 0xef, 0x6f, 0x00, 0x9b, 0xfb, 0x7b, 0x0b,
    0x8f, 0xef, 0x6f, 0x00, 0x3f, 0x3b, 0xab, 0xcb, 0x4b, 0x2f, 0x9f, 0xbf,
    0x3f, 0x3b, 0xab, 0xcb, 0x4b, 0x2f, 0x9f, 0xbf, 0x3f, 0x3b, 0xab, 0xcb,
    0x4b, 0x2f, 0x9f, 0xbf, 0x3f, 0x3b, 0xab, 0xcb, 0x4b, 0x2f, 0x9f, 0xbf,
    0x5f, 0x13, 0x8b, 0xeb, 0x6b, 0x17, 0x7f, 0xdf, 0x5f, 0x13, 0x8b, 0xeb,
    0x6b, 0x17, 0x7f, 0xdf, 0x5f, 0x13, 0x8b, 0xeb, 0x6b, 0x17, 0x7f, 0xdf,
    0x5f, 0x13, 0x8b, 0xeb, 0x6b, 0x17, 0x7f, 0xdf, 0xb3, 0xd3, 0x53, 0x2b,
    0xb7, 0xd7, 0x57, 0x1f, 0xb3, 0xd3, 0x53, 0x2b, 0xb7, 0xd7, 0x57, 0x1f,
    0xb3, 0xd3, 0x53, 0x2b, 0xb7, 0xd7, 0x57, 0x1f, 0xb3, 0xd3, 0x53, 0x2b,
    0xb7, 0xd7, 0x57, 0x1f, 0x93, 0xf3, 0x73, 0x03, 0x97, 0xf7, 0x77, 0x07,
    0x93, 0xf3, 0x73, 0x03, 0x97, 0xf7, 0x77, 0x07, 0x93, 0xf3, 0x73, 0x03,
    0x97, 0xf7, 0x77, 0x07, 0x93, 0xf3, 0x73, 0x03, 0x97, 0xf7, 0x77, 0x07,
    0x47, 0x33, 0xa3, 0xc3, 0x43, 0x37, 0xa7, 0xc7, 0x47, 0x33, 0xa3, 0xc3,
    0x43, 0x37, 0xa7, 0xc7, 0x47, 0x33, 0xa3, 0xc3, 0x43, 0x37, 0xa7, 0xc7,
    0x47, 0x33, 0xa3, 0xc3, 0x43, 0x37, 0xa7, 0xc7, 0x67, 0x1b, 0x83, 0xe3,
    0x63, 0x0f, 0x87, 0xe7, 0x67, 0x1b, 0x83, 0xe3, 0x63, 0x0f, 0x87, 0xe7,
    0x67, 0x1b, 0x83, 0xe3, 0x63, 0x0f, 0x87, 0xe7, 0x67, 0x1b, 0x83, 0xe3,
    0x63, 0x0f, 0x87, 0xe7, 0xbb, 0xdb, 0x5b, 0x23, 0xaf, 0xcf, 0x4f, 0x27,
    0xbb, 0xdb, 0x5b, 0x23, 0xaf, 0xcf, 0x4f, 0x27, 0xbb, 0xdb, 0x5b, 0x23,
    0xaf, 0xcf, 0x4f, 0x27, 0xbb, 0xdb, 0x5b, 0x23, 0xaf, 0xcf, 0x4f, 0x27,
    0x9b, 0xfb, 0x7b, 0x0b, 0x8f, 0xef, 0x6f, 0x00, 0x9b, 0xfb, 0x7b, 0x0b,
    0x8f, 0xef, 0x6f, 0x00, 0x9b, 0xfb, 0x7b, 0x0b, 0x8f, 0xef, 0x6f, 0x00,
    0x9b, 0xfb, 0x7b, 0x0b, 0x8f, 0xef, 0x6f, 0x00, 0x3f, 0x3b, 0xab, 0xcb,
    0x4b, 0x2f, 0x9f, 0xbf, 0x3f, 0x3b, 0xab, 0xcb, 0x4b, 0x2f, 0x9f, 0xbf,
    0x3f, 0x3b, 0xab, 0xcb, 0x4b, 0x2f, 0x9f, 0xbf, 0x3f, 0x3b, 0xab, 0xcb,
    0x4b, 0x2f, 0x9f, 0xbf, 0x5f, 0x13, 0x8b, 0xeb, 0x6b, 0x17, 0x7f, 0xdf,
    0x5f, 0x13, 0x8b, 0xeb, 0x6b, 0x17, 0x7f, 0xdf, 0x5f, 0x13, 0x8b, 0xeb,
    0x6b, 0x17, 0x7f, 0xdf, 0x5f, 0x13, 0x8b, 0xeb, 0x6b, 0x17, 0x7f, 0xdf,
    0xb3, 0xd3, 0x53, 0x2b, 0xb7, 0xd7, 0x57, 0x1f, 0xb3, 0xd3, 0x53, 0x2b,
    0xb7, 0xd7, 0x57, 0x1f, 0xb3, 0xd3, 0x53, 0x2b, 0xb7, 0xd7, 0x57, 0x1f,
    0xb3, 0xd3, 0x53, 0x2b, 0xb7, 0xd7, 0x57, 0x1f, 0x93, 0xf3, 0x73, 0x03,
    0x97, 0xf7, 0x77, 0x07, 0x93, 0xf3, 0x73, 0x03, 0x97, 0xf7, 0x77, 0x07,
    0x93, 0xf3, 0x73, 0x03, 0x97, 0xf7, 0x77, 0x07, 0x93, 0xf3, 0x73, 0x03,
    0x97, 0xf7, 0x77, 0x07, 0x47, 0x33, 0xa3, 0xc3, 0x43, 0x37, 0xa7, 0xc7,
    0x47, 0x33, 0xa3, 0xc3, 0x43, 0x37, 0xa7, 0xc7, 0x47, 0x33, 0xa3, 0xc3,
    0x43, 0x37, 0xa7, 0xc7, 0x47, 0x33, 0xa3, 0xc3, 0x43, 0x37, 0xa7, 0xc7,
    0xfb, 0x7b, 0xcb, 0x4b, 0xef, 0x6f, 0xbf, 0x3f, 0xfb, 0x7b, 0xcb, 0x4b,
    0xef, 0x6f, 0xbf, 0x3f, 0xfb, 0x7b, 0xcb, 0x4b, 0xef, 0x6f, 0xbf, 0x3f,
    0xfb, 0x7b, 0xcb, 0x4b, 0xef, 0x6f, 0xbf, 0x3f, 0x00, 0xbb, 0x3b, 0x8b,
    0x0b, 0xaf, 0x2f, 0x7f, 0x00, 0xbb, 0x3b, 0x8b, 0x0b, 0xaf, 0x2f, 0x7f,
    0x00, 0xbb, 0x3b, 0x8b, 0x0b, 0xaf, 0x2f, 0x7f, 0x00, 0xbb, 0x3b, 0x8b,
    0x0b, 0xaf, 0x2f, 0x7f, 0xdb, 0x5b, 0xeb, 0x6b, 0xcf, 0x4f, 0xdf, 0x5f,
    0xdb, 0x5b, 0xeb, 0x6b, 0xcf, 0x4f, 0xdf, 0x5f, 0xdb, 0x5b, 0xeb, 0x6b,
    0xcf, 0x4f, 0xdf, 0x5f, 0xdb, 0x5b, 0xeb, 0x6b, 0xcf, 0x4f, 0xdf, 0x5f,
    0x1f, 0x9b, 0x1b, 0xab, 0x2b, 0x8f, 0x0f, 0x9f, 0x1f, 0x9b, 0x1b, 0xab,
    0x2b, 0x8f, 0x0f, 0x9f, 0x1f, 0x9b, 0x1b, 0xab, 0x2b, 0x8f, 0x0f, 0x9f,
    0x1f, 0x9b, 0x1b, 0xab, 0x2b, 0x8f, 0x0f, 0x9f, 0xf3, 0x73, 0xc3, 0x43,
    0xf7, 0x77, 0xc7, 0x47, 0xf3, 0x73, 0xc3, 0x43, 0xf7, 0x77, 0xc7, 0x47,
    0xf3, 0x73, 0xc3, 0x43, 0xf7, 0x77, 0xc7, 0x47, 0xf3, 0x73, 0xc3, 0x43,
    0xf7, 0x77, 0xc7, 0x47, 0x07, 0xb3, 0x33, 0x83, 0x03, 0xb7, 0x37, 0x87,
    0x07, 0xb3, 0x33, 0x83, 0x03, 0xb7, 0x37, 0x87, 0x07, 0xb3, 0x33, 0x83,
    0x03, 0xb7, 0x37, 0x87, 0x07, 0xb3, 0x33, 0x83, 0x03, 0xb7, 0x37, 0x87,
    0xd3, 0x53, 0xe3, 0x63, 0xd7, 0x57, 0xe7, 0x67, 0xd3, 0x53, 0xe3, 0x63,
    0xd7, 0x57, 0xe7, 0x67, 0xd3, 0x53, 0xe3, 0x63, 0xd7, 0x57, 0xe7, 0x67,
    0xd3, 0x53, 0xe3, 0x63, 0xd7, 0x57, 0xe7, 0x67, 0x27, 0x93, 0x13, 0xa3,
    0x23, 0x97, 0x17, 0xa7, 0x27, 0x93, 0x13, 0xa3, 0x23, 0x97, 0x17, 0xa7,
    0x27, 0x93, 0x13, 0xa3, 0x23, 0x97, 0x17, 0xa7, 0x27, 0x93, 0x13, 0xa3,
    0x23, 0x97, 0x17, 0xa7, 0xfb, 0x7b, 0xcb, 0x4b, 0xef, 0x6f, 0xbf, 0x3f,
    0xfb, 0x7b, 0xcb, 0x4b, 0xef, 0x6f, 0xbf, 0x3f, 0xfb, 0x7b, 0xcb, 0x4b,
    0xef, 0x6f, 0xbf, 0x3f, 0xfb, 0x7b, 0xcb, 0x4b, 0xef, 0x6f, 0xbf, 0x3f,
    0x00, 0xbb, 0x3b, 0x8b, 0x0b, 0xaf, 0x2f, 0x7f, 0x00, 0xbb, 0x3b, 0x8b,
    0x0b, 0xaf, 0x2f, 0x7f, 0x00, 0xbb, 0x3b, 0x8b, 0x0b, 0xaf, 0x2f, 0x7f,
    0x00, 0xbb, 0x3b, 0x8b, 0x0b, 0xaf, 0x2f, 0x7f, 0xdb, 0x5b, 0xeb, 0x6b,
    0xcf, 0x4f, 0xdf, 0x5f, 0xdb, 0x5b, 0xeb, 0x6b, 0xcf, 0x4f, 0xdf, 0x5f,
    0xdb, 0x5b, 0xeb, 0x6b, 0xcf, 0x4f, 0xdf, 0x5f, 0xdb, 0x5b, 0xeb, 0x6b,
    0xcf, 0x4f, 0xdf, 0x5f, 0x1f, 0x9b, 0x1b, 0xab, 0x2b, 0x8f, 0x0f, 0x9f,
    0x1f, 0x9b, 0x1b, 0xab, 0x2b, 0x8f, 0x0f, 0x9f, 0x1f, 0x9b, 0x1b, 0xab,
    0x2b, 0x8f, 0x0f, 0x9f, 0x1f, 0x9b, 0x1b, 0xab, 0x2b, 0x8f, 0x0f, 0x9f,
    0xf3, 0x73, 0xc3, 0x43, 0xf7, 0x77, 0xc7, 0x47, 0xf3, 0x73, 0xc3, 0x43,
    0xf7, 0x77, 0xc7, 0x47, 0xf3, 0x73, 0xc3, 0x43, 0xf7, 0x77, 0xc7, 0x47,
    0xf3, 0x73, 0xc3, 0x43, 0xf7, 0x77, 0xc7, 0x47, 0x07, 0xb3, 0x33, 0x83,
    0x03, 0xb7, 0x37, 0x87, 0x07, 0xb3, 0x33, 0x83, 0x03, 0xb7, 0x37, 0x87,
    0x07, 0xb3, 0x33, 0x83, 0x03, 0xb7, 0x37, 0x87, 0x07, 0xb3, 0x33, 0x83,
    0x03, 0xb7, 0x37, 0x87, 0xd3, 0x53, 0xe3, 0x63, 0xd7, 0x57, 0xe7, 0x67,
    0xd3, 0x53, 0xe3, 0x63, 0xd7, 0x57, 0xe7, 0x67, 0xd3, 0x53, 0xe3, 0x63,
    0xd7, 0x57, 0xe7, 0x67, 0xd3, 0x53, 0xe3, 0x63, 0xd7, 0x57, 0xe7, 0x67,
    0x27, 0x93, 0x13, 0xa3, 0x23, 0x97, 0x17, 0xa7, 0x27, 0x93, 0x13, 0xa3,
    0x23, 0x97, 0x17, 0xa7, 0x27, 0x93, 0x13, 0xa3, 0x23, 0x97, 0x17, 0xa7,
    0x27, 0x93, 0x13, 0xa3, 0x23, 0x97, 0x17, 0xa7, 0xfb, 0x7b, 0xcb, 0x4b,
    0xef, 0x6f, 0xbf, 0x3f, 0xfb, 0x7b, 0xcb, 0x4b, 0xef, 0x6f, 0xbf, 0x3f,
    0xfb, 0x7b, 0xcb, 0x4b, 0xef, 0x6f, 0xbf, 0x3f, 0xfb, 0x7b, 0xcb, 0x4b,
    0xef, 0x6f, 0xbf, 0x3f, 0x00, 0xbb, 0x3b, 0x8b, 0x0b, 0xaf, 0x2f, 0x7f,
    0x00, 0xbb, 0x3b, 0x8b, 0x0b, 0xaf, 0x2f, 0x7f, 0x00, 0xbb, 0x3b, 0x8b,
    0x0b, 0xaf, 0x2f, 0x7f, 0x00, 0xbb, 0x3b, 0x8b, 0x0b, 0xaf, 0x2f, 0x7f,
    0xdb, 0x5b, 0xeb, 0x6b, 0xcf, 0x4f, 0xdf, 0x5f, 0xdb, 0x5b, 0xeb, 0x6b,
    0xcf, 0x4f, 0xdf, 0x5f, 0xdb, 0x5b, 0xeb, 0x6b, 0xcf, 0x4f, 0xdf, 0x5f,
    0xdb, 0x5b, 0xeb, 0x6b, 0xcf, 0x4f, 0xdf, 0x5f, 0x1f, 0x9b, 0x1b, 0xab,
    0x2b, 0x8f, 0x0f, 0x9f, 0x1f, 0x9b, 0x1b, 0xab, 0x2b, 0x8f, 0x0f, 0x9f,
    0x1f, 0x9b, 0x1b, 0xab, 0x2b, 0x8f, 0x0f, 0x9f, 0x1f, 0x9b, 0x1b, 0xab,
    0x2b, 0x8f, 0x0f, 0x9f, 0xf3, 0x73, 0xc3, 0x43, 0xf7, 0x77, 0xc7, 0x47,
    0xf3, 0x73, 0xc3, 0x43, 0xf7, 0x77, 0xc7, 0x47, 0xf3, 0x73, 0xc3, 0x43,
    0xf7, 0x77, 0xc7, 0x47, 0xf3, 0x73, 0xc3, 0x43, 0xf7, 0x77, 0xc7, 0x47,
    0x07, 0xb3, 0x33, 0x83, 0x03, 0xb7, 0x37, 0x87, 0x07, 0xb3, 0x33, 0x83,
    0x03, 0xb7, 0x37, 0x87, 0x07, 0xb3, 0x33, 0x83, 0x03, 0xb7, 0x37, 0x87,
    0x07, 0xb3, 0x33, 0x83, 0x03, 0xb7, 0x37, 0x87, 0xd3, 0x53, 0xe3, 0x63,
    0xd7, 0x57, 0xe7, 0x67, 0xd3, 0x53, 0xe3, 0x63, 0xd7, 0x57, 0xe7, 0x67,
    0xd3, 0x53, 0xe3, 0x63, 0xd7, 0x57, 0xe7, 0x67, 0xd3, 0x53, 0xe3, 0x63,
    0xd7, 0x57, 0xe7, 0x67, 0x27, 0x93, 0x13, 0xa3, 0x23, 0x97, 0x17, 0xa7,
    0x27, 0x93, 0x13, 0xa3, 0x23, 0x97, 0x17, 0xa7, 0x27, 0x93, 0x13, 0xa3,
    0x23, 0x97, 0x17, 0xa7, 0x27, 0x93, 0x13, 0xa3, 0x23, 0x97, 0x17, 0xa7,
    0xfb, 0x7b, 0xcb, 0x4b, 0xef, 0x6f, 0xbf, 0x3f, 0xfb, 0x7b, 0xcb, 0x4b,
    0xef, 0x6f, 0xbf, 0x3f, 0xfb, 0x7b, 0xcb, 0x4b, 0xef, 0x6f, 0xbf, 0x3f,
    0xfb, 0x7b, 0xcb, 0x4b, 0xef, 0x6f, 0xbf, 0x3f, 0x00, 0xbb, 0x3b, 0x8b,
    0x0b, 0xaf, 0x2f, 0x7f, 0x00, 0xbb, 0x3b, 0x8b, 0x0b, 0xaf, 0x2f, 0x7f,
    0x00, 0xbb, 0x3b, 0x8b, 0x0b, 0xaf, 0x2f, 0x7f, 0x00, 0xbb, 0x3b, 0x8b,
    0x0b, 0xaf, 0x2f, 0x7f, 0xdb, 0x5b, 0xeb, 0x6b, 0xcf, 0x4f, 0xdf, 0x5f,
    0xdb, 0x5b, 0xeb, 0x6b, 0xcf, 0x4f, 0xdf, 0x5f, 0xdb, 0x5b, 0xeb, 0x6b,
    0xcf, 0x4f, 0xdf, 0x5f, 0xdb, 0x5b, 0xeb, 0x6b, 0xcf, 0x4f, 0xdf, 0x5f,
    0x1f, 0x9b, 0x1b, 0xab, 0x2b, 0x8f, 0x0f, 0x9f, 0x1f, 0x9b, 0x1b, 0xab,
    0x2b, 0x8f, 0x0f, 0x9f, 0x1f, 0x9b, 0x1b, 0xab, 0x2b, 0x8f, 0x0f, 0x9f,
    0x1f, 0x9b, 0x1b, 0xab, 0x2b, 0x8f, 0x0f, 0x9f, 0xf3, 0x73, 0xc3, 0x43,
    0xf7, 0x77, 0xc7, 0x47, 0xf3, 0x73, 0xc3, 0x43, 0xf7, 0x77, 0xc7, 0x47,
    0xf3, 0x73, 0xc3, 0x43, 0xf7, 0x77, 0xc7, 0x47, 0xf3, 0x73, 0xc3, 0x43,
    0xf7, 0x77, 0xc7, 0x47, 0x07, 0xb3, 0x33, 0x83, 0x03, 0xb7, 0x37, 0x87,
    0x07, 0xb3, 0x33, 0x83, 0x03, 0xb7, 0x37, 0x87, 0x07, 0xb3, 0x33, 0x83,
    0x03, 0xb7, 0x37, 0x87, 0x07, 0xb3, 0x33, 0x83, 0x03, 0xb7, 0x37, 0x87,
    0xd3, 0x53, 0xe3, 0x63, 0xd7, 0x57, 0xe7, 0x67, 0xd3, 0x53, 0xe3, 0x63,
    0xd7, 0x57, 0xe7, 0x67, 0xd3, 0x53, 0xe3, 0x63, 0xd7, 0x57, 0xe7, 0x67,
    0xd3, 0x53, 0xe3, 0x63, 0xd7, 0x57, 0xe7, 0x67, 0x27, 0x93, 0x13, 0xa3,
    0x23, 0x97, 0x17, 0xa7, 0x27, 0x93, 0x13, 0xa3, 0x23, 0x97, 0x17, 0xa7,
    0x27, 0x93, 0x13, 0xa3, 0x23, 0x97, 0x17, 0xa7, 0x27, 0x93, 0x13, 0xa3,
    0x23, 0x97, 0x17, 0xa7, 0x3c, 0x59, 0xd7, 0xea, 0xfe, 0xfe, 0x2b, 0x35,
    0x3f, 0x5b, 0xd9, 0xec, 0xfd, 0xfd, 0x28, 0x32, 0x3b, 0x58, 0xd6, 0xe9,
    0xfe, 0xfe, 0x2b, 0x34, 0x3e, 0x5b, 0xd8, 0xec, 0xfd, 0xfd, 0x29, 0x32,
    0x76, 0x80, 0xe0, 0xf4, 0xfe, 0xfe, 0x65, 0x6f, 0x78, 0x82, 0xe3, 0xf6,
    0xfd, 0xfd, 0x62, 0x6c, 0x75, 0x7f, 0xe0, 0xf3, 0xfe, 0xfe, 0x65, 0x6e,
    0x78, 0x82, 0xe2, 0xf5, 0xfd, 0xfd, 0x63, 0x6c, 0xb4, 0xbd, 0x00, 0x00,
    0x1d, 0x4d, 0x91, 0x9a, 0xb7, 0xc1, 0x00, 0x00, 0x18, 0x49, 0x8c, 0x96,
    0xb3, 0xbd, 0x00, 0x00, 0x1c, 0x4c, 0x90, 0x9a, 0xb7, 0xc0, 0x00, 0x00,
    0x19, 0x49, 0x8d, 0x97, 0xc7, 0xd1, 0x09, 0x13, 0x26, 0x57, 0xa4, 0xae,
    0xcb, 0xd4, 0x05, 0x0f, 0x22, 0x52, 0xa0, 0xa9, 0xc6, 0xd0, 0x09, 0x12,
    0x26, 0x56, 0xa3, 0xad, 0xca, 0xd4, 0x06, 0x0f, 0x23, 0x53, 0xa0, 0xaa,
    0xfc, 0xfc, 0x30, 0x3a, 0x43, 0x60, 0xde, 0xf1, 0xfb, 0xfb, 0x2c, 0x35,
    0x3f, 0x5c, 0xda, 0xed, 0xfc, 0xfc, 0x2f, 0x39, 0x43, 0x60, 0xdd, 0xf1,
    0xfb, 0xfb, 0x2c, 0x36, 0x40, 0x5d, 0xda, 0xee, 0xfc, 0xfc, 0x6a, 0x74,
    0x7d, 0x87, 0xe8, 0xfa, 0xfb, 0xfb, 0x66, 0x6f, 0x79, 0x83, 0xe3, 0xf7,
    0xfc, 0xfc, 0x69, 0x73, 0x7d, 0x86, 0xe7, 0xfa, 0xfb, 0xfb, 0x66, 0x70,
    0x7a, 0x83, 0xe4, 0xf7, 0x17, 0x47, 0x8b, 0x94, 0xb1, 0xbb, 0x00, 0x00,
    0x14, 0x44, 0x88, 0x91, 0xae, 0xb8, 0x00, 0x00, 0x16, 0x46, 0x8a, 0x94,
    0xb1, 0xba, 0x00, 0x00, 0x14, 0x45, 0x88, 0x92, 0xaf, 0xb8, 0x00, 0x00,
    0x20, 0x51, 0x9e, 0xa8, 0xc5, 0xce, 0x01, 0x0a, 0x1d, 0x4e, 0x9b, 0xa5,
    0xc2, 0xcb, 0x03, 0x0c, 0x20, 0x50, 0x9d, 0xa7, 0xc4, 0xce, 0x02, 0x0b,
    0x1e, 0x4e, 0x9c, 0xa5, 0xc2, 0xcc, 0x03, 0x0d, 0x3d, 0x5a, 0xd8, 0xeb,
    0xfd, 0xfd, 0x27, 0x31, 0x3a, 0x57, 0xd5, 0xe8, 0xfe, 0xfe, 0x29, 0x33,
    0x3d, 0x5a, 0xd7, 0xeb, 0xfd, 0xfd, 0x28, 0x31, 0x3b, 0x58, 0xd5, 0xe9,
    0xfe, 0xfe, 0x2a, 0x34, 0x77, 0x81, 0xe2, 0xf5, 0xfd, 0xfd, 0x61, 0x6b,
    0x74, 0x7e, 0xdf, 0xf2, 0xfe, 0xfe, 0x63, 0x6d, 0x77, 0x80, 0xe1, 0xf4,
    0xfd, 0xfd, 0x62, 0x6b, 0x75, 0x7f, 0xdf, 0xf2, 0xfe, 0xfe, 0x64, 0x6e,
    0xb6, 0xc0, 0x00, 0x00, 0x1a, 0x4a, 0x8e, 0x97, 0xb4, 0xbe, 0x00, 0x00,
    0x1b, 0x4b, 0x8f, 0x98, 0xb5, 0xbf, 0x00, 0x00, 0x1a, 0x4b, 0x8e, 0x98,
    0xb5, 0xbf, 0x00, 0x00, 0x1b, 0x4c, 0x8f, 0x99, 0xc9, 0xd3, 0x06, 0x10,
    0x23, 0x54, 0xa1, 0xab, 0xc8, 0xd1, 0x08, 0x11, 0x25, 0x55, 0xa2, 0xac,
    0xc9, 0xd2, 0x07, 0x11, 0x24, 0x54, 0xa2, 0xab, 0xc8, 0xd2, 0x08, 0x12,
    0x25, 0x55, 0xa3, 0xac, 0xfb, 0xfb, 0x2d, 0x37, 0x40, 0x5d, 0xdb, 0xee,
    0xfc, 0xfc, 0x2e, 0x38, 0x42, 0x5f, 0xdc, 0xef, 0xfb, 0xfb, 0x2e, 0x37,
    0x41, 0x5e, 0xdc, 0xef, 0xfc, 0xfc, 0x2f, 0x38, 0x42, 0x5f, 0xdd, 0xf0,
    0xfb, 0xfb, 0x67, 0x71, 0x7a, 0x84, 0xe5, 0xf8, 0xfc, 0xfc, 0x68, 0x72,
    0x7c, 0x85, 0xe6, 0xf9, 0xfb, 0xfb, 0x68, 0x71, 0x7b, 0x85, 0xe5, 0xf9,
    0xfc, 0xfc, 0x69, 0x72, 0x7c, 0x86, 0xe6, 0xfa, 0x15, 0x45, 0x89, 0x92,
    0xaf, 0xb9, 0x00, 0x00, 0x17, 0x48, 0x8b, 0x95, 0xb2, 0xbc, 0x00, 0x00,
    0x15, 0x46, 0x89, 0x93, 0xb0, 0xba, 0x00, 0x00, 0x18, 0x48, 0x8c, 0x95,
    0xb2, 0xbc, 0x00, 0x00, 0x1f, 0x4f, 0x9c, 0xa6, 0xc3, 0xcc, 0x04, 0x0e,
    0x21, 0x51, 0x9f, 0xa8, 0xc5, 0xcf, 0x02, 0x0c, 0x1f, 0x4f, 0x9d, 0xa6,
    0xc3, 0xcd, 0x05, 0x0e, 0x22, 0x52, 0x9f, 0xa9, 0xc6, 0xcf, 0x02, 0x0b,
    0x3b, 0x58, 0xd6, 0xe9, 0xfe, 0xfe, 0x2b, 0x34, 0x3e, 0x5b, 0xd8, 0xec,
    0xfd, 0xfd, 0x29, 0x32, 0x3c, 0x59, 0xd7, 0xea, 0xfe, 0xfe, 0x2b, 0x35,
    0x3f, 0x5b, 0xd9, 0xec, 0xfd, 0xfd, 0x28, 0x32, 0x75, 0x7f, 0xe0, 0xf3,
    0xfe, 0xfe, 0x65, 0x6e, 0x78, 0x82, 0xe2, 0xf5, 0xfd, 0xfd, 0x63, 0x6c,
    0x76, 0x80, 0xe0, 0xf4, 0xfe, 0xfe, 0x65, 0x6f, 0x78, 0x82, 0xe3, 0xf6,
    0xfd, 0xfd, 0x62, 0x6c, 0xb3, 0xbd, 0x00, 0x00, 0x1c, 0x4c, 0x90, 0x9a,
    0xb7, 0xc0, 0x00, 0x00, 0x19, 0x49, 0x8d, 0x97, 0xb4, 0xbd, 0x00, 0x00,
    0x1b, 0x4c, 0x91, 0x9a, 0xb7, 0xc1, 0x00, 0x00, 0x18, 0x49, 0x8c, 0x96,
    0xc6, 0xd0, 0x09, 0x12, 0x26, 0x56, 0xa3, 0xad, 0xca, 0xd4, 0x06, 0x0f,
    0x23, 0x53, 0xa0, 0xaa, 0xc7, 0xd1, 0x08, 0x12, 0x25, 0x55, 0xa4, 0xae,
    0xcb, 0xd4, 0x05, 0x0f, 0x22, 0x52, 0xa0, 0xa9, 0xfc, 0xfc, 0x2f, 0x39,
    0x43, 0x60, 0xdd, 0xf1, 0xfb, 0xfb, 0x2c, 0x36, 0x40, 0x5d, 0xda, 0xee,
    0xfc, 0xfc, 0x2f, 0x38, 0x42, 0x5f, 0xde, 0xf1, 0xfb, 0xfb, 0x2c, 0x35,
    0x3f, 0x5c, 0xda, 0xed, 0xfc, 0xfc, 0x69, 0x73, 0x7d, 0x86, 0xe7, 0xfa,
    0xfb, 0xfb, 0x66, 0x70, 0x7a, 0x83, 0xe4, 0xf7, 0xfc, 0xfc, 0x69, 0x72,
    0x7c, 0x86, 0xe8, 0xfa, 0xfb, 0xfb, 0x66, 0x6f, 0x79, 0x83, 0xe3, 0xf7,
    0x16, 0x46, 0x8a, 0x94, 0xb1, 0xba, 0x00, 0x00, 0x14, 0x45, 0x88, 0x92,
    0xaf, 0xb8, 0x00, 0x00, 0x17, 0x47, 0x8b, 0x94, 0xb1, 0xbb, 0x00, 0x00,
    0x14, 0x44, 0x88, 0x91, 0xae, 0xb8, 0x00, 0x00, 0x20, 0x50, 0x9d, 0xa7,
    0xc4, 0xce, 0x02, 0x0b, 0x1e, 0x4e, 0x9c, 0xa5, 0xc2, 0xcc, 0x03, 0x0d,
    0x20, 0x51, 0x9e, 0xa8, 0xc5, 0xce, 0x01, 0x0a, 0x1d, 0x4e, 0x9b, 0xa5,
    0xc2, 0xcb, 0x03, 0x0c, 0x3d, 0x5a, 0xd7, 0xeb, 0xfd, 0xfd, 0x28, 0x31,
    0x3b, 0x58, 0xd5, 0xe9, 0xfe, 0xfe, 0x2a, 0x34, 0x3d, 0x5a, 0xd8, 0xeb,
    0xfd, 0xfd, 0x27, 0x31, 0x3a, 0x57, 0xd5, 0xe8, 0xfe, 0xfe, 0x29, 0x33,
    0x77, 0x80, 0xe1, 0xf4, 0xfd, 0xfd, 0x62, 0x6b, 0x75, 0x7f, 0xdf, 0xf2,
    0xfe, 0xfe, 0x64, 0x6e, 0x77, 0x81, 0xe2, 0xf5, 0xfd, 0xfd, 0x61, 0x6b,
    0x74, 0x7e, 0xdf, 0xf2, 0xfe, 0xfe, 0x63, 0x6d, 0xb5, 0xbf, 0x00, 0x00,
    0x1a, 0x4b, 0x8e, 0x98, 0xb5, 0xbf, 0x00, 0x00, 0x1b, 0x4c, 0x8f, 0x99,
    0xb6, 0xc0, 0x00, 0x00, 0x1a, 0x4a, 0x8e, 0x97, 0xb4, 0xbe, 0x00, 0x00,
    0x1b, 0x4b, 0x8f, 0x98, 0xc9, 0xd2, 0x07, 0x11, 0x24, 0x54, 0xa2, 0xab,
    0xc8, 0xd2, 0x08, 0x12, 0x25, 0x55, 0xa3, 0xac, 0xc9, 0xd3, 0x06, 0x10,
    0x23, 0x54, 0xa1, 0xab, 0xc8, 0xd1, 0x08, 0x11, 0x25, 0x55, 0xa2, 0xac,
    0xfb, 0xfb, 0x2e, 0x37, 0x41, 0x5e, 0xdc, 0xef, 0xfc, 0xfc, 0x2f, 0x38,
    0x42, 0x5f, 0xdd, 0xf0, 0xfb, 0xfb, 0x2d, 0x37, 0x40, 0x5d, 0xdb, 0xee,
    0xfc, 0xfc, 0x2e, 0x38, 0x42, 0x5f, 0xdc, 0xef, 0xfb, 0xfb, 0x68, 0x71,
    0x7b, 0x85, 0xe5, 0xf9, 0xfc, 0xfc, 0x69, 0x72, 0x7c, 0x86, 0xe6, 0xfa,
    0xfb, 0xfb, 0x67, 0x71, 0x7a, 0x84, 0xe5, 0xf8, 0xfc, 0xfc, 0x68, 0x72,
    0x7c, 0x85, 0xe6, 0xf9, 0x15, 0x46, 0x89, 0x93, 0xb0, 0xba, 0x00, 0x00,
    0x18, 0x48, 0x8c, 0x95, 0xb2, 0xbc, 0x00, 0x00, 0x15, 0x45, 0x89, 0x92,
    0xaf, 0xb9, 0x00, 0x00, 0x17, 0x48, 0x8b, 0x95, 0xb2, 0xbc, 0x00, 0x00,
    0x1f, 0x4f, 0x9d, 0xa6, 0xc3, 0xcd, 0x05, 0x0e, 0x22, 0x52, 0x9f, 0xa9,
    0xc6, 0xcf, 0x02, 0x0b, 0x1f, 0x4f, 0x9c, 0xa6, 0xc3, 0xcc, 0x04, 0x0e,
    0x21, 0x51, 0x9f, 0xa8, 0xc5, 0xcf, 0x02, 0x0c, 0x98, 0xeb, 0xeb, 0x65,
    0xa3, 0xea, 0xea, 0x59, 0x9a, 0xeb, 0xeb, 0x60, 0xa0, 0xea, 0xea, 0x57,
    0x99, 0xeb, 0xeb, 0x65, 0xa4, 0xea, 0xea, 0x5a, 0x9b, 0xeb, 0xeb, 0x61,
    0xa2, 0xea, 0xea, 0x58, 0xfa, 0x00, 0x00, 0xcc, 0xe7, 0x03, 0x03, 0xfb,
    0xfb, 0x00, 0x00, 0xc7, 0xe6, 0x02, 0x02, 0xf9, 0xf9, 0x00, 0x00, 0xc9,
    0xe7, 0x03, 0x03, 0xfc, 0xfc, 0x00, 0x00, 0xc8, 0xe6, 0x02, 0x02, 0xfa,
    0xfa, 0x2b, 0x70, 0xf0, 0xf0, 0x48, 0x8c, 0xfb, 0xfb, 0x30, 0x76, 0xef,
    0xef, 0x46, 0x8a, 0xf9, 0xf9, 0x2c, 0x71, 0xf0, 0xf0, 0x49, 0x8d, 0xfc,
    0xfc, 0x31, 0x77, 0xef, 0xef, 0x47, 0x8a, 0xfa, 0x2a, 0xae, 0xd4, 0x04,
    0x04, 0xc4, 0xe5, 0x21, 0x21, 0xb4, 0xd9, 0x07, 0x07, 0xc3, 0xe4, 0x2a,
    0x2a, 0xaf, 0xd5, 0x04, 0x04, 0xc4, 0xe5, 0x23, 0x23, 0xb5, 0xd9, 0x07,
    0x07, 0xc3, 0xe4, 0x29, 0xad, 0xe9, 0xe9, 0x4c, 0x8e, 0xed, 0xed, 0x67,
    0xa7, 0xe9, 0xe9, 0x53, 0x95, 0xec, 0xec, 0x6f, 0xad, 0xe9, 0xe9, 0x4d,
    0x8f, 0xed, 0xed, 0x69, 0xa8, 0xe9, 0xe9, 0x54, 0x96, 0xec, 0xec, 0x70,
    0xe8, 0x01, 0x01, 0xf2, 0xf2, 0x00, 0x00, 0xcd, 0xe8, 0x01, 0x01, 0xf5,
    0xf5, 0x00, 0x00, 0xd2, 0xe8, 0x01, 0x01, 0xf2, 0xf2, 0x00, 0x00, 0xce,
    0xe8, 0x01, 0x01, 0xf6, 0xf6, 0x00, 0x00, 0xd3, 0xf1, 0x3b, 0x80, 0xf2,
    0xf2, 0x32, 0x78, 0xf1, 0xf1, 0x42, 0x86, 0xf5, 0xf5, 0x38, 0x7e, 0xf1,
    0xf1, 0x3d, 0x81, 0xf2, 0xf2, 0x32, 0x79, 0xf1, 0xf1, 0x43, 0x87, 0xf6,
    0xf6, 0x39, 0x7f, 0xf1, 0x0f, 0xbe, 0xdf, 0x11, 0x11, 0xb6, 0xda, 0x08,
    0x08, 0xc1, 0xe2, 0x1d, 0x1d, 0xbc, 0xde, 0x0d, 0x0d, 0xbe, 0xdf, 0x13,
    0x13, 0xb7, 0xdb, 0x08, 0x08, 0xc1, 0xe2, 0x1f, 0x1f, 0xbd, 0xde, 0x0f,
    0x9c, 0xeb, 0xeb, 0x5e, 0x9e, 0xea, 0xea, 0x55, 0x97, 0xeb, 0xeb, 0x62,
    0xa5, 0xea, 0xea, 0x5b, 0x9d, 0xeb, 0xeb, 0x5f, 0x9f, 0xea, 0xea, 0x56,
    0x98, 0xeb, 0xeb, 0x64, 0xa6, 0xea, 0xea, 0x5d, 0xfd, 0x00, 0x00, 0xc6,
    0xe6, 0x02, 0x02, 0xf7, 0xf7, 0x00, 0x00, 0xca, 0xe7, 0x03, 0x03, 0xfe,
    0xfe, 0x00, 0x00, 0xc6, 0xe6, 0x02, 0x02, 0xf8, 0xf8, 0x00, 0x00, 0xcb,
    0xe7, 0x03, 0x03, 0xfd, 0xfd, 0x2e, 0x74, 0xef, 0xef, 0x44, 0x88, 0xf7,
    0xf7, 0x2d, 0x72, 0xf0, 0xf0, 0x4a, 0x8b, 0xfe, 0xfe, 0x2f, 0x75, 0xef,
    0xef, 0x45, 0x89, 0xf8, 0xf8, 0x2e, 0x73, 0xf0, 0xf0, 0x4b, 0x8b, 0xfd,
    0x26, 0xb2, 0xd7, 0x06, 0x06, 0xc2, 0xe3, 0x27, 0x27, 0xb0, 0xd6, 0x05,
    0x05, 0xc5, 0xe5, 0x25, 0x25, 0xb3, 0xd8, 0x06, 0x06, 0xc2, 0xe3, 0x27,
    0x27, 0xb1, 0xd6, 0x05, 0x05, 0xc5, 0xe5, 0x26, 0xa9, 0xe9, 0xe9, 0x50,
    0x92, 0xec, 0xec, 0x6c, 0xab, 0xe9, 0xe9, 0x4e, 0x90, 0xee, 0xee, 0x6a,
    0xaa, 0xe9, 0xe9, 0x52, 0x94, 0xec, 0xec, 0x6e, 0xac, 0xe9, 0xe9, 0x4f,
    0x91, 0xee, 0xee, 0x6b, 0xe8, 0x01, 0x01, 0xf4, 0xf4, 0x00, 0x00, 0xd1,
    0xe8, 0x01, 0x01, 0xf3, 0xf3, 0x00, 0x00, 0xcf, 0xe8, 0x01, 0x01, 0xf4,
    0xf4, 0x00, 0x00, 0xd1, 0xe8, 0x01, 0x01, 0xf3, 0xf3, 0x00, 0x00, 0xd0,
    0xf1, 0x40, 0x84, 0xf4, 0xf4, 0x35, 0x7c, 0xf1, 0xf1, 0x3f, 0x82, 0xf3,
    0xf3, 0x33, 0x7a, 0xf1, 0xf1, 0x41, 0x85, 0xf4, 0xf4, 0x37, 0x7d, 0xf1,
    0xf1, 0x3f, 0x83, 0xf3, 0xf3, 0x34, 0x7b, 0xf1, 0x0b, 0xc0, 0xe1, 0x19,
    0x19, 0xba, 0xdd, 0x0a, 0x0a, 0xbf, 0xe8, 0x15, 0x15, 0xb8, 0xdc, 0x09,
    0x09, 0xc0, 0xe1, 0x1b, 0x1b, 0xbb, 0xdd, 0x0c, 0x0c, 0xbf, 0xe0, 0x17,
    0x17, 0xb9, 0xdc, 0x0b, 0x99, 0xeb, 0xeb, 0x66, 0xa4, 0xea, 0xea, 0x5a,
    0x9b, 0xeb, 0xeb, 0x61, 0xa2, 0xea, 0xea, 0x58, 0x98, 0xeb, 0xeb, 0x65,
    0xa3, 0xea, 0xea, 0x59, 0x9a, 0xeb, 0xeb, 0x60, 0xa1, 0xea, 0xea, 0x57,
    0xf9, 0x00, 0x00, 0xc9, 0xe7, 0x03, 0x03, 0xfc, 0xfc, 0x00, 0x00, 0xc8,
    0xe6, 0x02, 0x02, 0xfa, 0xfa, 0x00, 0x00, 0xcc, 0xe7, 0x03, 0x03, 0xfb,
    0xfb, 0x00, 0x00, 0xc7, 0xe6, 0x02, 0x02, 0xf9, 0xf9, 0x2c, 0x71, 0xf0,
    0xf0, 0x49, 0x8d, 0xfc, 0xfc, 0x31, 0x77, 0xef, 0xef, 0x47, 0x8a, 0xfa,
    0xfa, 0x2b, 0x70, 0xf0, 0xf0, 0x48, 0x8c, 0xfb, 0xfb, 0x30, 0x76, 0xef,
    0xef, 0x46, 0x8a, 0xf9, 0x29, 0xaf, 0xd5, 0x04, 0x04, 0xc4, 0xe5, 0x24,
    0x24, 0xb5, 0xd9, 0x07, 0x07, 0xc3, 0xe4, 0x2a, 0x2a, 0xae, 0xd4, 0x04,
    0x04, 0xc4, 0xe5, 0x22, 0x22, 0xb4, 0xd9, 0x07, 0x07, 0xc3, 0xe4, 0x29,
    0xad, 0xe9, 0xe9, 0x4d, 0x8f, 0xed, 0xed, 0x69, 0xa8, 0xe9, 0xe9, 0x54,
    0x96, 0xec, 0xec, 0x70, 0xad, 0xe9, 0xe9, 0x4c, 0x8e, 0xed, 0xed, 0x68,
    0xa7, 0xe9, 0xe9, 0x53, 0x95, 0xec, 0xec, 0x6f, 0xe8, 0x01, 0x01, 0xf2,
    0xf2, 0x00, 0x00, 0xce, 0xe8, 0x01, 0x01, 0xf6, 0xf6, 0x00, 0x00, 0xd3,
    0xe8, 0x01, 0x01, 0xf2, 0xf2, 0x00, 0x00, 0xcd, 0xe8, 0x01, 0x01, 0xf5,
    0xf5, 0x00, 0x00, 0xd2, 0xf1, 0x3e, 0x81, 0xf2, 0xf2, 0x32, 0x79, 0xf1,
    0xf1, 0x43, 0x87, 0xf6, 0xf6, 0x3a, 0x7f, 0xf1, 0xf1, 0x3c, 0x80, 0xf2,
    0xf2, 0x32, 0x78, 0xf1, 0xf1, 0x42, 0x86, 0xf5, 0xf5, 0x39, 0x7e, 0xf1,
    0x0e, 0xbe, 0xdf, 0x14, 0x14, 0xb7, 0xdb, 0x08, 0x08, 0xc1, 0xe2, 0x20,
    0x20, 0xbd, 0xde, 0x10, 0x10, 0xbe, 0xdf, 0x12, 0x12, 0xb6, 0xda, 0x08,
    0x08, 0xc1, 0xe2, 0x1e, 0x1e, 0xbc, 0xde, 0x0e, 0x9d, 0xeb, 0xeb, 0x5f,
    0x9f, 0xea, 0xea, 0x56, 0x98, 0xeb, 0xeb, 0x64, 0xa6, 0xea, 0xea, 0x5d,
    0x9c, 0xeb, 0xeb, 0x5e, 0x9e, 0xea, 0xea, 0x55, 0x97, 0xeb, 0xeb, 0x63,
    0xa5, 0xea, 0xea, 0x5c, 0xfe, 0x00, 0x00, 0xc6, 0xe6, 0x02, 0x02, 0xf8,
    0xf8, 0x00, 0x00, 0xcb, 0xe7, 0x03, 0x03, 0xfd, 0xfd, 0x00, 0x00, 0xc6,
    0xe6, 0x02, 0x02, 0xf7, 0xf7, 0x00, 0x00, 0xca, 0xe7, 0x03, 0x03, 0xfe,
    0xfe, 0x2f, 0x75, 0xef, 0xef, 0x45, 0x89, 0xf8, 0xf8, 0x2e, 0x73, 0xf0,
    0xf0, 0x4b, 0x8b, 0xfd, 0xfd, 0x2e, 0x74, 0xef, 0xef, 0x44, 0x88, 0xf7,
    0xf7, 0x2d, 0x72, 0xf0, 0xf0, 0x4a, 0x8b, 0xfe, 0x25, 0xb3, 0xd8, 0x06,
    0x06, 0xc2, 0xe3, 0x27, 0x27, 0xb1, 0xd6, 0x05, 0x05, 0xc5, 0xe5, 0x26,
    0x26, 0xb2, 0xd7, 0x06, 0x06, 0xc2, 0xe3, 0x27, 0x27, 0xb0, 0xd6, 0x05,
    0x05, 0xc5, 0xe5, 0x25, 0xaa, 0xe9, 0xe9, 0x52, 0x94, 0xec, 0xec, 0x6e,
    0xac, 0xe9, 0xe9, 0x4f, 0x91, 0xee, 0xee, 0x6b, 0xa9, 0xe9, 0xe9, 0x51,
    0x93, 0xec, 0xec, 0x6d, 0xab, 0xe9, 0xe9, 0x4e, 0x90, 0xee, 0xee, 0x6a,
    0xe8, 0x01, 0x01, 0xf4, 0xf4, 0x00, 0x00, 0xd1, 0xe8, 0x01, 0x01, 0xf3,
    0xf3, 0x00, 0x00, 0xd0, 0xe8, 0x01, 0x01, 0xf4, 0xf4, 0x00, 0x00, 0xd1,
    0xe8, 0x01, 0x01, 0xf3, 0xf3, 0x00, 0x00, 0xcf, 0xf1, 0x41, 0x85, 0xf4,
    0xf4, 0x37, 0x7d, 0xf1, 0xf1, 0x3f, 0x83, 0xf3, 0xf3, 0x34, 0x7b, 0xf1,
    0xf1, 0x40, 0x84, 0xf4, 0xf4, 0x36, 0x7c, 0xf1, 0xf1, 0x3f, 0x82, 0xf3,
    0xf3, 0x33, 0x7a, 0xf1, 0x09, 0xc0, 0xe1, 0x1c, 0x1c, 0xbb, 0xdd, 0x0c,
    0x0c, 0xbf, 0xe0, 0x18, 0x18, 0xb9, 0xdc, 0x0b, 0x0b, 0xc0, 0xe1, 0x1a,
    0x1a, 0xba, 0xdd, 0x0a, 0x0a, 0xbf, 0xe8, 0x16, 0x16, 0xb8, 0xdc, 0x09,
    0x00, 0x00, 0x00, 0x00, 0x49, 0x4d, 0x6a, 0x6e, 0x8c, 0x90, 0xab, 0xaf,
    0xb3, 0xb7, 0xbb, 0xbf, 0x00, 0x00, 0x00, 0x00, 0x49, 0x4d, 0x6a, 0x6e,
    0x8c, 0x90, 0xab, 0xaf, 0xb3, 0xb7, 0xbb, 0xbf, 0x00, 0x00, 0x00, 0x00,
    0x4b, 0x4f, 0x6c, 0x70, 0x8e, 0x92, 0xad, 0xb1, 0xb5, 0xb9, 0xbd, 0xc1,
    0x00, 0x00, 0x00, 0x00, 0x4b, 0x4f, 0x6c, 0x70, 0x8e, 0x92, 0xad, 0xb1,
    0xb5, 0xb9, 0xbd, 0xc1, 0x03, 0x10, 0x19, 0x1f, 0x51, 0x55, 0x72, 0x76,
    0x94, 0x98, 0xc4, 0xcb, 0xd3, 0xd9, 0xde, 0xe3, 0x04, 0x12, 0x1b, 0x20,
    0x51, 0x55, 0x72, 0x76, 0x94, 0x98, 0xc5, 0xcc, 0xd4, 0xda, 0xde, 0xe3,
    0x08, 0x15, 0x1d, 0x23, 0x53, 0x57, 0x74, 0x78, 0x96, 0x9a, 0xc8, 0xcf,
    0xd6, 0xdc, 0xe0, 0xe4, 0x0a, 0x16, 0x22, 0x24, 0x53, 0x57, 0x74, 0x78,
    0x96, 0x9a, 0xc9, 0xd0, 0xd6, 0xdc, 0xe1, 0xe4, 0x27, 0x2b, 0x30, 0x34,
    0x59, 0x5d, 0x7a, 0x7e, 0x9c, 0xa0, 0xe5, 0xe9, 0xfd, 0xfd, 0xfd, 0xfd,
    0x27, 0x2b, 0x30, 0x34, 0x59, 0x5d, 0x7a, 0x7e, 0x9c, 0xa0, 0xe5, 0xe9,
    0xfa, 0xfa, 0xfa, 0xfa, 0x29, 0x2d, 0x32, 0x36, 0x5b, 0x5f, 0x7c, 0x80,
    0x9e, 0xa2, 0xe7, 0xeb, 0xfd, 0xfd, 0xfd, 0xfd, 0x29, 0x2d, 0x32, 0x36,
    0x5b, 0x5f, 0x7c, 0x80, 0x9e, 0xa2, 0xe7, 0xeb, 0xfa, 0xfa, 0xfa, 0xfa,
    0x38, 0x3d, 0x41, 0x45, 0x61, 0x66, 0x82, 0x86, 0xa3, 0xa7, 0xed, 0xf7,
    0xfd, 0xfd, 0xfd, 0xfd, 0x39, 0x3d, 0x41, 0x45, 0x61, 0x66, 0x82, 0x86,
    0xa3, 0xa7, 0xef, 0xf7, 0xfc, 0xfc, 0xfc, 0xfc, 0x3b, 0x3f, 0x43, 0x47,
    0x64, 0x68, 0x84, 0x88, 0xa5, 0xa9, 0xf4, 0xf7, 0xfd, 0xfd, 0xfd, 0xfd,
    0x3b, 0x3f, 0x43, 0x46, 0x64, 0x68, 0x84, 0x88, 0xa5, 0xa9, 0xf4, 0xf7,
    0xfc, 0xfc, 0xfc, 0xfc, 0x8a, 0x8f, 0xaa, 0xae, 0xb2, 0xb6, 0xba, 0xbe,
    0x00, 0x00, 0x00, 0x00, 0x4a, 0x4e, 0x6b, 0x6f, 0x8b, 0x8f, 0xaa, 0xae,
    0xb2, 0xb6, 0xba, 0xbe, 0x00, 0x00, 0x00, 0x01, 0x4a, 0x4e, 0x6b, 0x6f,
    0x8d, 0x91, 0xac, 0xb0, 0xb4, 0xb8, 0xbc, 0xc0, 0x00, 0x00, 0x00, 0x00,
    0x4c, 0x50, 0x6d, 0x71, 0x8d, 0x91, 0xac, 0xb0, 0xb4, 0xb8, 0xbc, 0xc0,
    0x00, 0x00, 0x00, 0x01, 0x4c, 0x50, 0x6d, 0x71, 0x93, 0x97, 0xc2, 0xc6,
    0xd5, 0xdb, 0xdd, 0xe2, 0x05, 0x13, 0x1c, 0x21, 0x52, 0x56, 0x73, 0x77,
    0x93, 0x97, 0xc2, 0xc6, 0xd5, 0xdb, 0xdd, 0xe2, 0x06, 0x14, 0x1c, 0x22,
    0x52, 0x56, 0x73, 0x77, 0x95, 0x99, 0xc7, 0xce, 0xd8, 0xdd, 0xdf, 0xe4,
    0x0c, 0x17, 0x1e, 0x25, 0x54, 0x58, 0x75, 0x79, 0x95, 0x99, 0xc6, 0xcd,
    0xd7, 0xdd, 0xdf, 0xe4, 0x0e, 0x18, 0x1e, 0x25, 0x54, 0x58, 0x75, 0x79,
    0x9b, 0x9f, 0xe6, 0xea, 0xfe, 0xfe, 0xfe, 0xfe, 0x28, 0x2c, 0x31, 0x35,
    0x5a, 0x5e, 0x7b, 0x7f, 0x9b, 0x9f, 0xe6, 0xea, 0xf9, 0xf9, 0xf9, 0xf9,
    0x28, 0x2c, 0x31, 0x35, 0x5a, 0x5e, 0x7b, 0x7f, 0x9d, 0xa1, 0xe8, 0xec,
    0xfe, 0xfe, 0xfe, 0xfe, 0x2a, 0x2e, 0x33, 0x37, 0x5c, 0x60, 0x7d, 0x81,
    0x9d, 0xa1, 0xe8, 0xec, 0xf9, 0xf9, 0xf9, 0xf9, 0x2a, 0x2f, 0x33, 0x37,
    0x5c, 0x60, 0x7d, 0x81, 0xa3, 0xa6, 0xf3, 0xf8, 0xfe, 0xfe, 0xfe, 0xfe,
    0x3a, 0x3d, 0x42, 0x46, 0x62, 0x67, 0x83, 0x87, 0xa3, 0xa6, 0xf1, 0xf8,
    0xfb, 0xfb, 0xfb, 0xfb, 0x3a, 0x3e, 0x42, 0x45, 0x63, 0x67, 0x83, 0x87,
    0xa4, 0xa8, 0xf5, 0xf8, 0xfe, 0xfe, 0xfe, 0xfe, 0x3c, 0x40, 0x44, 0x48,
    0x65, 0x69, 0x85, 0x89, 0xa4, 0xa8, 0xf5, 0xf8, 0xfb, 0xfb, 0xfb, 0xfb,
    0x3c, 0x40, 0x44, 0x48, 0x65, 0x69, 0x85, 0x89, 0x00, 0x00, 0x00, 0x00,
    0x49, 0x4d, 0x6a, 0x6e, 0x8c, 0x90, 0xab, 0xaf, 0xb3, 0xb7, 0xbb, 0xbf,
    0x00, 0x00, 0x00, 0x00, 0x49, 0x4d, 0x6a, 0x6e, 0x8c, 0x90, 0xab, 0xaf,
    0xb3, 0xb7, 0xbb, 0xbf, 0x00, 0x00, 0x00, 0x00, 0x4b, 0x4f, 0x6c, 0x70,
    0x8e, 0x92, 0xad, 0xb1, 0xb5, 0xb9, 0xbd, 0xc1, 0x00, 0x00, 0x00, 0x00,
    0x4b, 0x4f, 0x6c, 0x70, 0x8e, 0x92, 0xad, 0xb1, 0xb5, 0xb9, 0xbd, 0xc1,
    0x04, 0x12, 0x1b, 0x20, 0x51, 0x55, 0x72, 0x76, 0x94, 0x98, 0xc3, 0xc7,
    0xcf, 0xda, 0xde, 0xe3, 0x03, 0x11, 0x1a, 0x1f, 0x51, 0x55, 0x72, 0x76,
    0x94, 0x98, 0xc4, 0xcb, 0xd3, 0xd9, 0xde, 0xe3, 0x0b, 0x16, 0x22, 0x24,
    0x53, 0x57, 0x74, 0x78, 0x96, 0x9a, 0xc5, 0xcc, 0xd4, 0xda, 0xe1, 0xe4,
    0x09, 0x15, 0x1d, 0x23, 0x53, 0x57, 0x74, 0x78, 0x96, 0x9a, 0xc8, 0xcf,
    0xd6, 0xdc, 0xe0, 0xe4, 0x27, 0x2b, 0x30, 0x34, 0x59, 0x5d, 0x7a, 0x7e,
    0x9c, 0xa0, 0xe5, 0xe9, 0xfa, 0xfa, 0xfa, 0xfa, 0x27, 0x2b, 0x30, 0x34,
    0x59, 0x5d, 0x7a, 0x7e, 0x9c, 0xa0, 0xe5, 0xe9, 0xfd, 0xfd, 0xfd, 0xfd,
    0x29, 0x2d, 0x32, 0x36, 0x5b, 0x5f, 0x7c, 0x80, 0x9e, 0xa2, 0xe7, 0xeb,
    0xfa, 0xfa, 0xfa, 0xfa, 0x29, 0x2d, 0x32, 0x36, 0x5b, 0x5f, 0x7c, 0x80,
    0x9e, 0xa2, 0xe7, 0xeb, 0xfd, 0xfd, 0xfd, 0xfd, 0x39, 0x3d, 0x41, 0x45,
    0x61, 0x66, 0x82, 0x86, 0xa3, 0xa7, 0xf0, 0xf7, 0xfc, 0xfc, 0xfc, 0xfc,
    0x38, 0x3d, 0x41, 0x45, 0x61, 0x66, 0x82, 0x86, 0xa3, 0xa7, 0xee, 0xf7,
    0xfd, 0xfd, 0xfd, 0xfd, 0x3b, 0x3f, 0x43, 0x46, 0x64, 0x68, 0x84, 0x88,
    0xa5, 0xa9, 0xf4, 0xf7, 0xfc, 0xfc, 0xfc, 0xfc, 0x3b, 0x3f, 0x43, 0x47,
    0x64, 0x68, 0x84, 0x88, 0xa5, 0xa9, 0xf4, 0xf7, 0xfd, 0xfd, 0xfd, 0xfd,
    0x8b, 0x8f, 0xaa, 0xae, 0xb2, 0xb6, 0xba, 0xbe, 0x00, 0x00, 0x00, 0x02,
    0x4a, 0x4e, 0x6b, 0x6f, 0x8a, 0x8f, 0xaa, 0xae, 0xb2, 0xb6, 0xba, 0xbe,
    0x00, 0x00, 0x00, 0x00, 0x4a, 0x4e, 0x6b, 0x6f, 0x8d, 0x91, 0xac, 0xb0,
    0xb4, 0xb8, 0xbc, 0xc0, 0x00, 0x00, 0x00, 0x02, 0x4c, 0x50, 0x6d, 0x71,
    0x8d, 0x91, 0xac, 0xb0, 0xb4, 0xb8, 0xbc, 0xc0, 0x00, 0x00, 0x00, 0x00,
    0x4c, 0x50, 0x6d, 0x71, 0x93, 0x97, 0xc2, 0xc6, 0xd5, 0xdb, 0xdd, 0xe2,
    0x07, 0x14, 0x1c, 0x22, 0x52, 0x56, 0x73, 0x77, 0x93, 0x97, 0xc2, 0xc6,
    0xd5, 0xdb, 0xdd, 0xe2, 0x05, 0x13, 0x1c, 0x21, 0x52, 0x56, 0x73, 0x77,
    0x95, 0x99, 0xc6, 0xcd, 0xd7, 0xdd, 0xdf, 0xe4, 0x0f, 0x18, 0x1e, 0x25,
    0x54, 0x58, 0x75, 0x79, 0x95, 0x99, 0xc7, 0xce, 0xd8, 0xdd, 0xdf, 0xe4,
    0x0d, 0x17, 0x1e, 0x25, 0x54, 0x58, 0x75, 0x79, 0x9b, 0x9f, 0xe6, 0xea,
    0xf9, 0xf9, 0xf9, 0xf9, 0x28, 0x2c, 0x31, 0x35, 0x5a, 0x5e, 0x7b, 0x7f,
    0x9b, 0x9f, 0xe6, 0xea, 0xfe, 0xfe, 0xfe, 0xfe, 0x28, 0x2c, 0x31, 0x35,
    0x5a, 0x5e, 0x7b, 0x7f, 0x9d, 0xa1, 0xe8, 0xec, 0xf9, 0xf9, 0xf9, 0xf9,
    0x2a, 0x2f, 0x33, 0x37, 0x5c, 0x60, 0x7d, 0x81, 0x9d, 0xa1, 0xe8, 0xec,
    0xfe, 0xfe, 0xfe, 0xfe, 0x2a, 0x2e, 0x33, 0x37, 0x5c, 0x60, 0x7d, 0x81,
    0xa3, 0xa6, 0xf2, 0xf8, 0xfb, 0xfb, 0xfb, 0xfb, 0x3a, 0x3e, 0x42, 0x45,
    0x63, 0x67, 0x83, 0x87, 0xa3, 0xa6, 0xf3, 0xf8, 0xfe, 0xfe, 0xfe, 0xfe,
    0x3a, 0x3d, 0x42, 0x46, 0x62, 0x67, 0x83, 0x87, 0xa4, 0xa8, 0xf5, 0xf8,
    0xfb, 0xfb, 0xfb, 0xfb, 0x3c, 0x40, 0x44, 0x48, 0x65, 0x69, 0x85, 0x89,
    0xa4, 0xa8, 0xf5, 0xf8, 0xfe, 0xfe, 0xfe, 0xfe, 0x3c, 0x40, 0x44, 0x48,
    0x65, 0x69, 0x85, 0x89, 0x00, 0x00, 0x1a, 0x40, 0xc0, 0xd6, 0xfa, 0xfa,
    0x00, 0x00, 0x1e, 0x43, 0xc4, 0xd8, 0xfc, 0xfc, 0x00, 0x00, 0x1b, 0x41,
    0xc1, 0xd6, 0xfa, 0xfa, 0x00, 0x00, 0x1f, 0x44, 0xc5, 0xd8, 0xfc, 0xfc,
    0x00, 0x00, 0x2d, 0x52, 0xce, 0xde, 0xfa, 0xfa, 0x00, 0x00, 0x35, 0x58,
    0xd0, 0xe0, 0xfc, 0xfc, 0x00, 0x00, 0x2f, 0x53, 0xce, 0xde, 0xfa, 0xfa,
    0x00, 0x00, 0x36, 0x59, 0xd0, 0xe0, 0xfc, 0xfc, 0x00, 0x00, 0x6a, 0x9b,
    0xe6, 0xf6, 0xfa, 0xfa, 0x00, 0x00, 0x70, 0x9f, 0xe8, 0xf7, 0xfc, 0xfc,
    0x00, 0x00, 0x6b, 0x9c, 0xe6, 0xf6, 0xfa, 0xfa, 0x00, 0x00, 0x71, 0xa0,
    0xe8, 0xf7, 0xfc, 0xfc, 0x00, 0x00, 0x87, 0xac, 0xee, 0xf6, 0xfa, 0xfa,
    0x00, 0x00, 0x8d, 0xb0, 0xf0, 0xf7, 0xfc, 0xfc, 0x00, 0x00, 0x88, 0xad,
    0xee, 0xf6, 0xfa, 0xfa, 0x00, 0x00, 0x8e, 0xb0, 0xf0, 0xf7, 0xfc, 0xfc,
    0xcc, 0xdc, 0xfe, 0xfe, 0x02, 0x02, 0x22, 0x49, 0xc9, 0xda, 0xfd, 0xfd,
    0x04, 0x04, 0x26, 0x4d, 0xcc, 0xdc, 0xfe, 0xfe, 0x02, 0x02, 0x23, 0x4a,
    0xca, 0xda, 0xfd, 0xfd, 0x04, 0x04, 0x27, 0x4e, 0xd4, 0xe4, 0xfe, 0xfe,
    0x07, 0x07, 0x39, 0x5e, 0xd2, 0xe2, 0xfd, 0xfd, 0x09, 0x09, 0x3c, 0x64,
    0xd4, 0xe4, 0xfe, 0xfe, 0x07, 0x07, 0x3a, 0x5f, 0xd2, 0xe2, 0xfd, 0xfd,
    0x09, 0x09, 0x3c, 0x65, 0xec, 0xf9, 0xfe, 0xfe, 0x0c, 0x0c, 0x77, 0xa3,
    0xea, 0xf8, 0xfd, 0xfd, 0x0e, 0x0e, 0x7f, 0xa8, 0xec, 0xf9, 0xfe, 0xfe,
    0x0c, 0x0c, 0x79, 0xa4, 0xea, 0xf8, 0xfd, 0xfd, 0x0e, 0x0e, 0x81, 0xa9,
    0xf4, 0xf9, 0xfe, 0xfe, 0x12, 0x13, 0x93, 0xb3, 0xf2, 0xf8, 0xfd, 0xfd,
    0x16, 0x17, 0x97, 0xb9, 0xf4, 0xf9, 0xfe, 0xfe, 0x12, 0x13, 0x94, 0xb4,
    0xf2, 0xf8, 0xfd, 0xfd, 0x16, 0x17, 0x98, 0xbb, 0x01, 0x01, 0x20, 0x46,
    0xc7, 0xd9, 0xfd, 0xfd, 0x00, 0x00, 0x1c, 0x42, 0xc2, 0xd7, 0xfb, 0xfb,
    0x01, 0x01, 0x21, 0x47, 0xc8, 0xd9, 0xfd, 0xfd, 0x00, 0x00, 0x1d, 0x42,
    0xc3, 0xd7, 0xfb, 0xfb, 0x06, 0x06, 0x37, 0x5b, 0xd1, 0xe1, 0xfd, 0xfd,
    0x00, 0x00, 0x31, 0x55, 0xcf, 0xdf, 0xfb, 0xfb, 0x06, 0x06, 0x38, 0x5c,
    0xd1, 0xe1, 0xfd, 0xfd, 0x00, 0x00, 0x33, 0x56, 0xcf, 0xdf, 0xfb, 0xfb,
    0x0b, 0x0b, 0x73, 0xa1, 0xe9, 0xf7, 0xfd, 0xfd, 0x00, 0x00, 0x6d, 0x9d,
    0xe7, 0xf6, 0xfb, 0xfb, 0x0b, 0x0b, 0x75, 0xa2, 0xe9, 0xf7, 0xfd, 0xfd,
    0x00, 0x00, 0x6e, 0x9e, 0xe7, 0xf6, 0xfb, 0xfb, 0x10, 0x11, 0x90, 0xb1,
    0xf1, 0xf7, 0xfd, 0xfd, 0x00, 0x00, 0x8a, 0xaf, 0xec, 0xf6, 0xfb, 0xfb,
    0x10, 0x11, 0x92, 0xb2, 0xf1, 0xf7, 0xfd, 0xfd, 0x00, 0x00, 0x8b, 0xaf,
    0xec, 0xf6, 0xfb, 0xfb, 0xcb, 0xdb, 0xfe, 0xfe, 0x05, 0x05, 0x29, 0x50,
    0xcd, 0xdd, 0xfe, 0xfe, 0x03, 0x03, 0x24, 0x4b, 0xcb, 0xdb, 0xfe, 0xfe,
    0x05, 0x05, 0x2b, 0x51, 0xcd, 0xdd, 0xfe, 0xfe, 0x03, 0x03, 0x25, 0x4c,
    0xd3, 0xe3, 0xfe, 0xfe, 0x0a, 0x0a, 0x3e, 0x67, 0xd5, 0xe5, 0xfe, 0xfe,
    0x08, 0x08, 0x3b, 0x61, 0xd3, 0xe3, 0xfe, 0xfe, 0x0a, 0x0a, 0x3e, 0x68,
    0xd5, 0xe5, 0xfe, 0xfe, 0x08, 0x08, 0x3b, 0x62, 0xeb, 0xf8, 0xfe, 0xfe,
    0x0f, 0x0f, 0x83, 0xaa, 0xed, 0xf9, 0xfe, 0xfe, 0x0d, 0x0d, 0x7b, 0xa5,
    0xeb, 0xf8, 0xfe, 0xfe, 0x0f, 0x0f, 0x85, 0xab, 0xed, 0xf9, 0xfe, 0xfe,
    0x0d, 0x0d, 0x7d, 0xa6, 0xf3, 0xf8, 0xfe, 0xfe, 0x18, 0x19, 0x99, 0xbe,
    0xf5, 0xf9, 0xfe, 0xfe, 0x14, 0x15, 0x95, 0xb5, 0xf3, 0xf8, 0xfe, 0xfe,
    0x18, 0x19, 0x9a, 0xbf, 0xf5, 0xf9, 0xfe, 0xfe, 0x14, 0x15, 0x96, 0xb7,
    0x00, 0x00, 0x1b, 0x41, 0xc1, 0xd6, 0xfa, 0xfa, 0x00, 0x00, 0x1f, 0x45,
    0xc6, 0xd8, 0xfc, 0xfc, 0x00, 0x00, 0x1a, 0x40, 0xc0, 0xd6, 0xfa, 0xfa,
    0x00, 0x00, 0x1e, 0x43, 0xc4, 0xd8, 0xfc, 0xfc, 0x00, 0x00, 0x30, 0x54,
    0xce, 0xde, 0xfa, 0xfa, 0x00, 0x00, 0x36, 0x5a, 0xd0, 0xe0, 0xfc, 0xfc,
    0x00, 0x00, 0x2e, 0x52, 0xce, 0xde, 0xfa, 0xfa, 0x00, 0x00, 0x35, 0x58,
    0xd0, 0xe0, 0xfc, 0xfc, 0x00, 0x00, 0x6c, 0x9c, 0xe6, 0xf6, 0xfa, 0xfa,
    0x00, 0x00, 0x72, 0xa0, 0xe8, 0xf7, 0xfc, 0xfc, 0x00, 0x00, 0x6a, 0x9b,
    0xe6, 0xf6, 0xfa, 0xfa, 0x00, 0x00, 0x70, 0x9f, 0xe8, 0xf7, 0xfc, 0xfc,
    0x00, 0x00, 0x89, 0xae, 0xee, 0xf6, 0xfa, 0xfa, 0x00, 0x00, 0x8f, 0xb0,
    0xf0, 0xf7, 0xfc, 0xfc, 0x00, 0x00, 0x87, 0xac, 0xee, 0xf6, 0xfa, 0xfa,
    0x00, 0x00, 0x8d, 0xb0, 0xf0, 0xf7, 0xfc, 0xfc, 0xcc, 0xdc, 0xfe, 0xfe,
    0x02, 0x02, 0x23, 0x4a, 0xca, 0xda, 0xfd, 0xfd, 0x04, 0x04, 0x28, 0x4f,
    0xcc, 0xdc, 0xfe, 0xfe, 0x02, 0x02, 0x22, 0x49, 0xc9, 0xda, 0xfd, 0xfd,
    0x04, 0x04, 0x26, 0x4d, 0xd4, 0xe4, 0xfe, 0xfe, 0x07, 0x07, 0x3a, 0x60,
    0xd2, 0xe2, 0xfd, 0xfd, 0x09, 0x09, 0x3d, 0x66, 0xd4, 0xe4, 0xfe, 0xfe,
    0x07, 0x07, 0x39, 0x5e, 0xd2, 0xe2, 0xfd, 0xfd, 0x09, 0x09, 0x3c, 0x64,
    0xec, 0xf9, 0xfe, 0xfe, 0x0c, 0x0c, 0x7a, 0xa4, 0xea, 0xf8, 0xfd, 0xfd,
    0x0e, 0x0e, 0x82, 0xa9, 0xec, 0xf9, 0xfe, 0xfe, 0x0c, 0x0c, 0x78, 0xa3,
    0xea, 0xf8, 0xfd, 0xfd, 0x0e, 0x0e, 0x80, 0xa8, 0xf4, 0xf9, 0xfe, 0xfe,
    0x12, 0x13, 0x94, 0xb4, 0xf2, 0xf8, 0xfd, 0xfd, 0x16, 0x17, 0x98, 0xbd,
    0xf4, 0xf9, 0xfe, 0xfe, 0x12, 0x13, 0x93, 0xb3, 0xf2, 0xf8, 0xfd, 0xfd,
    0x16, 0x17, 0x97, 0xba, 0x01, 0x01, 0x21, 0x48, 0xc8, 0xd9, 0xfd, 0xfd,
    0x00, 0x00, 0x1d, 0x42, 0xc3, 0xd7, 0xfb, 0xfb, 0x01, 0x01, 0x20, 0x46,
    0xc7, 0xd9, 0xfd, 0xfd, 0x00, 0x00, 0x1c, 0x42, 0xc2, 0xd7, 0xfb, 0xfb,
    0x06, 0x06, 0x38, 0x5d, 0xd1, 0xe1, 0xfd, 0xfd, 0x00, 0x00, 0x34, 0x57,
    0xcf, 0xdf, 0xfb, 0xfb, 0x06, 0x06, 0x37, 0x5b, 0xd1, 0xe1, 0xfd, 0xfd,
    0x00, 0x00, 0x32, 0x55, 0xcf, 0xdf, 0xfb, 0xfb, 0x0b, 0x0b, 0x76, 0xa2,
    0xe9, 0xf7, 0xfd, 0xfd, 0x00, 0x00, 0x6f, 0x9e, 0xe7, 0xf6, 0xfb, 0xfb,
    0x0b, 0x0b, 0x74, 0xa1, 0xe9, 0xf7, 0xfd, 0xfd, 0x00, 0x00, 0x6d, 0x9d,
    0xe7, 0xf6, 0xfb, 0xfb, 0x10, 0x11, 0x92, 0xb2, 0xf1, 0xf7, 0xfd, 0xfd,
    0x00, 0x00, 0x8c, 0xaf, 0xec, 0xf6, 0xfb, 0xfb, 0x10, 0x11, 0x91, 0xb1,
    0xf1, 0xf7, 0xfd, 0xfd, 0x00, 0x00, 0x8a, 0xaf, 0xec, 0xf6, 0xfb, 0xfb,
    0xcb, 0xdb, 0xfe, 0xfe, 0x05, 0x05, 0x2c, 0x51, 0xcd, 0xdd, 0xfe, 0xfe,
    0x03, 0x03, 0x25, 0x4c, 0xcb, 0xdb, 0xfe, 0xfe, 0x05, 0x05, 0x2a, 0x50,
    0xcd, 0xdd, 0xfe, 0xfe, 0x03, 0x03, 0x24, 0x4b, 0xd3, 0xe3, 0xfe, 0xfe,
    0x0a, 0x0a, 0x3f, 0x69, 0xd5, 0xe5, 0xfe, 0xfe, 0x08, 0x08, 0x3b, 0x63,
    0xd3, 0xe3, 0xfe, 0xfe, 0x0a, 0x0a, 0x3e, 0x67, 0xd5, 0xe5, 0xfe, 0xfe,
    0x08, 0x08, 0x3b, 0x61, 0xeb, 0xf8, 0xfe, 0xfe, 0x0f, 0x0f, 0x86, 0xab,
    0xed, 0xf9, 0xfe, 0xfe, 0x0d, 0x0d, 0x7e, 0xa7, 0xeb, 0xf8, 0xfe, 0xfe,
    0x0f, 0x0f, 0x84, 0xaa, 0xed, 0xf9, 0xfe, 0xfe, 0x0d, 0x0d, 0x7c, 0xa5,
    0xf3, 0xf8, 0xfe, 0xfe, 0x18, 0x19, 0x9a, 0xbf, 0xf5, 0xf9, 0xfe, 0xfe,
    0x14, 0x15, 0x96, 0xb8, 0xf3, 0xf8, 0xfe, 0xfe, 0x18, 0x19, 0x99, 0xbe,
    0xf5, 0xf9, 0xfe, 0xfe, 0x14, 0x15, 0x95, 0xb6, 0x50, 0x33, 0x58, 0x35,
    0x00, 0x00, 0x00, 0x00, 0x00, 0x00, 0x00, 0x00, 0x00, 0x00, 0x00, 0x00,
    0x00, 0x00, 0x33, 0x78, 0x35, 0x00, 0x00, 0x00, 0x00, 0x00, 0x00, 0x00,
    0x00, 0x00, 0x00, 0x00, 0x00, 0x00, 0x00, 0x00, 0x00, 0x00, 0x00, 0x00,
    0x00, 0x00, 0x00, 0x00, 0x00, 0x00, 0x00, 0x00, 0x00, 0x00, 0x4d, 0x4f,
    0x4e, 0x41, 0x52, 0x43, 0x48, 0x00, 0x00, 0x00, 0x00, 0x00, 0x00, 0x00,
    0x00, 0x00, 0x00, 0x00, 0x45, 0x6e, 0x76, 0x4d, 0x6f, 0x6e, 0x61, 0x72,
    0x63, 0x68, 0x00, 0x00, 0x00, 0x00, 0x00, 0x00, 0x00, 0x00, 0x00, 0x00,
    0x00, 0x00, 0x00, 0x00, 0x00, 0x00, 0x00, 0x00, 0x00, 0x00, 0x00, 0x00,
    0x50, 0x4f, 0x53, 0x54, 0x43, 0x41, 0x52, 0x44, 0x00, 0x00, 0x00, 0x00,
    0x00, 0x00, 0x00, 0x00, 0x00, 0x00, 0x50, 0x6f, 0x73, 0x74, 0x63, 0x61,
    0x72, 0x64, 0x00, 0x00, 0x00, 0x00, 0x00, 0x00, 0x00, 0x00, 0x00, 0x00,
    0x00, 0x00, 0x00, 0x00, 0x00, 0x00, 0x00, 0x00, 0x00, 0x00, 0x00, 0x00,
    0x00, 0x00, 0x41, 0x36, 0x00, 0x00, 0x00, 0x00, 0x00, 0x00, 0x00, 0x00,
    0x00, 0x00, 0x00, 0x00, 0x00, 0x00, 0x00, 0x00, 0x41, 0x36, 0x00, 0x00,
    0x00, 0x00, 0x00, 0x00, 0x00, 0x00, 0x00, 0x00, 0x00, 0x00, 0x00, 0x00,
    0x00, 0x00, 0x00, 0x00, 0x00, 0x00, 0x00, 0x00, 0x00, 0x00, 0x00, 0x00,
    0x00, 0x00, 0x00, 0x00, 0x32, 0x37, 0x30, 0x4d, 0x4d, 0x00, 0x00, 0x00,
    0x00, 0x00, 0x00, 0x00, 0x00, 0x00, 0x00, 0x00, 0x00, 0x00, 0x32, 0x31,
    0x30, 0x78, 0x32, 0x37, 0x30, 0x6d, 0x6d, 0x00, 0x00, 0x00, 0x00, 0x00,
    0x00, 0x00, 0x00, 0x00, 0x00, 0x00, 0x00, 0x00, 0x00, 0x00, 0x00, 0x00,
    0x00, 0x00, 0x00, 0x00, 0x00, 0x00, 0x52, 0x4f, 0x43, 0x31, 0x36, 0x4b,
    0x00, 0x00, 0x00, 0x00, 0x00, 0x00, 0x00, 0x00, 0x00, 0x00, 0x00, 0x00,
    0x31, 0x39, 0x37, 0x78, 0x32, 0x37, 0x33, 0x6d, 0x6d, 0x00, 0x00, 0x00,
    0x00, 0x00, 0x00, 0x00, 0x00, 0x00, 0x00, 0x00, 0x00, 0x00, 0x00, 0x00,
    0x00, 0x00, 0x00, 0x00, 0x00, 0x00, 0x00, 0x00, 0x53, 0x49, 0x58, 0x54,
    0x45, 0x45, 0x4e, 0x4b, 0x31, 0x38, 0x34, 0x58, 0x32, 0x36, 0x30, 0x00,
    0x00, 0x00, 0x31, 0x38, 0x34, 0x78, 0x32, 0x36, 0x30, 0x6d, 0x6d, 0x00,
    0x00, 0x00, 0x00, 0x00, 0x00, 0x00, 0x00, 0x00, 0x00, 0x00, 0x00, 0x00,
    0x00, 0x00, 0x00, 0x00, 0x00, 0x00, 0x00, 0x00, 0x00, 0x00, 0x53, 0x49,
    0x58, 0x54, 0x45, 0x45, 0x4e, 0x4b, 0x31, 0x39, 0x35, 0x58, 0x32, 0x37,
    0x30, 0x00, 0x00, 0x00, 0x31, 0x39, 0x35, 0x78, 0x32, 0x37, 0x30, 0x6d,
    0x6d, 0x00, 0x00, 0x00, 0x00, 0x00, 0x00, 0x00, 0x00, 0x00, 0x00, 0x00,
    0x00, 0x00, 0x00, 0x00, 0x00, 0x00, 0x00, 0x00, 0x00, 0x00, 0x00, 0x00,
    0x43, 0x4f, 0x4d, 0x31, 0x30, 0x00, 0x00, 0x00, 0x00, 0x00, 0x00, 0x00,
    0x00, 0x00, 0x00, 0x00, 0x00, 0x00, 0x45, 0x6e, 0x76, 0x31, 0x30, 0x00,
    0x00, 0x00, 0x00, 0x00, 0x00, 0x00, 0x00, 0x00, 0x00, 0x00, 0x00, 0x00,
    0x00, 0x00, 0x00, 0x00, 0x00, 0x00, 0x00, 0x00, 0x00, 0x00, 0x00, 0x00,
    0x00, 0x00, 0x45, 0x4e, 0x56, 0x59, 0x4f, 0x55, 0x34, 0x00, 0x00, 0x00,
    0x00, 0x00, 0x00, 0x00, 0x00, 0x00, 0x00, 0x00, 0x45, 0x6e, 0x76, 0x59,
    0x6f, 0x75, 0x34, 0x00, 0x00, 0x00, 0x00, 0x00, 0x00, 0x00, 0x00, 0x00,
    0x00, 0x00, 0x00, 0x00, 0x00, 0x00, 0x00, 0x00, 0x00, 0x00, 0x00, 0x00,
    0x00, 0x00, 0x00, 0x00, 0x44, 0x4c, 0x00, 0x00, 0x00, 0x00, 0x00, 0x00,
    0x00, 0x00, 0x00, 0x00, 0x00, 0x00, 0x00, 0x00, 0x00, 0x00, 0x45, 0x6e,
    0x76, 0x44, 0x4c, 0x00, 0x00, 0x00, 0x00, 0x00, 0x00, 0x00, 0x00, 0x00,
    0x00, 0x00, 0x00, 0x00, 0x00, 0x00, 0x00, 0x00, 0x00, 0x00, 0x00, 0x00,
    0x00, 0x00, 0x00, 0x00, 0x00, 0x00, 0x45, 0x4e, 0x56, 0x43, 0x48, 0x4f,
    0x55, 0x33, 0x00, 0x00, 0x00, 0x00, 0x00, 0x00, 0x00, 0x00, 0x00, 0x00,
    0x45, 0x6e, 0x76, 0x43, 0x68, 0x6f, 0x75, 0x33, 0x00, 0x00, 0x00, 0x00,
    0x00, 0x00, 0x00, 0x00, 0x00, 0x00, 0x00, 0x00, 0x00, 0x00, 0x00, 0x00,
    0x00, 0x00, 0x00, 0x00, 0x00, 0x00, 0x00, 0x00, 0x41, 0x35, 0x00, 0x00,
    0x00, 0x00, 0x00, 0x00, 0x00, 0x00, 0x00, 0x00, 0x00, 0x00, 0x00, 0x00,
    0x00, 0x00, 0x41, 0x35, 0x00, 0x00, 0x00, 0x00, 0x00, 0x00, 0x00, 0x00,
    0x00, 0x00, 0x00, 0x00, 0x00, 0x00, 0x00, 0x00, 0x00, 0x00, 0x00, 0x00,
    0x00, 0x00, 0x00, 0x00, 0x00, 0x00, 0x00, 0x00, 0x00, 0x00, 0x43, 0x35,
    0x00, 0x00, 0x00, 0x00, 0x00, 0x00, 0x00, 0x00, 0x00, 0x00, 0x00, 0x00,
    0x00, 0x00, 0x00, 0x00, 0x45, 0x6e, 0x76, 0x43, 0x35, 0x00, 0x00, 0x00,
    0x00, 0x00, 0x00, 0x00, 0x00, 0x00, 0x00, 0x00, 0x00, 0x00, 0x00, 0x00,
    0x00, 0x00, 0x00, 0x00, 0x00, 0x00, 0x00, 0x00, 0x00, 0x00, 0x00, 0x00,
    0x42, 0x35, 0x00, 0x00, 0x00, 0x00, 0x00, 0x00, 0x00, 0x00, 0x00, 0x00,
    0x00, 0x00, 0x00, 0x00, 0x00, 0x00, 0x49, 0x53, 0x4f, 0x42, 0x35, 0x00,
    0x00, 0x00, 0x00, 0x00, 0x00, 0x00, 0x00, 0x00, 0x00, 0x00, 0x00, 0x00,
    0x00, 0x00, 0x00, 0x00, 0x00, 0x00, 0x00, 0x00, 0x00, 0x00, 0x00, 0x00,
    0x00, 0x00, 0x4a, 0x49, 0x53, 0x42, 0x35, 0x00, 0x00, 0x00, 0x00, 0x00,
    0x00, 0x00, 0x00, 0x00, 0x00, 0x00, 0x00, 0x00, 0x42, 0x35, 0x00, 0x00,
    0x00, 0x00, 0x00, 0x00, 0x00, 0x00, 0x00, 0x00, 0x00, 0x00, 0x00, 0x00,
    0x00, 0x00, 0x00, 0x00, 0x00, 0x00, 0x00, 0x00, 0x00, 0x00, 0x00, 0x00,
    0x00, 0x00, 0x00, 0x00, 0x4a, 0x49, 0x53, 0x42, 0x36, 0x00, 0x00, 0x00,
    0x00, 0x00, 0x00, 0x00, 0x00, 0x00, 0x00, 0x00, 0x00, 0x00, 0x42, 0x36,
    0x00, 0x00, 0x00, 0x00, 0x00, 0x00, 0x00, 0x00, 0x00, 0x00, 0x00, 0x00,
    0x00, 0x00, 0x00, 0x00, 0x00, 0x00, 0x00, 0x00, 0x00, 0x00, 0x00, 0x00,
    0x00, 0x00, 0x00, 0x00, 0x00, 0x00, 0x45, 0x58, 0x45, 0x43, 0x55, 0x54,
    0x49, 0x56, 0x45, 0x00, 0x00, 0x00, 0x00, 0x00, 0x00, 0x00, 0x00, 0x00,
    0x45, 0x78, 0x65, 0x63, 0x75, 0x74, 0x69, 0x76, 0x65, 0x00, 0x00, 0x00,
    0x00, 0x00, 0x00, 0x00, 0x00, 0x00, 0x00, 0x00, 0x00, 0x00, 0x00, 0x00,
    0x00, 0x00, 0x00, 0x00, 0x00, 0x00, 0x00, 0x00, 0x41, 0x35, 0x4c, 0x00,
    0x00, 0x00, 0x00, 0x00, 0x00, 0x00, 0x00, 0x00, 0x00, 0x00, 0x00, 0x00,
    0x00, 0x00, 0x41, 0x35, 0x52, 0x6f, 0x74, 0x61, 0x74, 0x65, 0x64, 0x00,
    0x00, 0x00, 0x00, 0x00, 0x00, 0x00, 0x00, 0x00, 0x00, 0x00, 0x00, 0x00,
    0x00, 0x00, 0x00, 0x00, 0x00, 0x00, 0x00, 0x00, 0x00, 0x00, 0x41, 0x34,
    0x00, 0x00, 0x00, 0x00, 0x00, 0x00, 0x00, 0x00, 0x00, 0x00, 0x00, 0x00,
    0x00, 0x00, 0x00, 0x00, 0x41, 0x34, 0x00, 0x00, 0x00, 0x00, 0x00, 0x00,
    0x00, 0x00, 0x00, 0x00, 0x00, 0x00, 0x00, 0x00, 0x00, 0x00, 0x00, 0x00,
    0x00, 0x00, 0x00, 0x00, 0x00, 0x00, 0x00, 0x00, 0x00, 0x00, 0x00, 0x00,
    0x4c, 0x45, 0x54, 0x54, 0x45, 0x52, 0x00, 0x00, 0x00, 0x00, 0x00, 0x00,
    0x00, 0x00, 0x00, 0x00, 0x00, 0x00, 0x4c, 0x65, 0x74, 0x74, 0x65, 0x72,
    0x00, 0x00, 0x00, 0x00, 0x00, 0x00, 0x00, 0x00, 0x00, 0x00, 0x00, 0x00,
    0x00, 0x00, 0x00, 0x00, 0x00, 0x00, 0x00, 0x00, 0x00, 0x00, 0x00, 0x00,
    0x00, 0x00, 0x46, 0x4f, 0x4c, 0x49, 0x4f, 0x00, 0x00, 0x00, 0x00, 0x00,
    0x00, 0x00, 0x00, 0x00, 0x00, 0x00, 0x00, 0x00, 0x46, 0x61, 0x6e, 0x46,
    0x6f, 0x6c, 0x64, 0x47, 0x65, 0x72, 0x6d, 0x61, 0x6e, 0x4c, 0x65, 0x67,
    0x61, 0x6c, 0x00, 0x00, 0x00, 0x00, 0x00, 0x00, 0x00, 0x00, 0x00, 0x00,
    0x00, 0x00, 0x00, 0x00, 0x4c, 0x45, 0x47, 0x41, 0x4c, 0x00, 0x00, 0x00,
    0x00, 0x00, 0x00, 0x00, 0x00, 0x00, 0x00, 0x00, 0x00, 0x00, 0x4c, 0x65,
    0x67, 0x61, 0x6c, 0x00, 0x00, 0x00, 0x00, 0x00, 0x00, 0x00, 0x00, 0x00,
    0x00, 0x00, 0x00, 0x00, 0x00, 0x00, 0x00, 0x00, 0x00, 0x00, 0x00, 0x00,
    0x00, 0x00, 0x00, 0x00, 0x00, 0x00, 0x55, 0x53, 0x45, 0x52, 0x44, 0x45,
    0x46, 0x00, 0x00, 0x00, 0x00, 0x00, 0x00, 0x00, 0x00, 0x00, 0x00, 0x00,
    0x43, 0x75, 0x73, 0x74, 0x6f, 0x6d, 0x00, 0x00, 0x00, 0x00, 0x00, 0x00,
    0x00, 0x00, 0x00, 0x00, 0x00, 0x00, 0x00, 0x00, 0x00, 0x00, 0x00, 0x00,
    0x00, 0x00, 0x00, 0x00, 0x00, 0x00, 0x00, 0x00, 0x00, 0x00, 0x00, 0x00,
    0x00, 0x35, 0x00, 0x00, 0xfe, 0xff, 0xff, 0xff, 0x00, 0x07, 0x00, 0x00,
    0xfc, 0xff, 0xff, 0xff, 0x00, 0x07, 0x00, 0x00, 0xfc, 0xff, 0xff, 0xff,
    0x00, 0x08, 0x00, 0x00, 0xfc, 0xff, 0xff, 0xff, 0x00, 0x0b, 0x00, 0x00,
    0xfc, 0xff, 0xff, 0xff, 0x00, 0x0c, 0x00, 0x00, 0xfc, 0xff, 0xff, 0xff,
    0x00, 0x0e, 0x00, 0x00, 0xfc, 0xff, 0xff, 0xff, 0x00, 0x0f, 0x00, 0x00,
    0xfd, 0xff, 0xff, 0xff, 0x00, 0x13, 0x00, 0x00, 0xfd, 0xff, 0xff, 0xff,
    0x00, 0x14, 0x00, 0x00, 0xfd, 0xff, 0xff, 0xff, 0x00, 0x07, 0x00, 0x00,
    0xfd, 0xff, 0xff, 0xff, 0x00, 0x08, 0x00, 0x00, 0xfe, 0xff, 0xff, 0xff,
    0x00, 0x08, 0x00, 0x00, 0xfe, 0xff, 0xff, 0xff, 0x00, 0x03, 0x00, 0x00,
    0xfe, 0xff, 0xff, 0xff, 0x00, 0x34, 0x00, 0x00, 0xfe, 0xff, 0xff, 0xff,
    0x00, 0x35, 0x00, 0x00, 0xfe, 0xff, 0xff, 0xff, 0x00, 0x2a, 0x00, 0x00,
    0xfe, 0xff, 0xff, 0xff, 0x00, 0x2b, 0x00, 0x00, 0xff, 0xff, 0xff, 0xff,
    0x00, 0x27, 0x00, 0x00, 0xff, 0xff, 0xff, 0xff, 0x00, 0x0c, 0x00, 0x00,
    0xff, 0xff, 0xff, 0xff, 0x00, 0x08, 0x00, 0x00, 0xff, 0xff, 0xff, 0xff,
    0x00, 0x17, 0x00, 0x00, 0xff, 0xff, 0xff, 0xff, 0x00, 0x03, 0x00, 0x00,
    0xff, 0xff, 0xff, 0xff, 0x00, 0x04, 0x00, 0x00, 0xff, 0xff, 0xff, 0xff,
    0x00, 0x28, 0x00, 0x00, 0xff, 0xff, 0xff, 0xff, 0x00, 0x2b, 0x00, 0x00,
    0xff, 0xff, 0xff, 0xff, 0x00, 0x13, 0x00, 0x00, 0xff, 0xff, 0xff, 0xff,
    0x00, 0x24, 0x00, 0x00, 0xff, 0xff, 0xff, 0xff, 0x00, 0x18, 0x00, 0x00,
    0x00, 0x00, 0x00, 0x00, 0x00, 0x02, 0x00, 0x00, 0x00, 0x00, 0x00, 0x00,
    0x00, 0x03, 0x00, 0x00, 0x00, 0x00, 0x00, 0x00, 0x00, 0x1a, 0x00, 0x00,
    0x00, 0x00, 0x00, 0x00, 0x00, 0x1b, 0x00, 0x00, 0x00, 0x00, 0x00, 0x00,
    0x00, 0x12, 0x00, 0x00, 0x00, 0x00, 0x00, 0x00, 0x00, 0x13, 0x00, 0x00,
    0x00, 0x00, 0x00, 0x00, 0x00, 0x14, 0x00, 0x00, 0x00, 0x00, 0x00, 0x00,
    0x00, 0x15, 0x00, 0x00, 0x00, 0x00, 0x00, 0x00, 0x00, 0x16, 0x00, 0x00,
    0x00, 0x00, 0x00, 0x00, 0x00, 0x17, 0x00, 0x00, 0x00, 0x00, 0x00, 0x00,
    0x00, 0x28, 0x00, 0x00, 0x00, 0x00, 0x00, 0x00, 0x00, 0x29, 0x00, 0x00,
    0x00, 0x00, 0x00, 0x00, 0x00, 0x2a, 0x00, 0x00, 0x00, 0x00, 0x00, 0x00,
    0x00, 0x2b, 0x00, 0x00, 0x00, 0x00, 0x00, 0x00, 0x00, 0x2c, 0x00, 0x00,
    0x00, 0x00, 0x00, 0x00, 0x00, 0x2d, 0x00, 0x00, 0x00, 0x00, 0x00, 0x00,
    0x00, 0x04, 0x00, 0x00, 0x00, 0x00, 0x00, 0x00, 0x00, 0x05, 0x00, 0x00,
    0x00, 0x00, 0x00, 0x00, 0x00, 0x0a, 0x00, 0x00, 0x00, 0x00, 0x00, 0x00,
    0x00, 0x0b, 0x00, 0x00, 0x00, 0x00, 0x00, 0x00, 0x00, 0x52, 0x00, 0x00,
    0x00, 0x00, 0x00, 0x00, 0x00, 0x53, 0x00, 0x00, 0x00, 0x00, 0x00, 0x00,
    0x00, 0x54, 0x00, 0x00, 0x00, 0x00, 0x00, 0x00, 0x00, 0x55, 0x00, 0x00,
    0x00, 0x00, 0x00, 0x00, 0x00, 0x24, 0x00, 0x00, 0x00, 0x00, 0x00, 0x00,
    0x00, 0x25, 0x00, 0x00, 0x00, 0x00, 0x00, 0x00, 0x00, 0x58, 0x00, 0x00,
    0x00, 0x00, 0x00, 0x00, 0x00, 0x59, 0x00, 0x00, 0x00, 0x00, 0x00, 0x00,
    0x00, 0x5a, 0x00, 0x00, 0x00, 0x00, 0x00, 0x00, 0x00, 0x5b, 0x00, 0x00,
    0x00, 0x00, 0x00, 0x00, 0x00, 0x4a, 0x00, 0x00, 0x00, 0x00, 0x00, 0x00,
    0x00, 0x4b, 0x00, 0x00, 0x00, 0x00, 0x00, 0x00, 0x00, 0x32, 0x00, 0x00,
    0x00, 0x00, 0x00, 0x00, 0x00, 0x33, 0x00, 0x00, 0x00, 0x00, 0x00, 0x00,
    0x00, 0x34, 0x00, 0x00, 0xfd, 0xff, 0xff, 0xff, 0x00, 0x1b, 0x00, 0x00,
    0xfd, 0xff, 0xff, 0xff, 0x00, 0x12, 0x00, 0x00, 0xfe, 0xff, 0xff, 0xff,
    0x00, 0x17, 0x00, 0x00, 0xff, 0xff, 0xff, 0xff, 0x00, 0x37, 0x00, 0x00,
    0x00, 0x00, 0x00, 0x00, 0x00, 0x36, 0x00, 0x00, 0x00, 0x00, 0x00, 0x00,
    0x00, 0x37, 0x00, 0x00, 0x00, 0x00, 0x00, 0x00, 0x00, 0x64, 0x00, 0x00,
    0x00, 0x00, 0x00, 0x00, 0x00, 0x65, 0x00, 0x00, 0x00, 0x00, 0x00, 0x00,
    0x00, 0x68, 0x00, 0x00, 0x00, 0x00, 0x00, 0x00, 0x00, 0x67, 0x00, 0x00,
    0x01, 0x00, 0x00, 0x00, 0x00, 0xcc, 0x00, 0x00, 0x01, 0x00, 0x00, 0x00,
    0x00, 0xcd, 0x00, 0x00, 0x01, 0x00, 0x00, 0x00, 0x00, 0xd2, 0x00, 0x00,
    0x01, 0x00, 0x00, 0x00, 0x00, 0xd3, 0x00, 0x00, 0x01, 0x00, 0x00, 0x00,
    0x00, 0xd4, 0x00, 0x00, 0x01, 0x00, 0x00, 0x00, 0x00, 0xd5, 0x00, 0x00,
    0x01, 0x00, 0x00, 0x00, 0x00, 0xd6, 0x00, 0x00, 0x01, 0x00, 0x00, 0x00,
    0x00, 0xd7, 0x00, 0x00, 0x01, 0x00, 0x00, 0x00, 0x00, 0xd8, 0x00, 0x00,
    0x01, 0x00, 0x00, 0x00, 0x00, 0xd9, 0x00, 0x00, 0x01, 0x00, 0x00, 0x00,
    0x00, 0xda, 0x00, 0x00, 0x01, 0x00, 0x00, 0x00, 0x00, 0xdb, 0x00, 0x00,
    0x01, 0x00, 0x00, 0x00, 0x00, 0x98, 0x00, 0x00, 0x01, 0x00, 0x00, 0x00,
    0x00, 0x99, 0x00, 0x00, 0x01, 0x00, 0x00, 0x00, 0x00, 0x9a, 0x00, 0x00,
    0xfe, 0xff, 0xff, 0xff, 0x00, 0x18, 0x00, 0x00, 0x01, 0x00, 0x00, 0x00,
    0x00, 0x9b, 0x00, 0x00, 0x03, 0x00, 0x00, 0x00, 0x00, 0x08, 0x00, 0x00,
    0x03, 0x00, 0x00, 0x00, 0x00, 0x0c, 0x00, 0x00, 0x03, 0x00, 0x00, 0x00,
    0x00, 0x0d, 0x00, 0x00, 0x04, 0x00, 0x00, 0x00, 0x00, 0x12, 0x00, 0x00,
    0x04, 0x00, 0x00, 0x00, 0x00, 0x13, 0x00, 0x00, 0x04, 0x00, 0x00, 0x00,
    0x00, 0x14, 0x00, 0x00, 0x04, 0x00, 0x00, 0x00, 0x00, 0x15, 0x00, 0x00,
    0x04, 0x00, 0x00, 0x00, 0x00, 0x16, 0x00, 0x00, 0x04, 0x00, 0x00, 0x00,
    0x00, 0x17, 0x00, 0x00, 0x04, 0x00, 0x00, 0x00, 0x00, 0x1c, 0x00, 0x00,
    0x04, 0x00, 0x00, 0x00, 0x00, 0x1d, 0x00, 0x00, 0x04, 0x00, 0x00, 0x00,
    0x00, 0x1e, 0x00, 0x00, 0x04, 0x00, 0x00, 0x00, 0x00, 0x1f, 0x00, 0x00,
    0x02, 0x00, 0x00, 0x00, 0x00, 0x37, 0x00, 0x00, 0xfb, 0xff, 0xff, 0xff,
    0x00, 0x02, 0x00, 0x00, 0xfa, 0xff, 0xff, 0xff, 0x00, 0x03, 0x00, 0x00,
    0xfa, 0xff, 0xff, 0xff, 0x00, 0x02, 0x00, 0x00, 0xfb, 0xff, 0xff, 0xff,
    0x00, 0x03, 0x00, 0x00, 0xfc, 0xff, 0xff, 0xff, 0x00, 0x03, 0x00, 0x00,
    0xfc, 0xff, 0xff, 0xff, 0x00, 0x02, 0x00, 0x00, 0xfd, 0xff, 0xff, 0xff,
    0x00, 0x03, 0x00, 0x00, 0xfe, 0xff, 0xff, 0xff, 0x00, 0x05, 0x00, 0x00,
    0xfe, 0xff, 0xff, 0xff, 0x00, 0x04, 0x00, 0x00, 0xff, 0xff, 0xff, 0xff,
    0x00, 0x04, 0x00, 0x00, 0xff, 0xff, 0xff, 0xff, 0x00, 0x05, 0x00, 0x00,
    0xff, 0xff, 0xff, 0xff, 0x00, 0x07, 0x00, 0x00, 0x00, 0x00, 0x00, 0x00,
    0x00, 0x04, 0x00, 0x00, 0x00, 0x00, 0x00, 0x00, 0x00, 0x07, 0x00, 0x00,
    0x01, 0x00, 0x00, 0x00, 0x00, 0x18, 0x00, 0x00, 0x02, 0x00, 0x00, 0x00,
    0x00, 0x17, 0x00, 0x00, 0x02, 0x00, 0x00, 0x00, 0x00, 0x18, 0x00, 0x00,
    0x02, 0x00, 0x00, 0x00, 0x00, 0x08, 0x00, 0x00, 0x03, 0x00, 0x00, 0x00,
    0x00, 0x67, 0x00, 0x00, 0x03, 0x00, 0x00, 0x00, 0x00, 0x68, 0x00, 0x00,
    0x03, 0x00, 0x00, 0x00, 0x00, 0x6c, 0x00, 0x00, 0x03, 0x00, 0x00, 0x00,
    0x00, 0x37, 0x00, 0x00, 0x03, 0x00, 0x00, 0x00, 0x00, 0x28, 0x00, 0x00,
    0x03, 0x00, 0x00, 0x00, 0x00, 0x17, 0x00, 0x00, 0x03, 0x00, 0x00, 0x00,
    0x00, 0x18, 0x00, 0x00, 0x04, 0x00, 0x00, 0x00, 0x00, 0xca, 0x00, 0x00,
    0x04, 0x00, 0x00, 0x00, 0x00, 0xcb, 0x00, 0x00, 0x04, 0x00, 0x00, 0x00,
    0x00, 0xcc, 0x00, 0x00, 0x04, 0x00, 0x00, 0x00, 0x00, 0xcd, 0x00, 0x00,
    0x04, 0x00, 0x00, 0x00, 0x00, 0x68, 0x00, 0x00, 0x04, 0x00, 0x00, 0x00,
    0x00, 0x69, 0x00, 0x00, 0x04, 0x00, 0x00, 0x00, 0x00, 0x6a, 0x00, 0x00,
    0x04, 0x00, 0x00, 0x00, 0x00, 0x6b, 0x00, 0x00, 0x04, 0x00, 0x00, 0x00,
    0x00, 0xd2, 0x00, 0x00, 0x04, 0x00, 0x00, 0x00, 0x00, 0xd3, 0x00, 0x00,
    0x04, 0x00, 0x00, 0x00, 0x00, 0xd4, 0x00, 0x00, 0x04, 0x00, 0x00, 0x00,
    0x00, 0xd5, 0x00, 0x00, 0x04, 0x00, 0x00, 0x00, 0x00, 0xd6, 0x00, 0x00,
    0x04, 0x00, 0x00, 0x00, 0x00, 0xd7, 0x00, 0x00, 0x04, 0x00, 0x00, 0x00,
    0x00, 0x6c, 0x00, 0x00, 0x04, 0x00, 0x00, 0x00, 0x00, 0x6d, 0x00, 0x00,
    0x04, 0x00, 0x00, 0x00, 0x00, 0xda, 0x00, 0x00, 0x04, 0x00, 0x00, 0x00,
    0x00, 0xdb, 0x00, 0x00, 0x04, 0x00, 0x00, 0x00, 0x00, 0x54, 0x00, 0x00,
    0x04, 0x00, 0x00, 0x00, 0x00, 0x55, 0x00, 0x00, 0x04, 0x00, 0x00, 0x00,
    0x00, 0x56, 0x00, 0x00, 0x04, 0x00, 0x00, 0x00, 0x00, 0x57, 0x00, 0x00,
    0x04, 0x00, 0x00, 0x00, 0x00, 0x64, 0x00, 0x00, 0x04, 0x00, 0x00, 0x00,
    0x00, 0x65, 0x00, 0x00, 0x04, 0x00, 0x00, 0x00, 0x00, 0x52, 0x00, 0x00,
    0x04, 0x00, 0x00, 0x00, 0x00, 0x53, 0x00, 0x00, 0x04, 0x00, 0x00, 0x00,
    0x00, 0x24, 0x00, 0x00, 0x04, 0x00, 0x00, 0x00, 0x00, 0x37, 0x00, 0x00,
    0x04, 0x00, 0x00, 0x00, 0x00, 0x38, 0x00, 0x00, 0x04, 0x00, 0x00, 0x00,
    0x00, 0x27, 0x00, 0x00, 0x04, 0x00, 0x00, 0x00, 0x00, 0x28, 0x00, 0x00,
    0x04, 0x00, 0x00, 0x00, 0x00, 0x58, 0x00, 0x00, 0x04, 0x00, 0x00, 0x00,
    0x00, 0x59, 0x00, 0x00, 0x04, 0x00, 0x00, 0x00, 0x00, 0x2b, 0x00, 0x00,
    0x04, 0x00, 0x00, 0x00, 0x00, 0x2c, 0x00, 0x00, 0x04, 0x00, 0x00, 0x00,
    0x00, 0x5a, 0x00, 0x00, 0x04, 0x00, 0x00, 0x00, 0x00, 0x66, 0x00, 0x00,
    0x04, 0x00, 0x00, 0x00, 0x00, 0x67, 0x00, 0x00, 0x02, 0x00, 0x00, 0x00,
    0x00, 0x0f, 0x00, 0x00, 0x04, 0x00, 0x00, 0x00, 0x00, 0xc8, 0x00, 0x00,
    0x04, 0x00, 0x00, 0x00, 0x00, 0xc9, 0x00, 0x00, 0x04, 0x00, 0x00, 0x00,
    0x00, 0x5b, 0x00, 0x00, 0x04, 0x00, 0x00, 0x00, 0x00, 0x33, 0x00, 0x00,
    0x04, 0x00, 0x00, 0x00, 0x00, 0x34, 0x00, 0x00, 0x04, 0x00, 0x00, 0x00,
    0x00, 0x35, 0x00, 0x00, 0x05, 0x00, 0x00, 0x00, 0x00, 0x6c, 0x00, 0x00,
    0x05, 0x00, 0x00, 0x00, 0x00, 0x6d, 0x00, 0x00, 0x05, 0x00, 0x00, 0x00,
    0x00, 0x4a, 0x00, 0x00, 0x05, 0x00, 0x00, 0x00, 0x00, 0x4b, 0x00, 0x00,
    0x05, 0x00, 0x00, 0x00, 0x00, 0x4c, 0x00, 0x00, 0x05, 0x00, 0x00, 0x00,
    0x00, 0x4d, 0x00, 0x00, 0x05, 0x00, 0x00, 0x00, 0x00, 0x72, 0x00, 0x00,
    0x05, 0x00, 0x00, 0x00, 0x00, 0x73, 0x00, 0x00, 0x05, 0x00, 0x00, 0x00,
    0x00, 0x74, 0x00, 0x00, 0x05, 0x00, 0x00, 0x00, 0x00, 0x75, 0x00, 0x00,
    0x05, 0x00, 0x00, 0x00, 0x00, 0x76, 0x00, 0x00, 0x05, 0x00, 0x00, 0x00,
    0x00, 0x77, 0x00, 0x00, 0x05, 0x00, 0x00, 0x00, 0x00, 0x52, 0x00, 0x00,
    0x05, 0x00, 0x00, 0x00, 0x00, 0x53, 0x00, 0x00, 0x05, 0x00, 0x00, 0x00,
    0x00, 0x54, 0x00, 0x00, 0x05, 0x00, 0x00, 0x00, 0x00, 0x55, 0x00, 0x00,
    0x05, 0x00, 0x00, 0x00, 0x00, 0x5a, 0x00, 0x00, 0x05, 0x00, 0x00, 0x00,
    0x00, 0x5b, 0x00, 0x00, 0x05, 0x00, 0x00, 0x00, 0x00, 0x64, 0x00, 0x00,
    0x05, 0x00, 0x00, 0x00, 0x00, 0x65, 0x00, 0x00, 0x03, 0x00, 0x00, 0x00,
    0x00, 0x08, 0x00, 0x00, 0x03, 0x00, 0x00, 0x00, 0x00, 0x0c, 0x00, 0x00,
    0x03, 0x00, 0x00, 0x00, 0x00, 0x0d, 0x00, 0x00, 0x04, 0x00, 0x00, 0x00,
    0x00, 0x12, 0x00, 0x00, 0x04, 0x00, 0x00, 0x00, 0x00, 0x13, 0x00, 0x00,
    0x04, 0x00, 0x00, 0x00, 0x00, 0x14, 0x00, 0x00, 0x04, 0x00, 0x00, 0x00,
    0x00, 0x15, 0x00, 0x00, 0x04, 0x00, 0x00, 0x00, 0x00, 0x16, 0x00, 0x00,
    0x04, 0x00, 0x00, 0x00, 0x00, 0x17, 0x00, 0x00, 0x04, 0x00, 0x00, 0x00,
    0x00, 0x1c, 0x00, 0x00, 0x04, 0x00, 0x00, 0x00, 0x00, 0x1d, 0x00, 0x00,
    0x04, 0x00, 0x00, 0x00, 0x00, 0x1e, 0x00, 0x00, 0x04, 0x00, 0x00, 0x00,
    0x00, 0x1f, 0x00, 0x00, 0x90, 0xfa, 0x00, 0x00, 0x01, 0x00, 0x00, 0x00,
    0xaa, 0xfa, 0x00, 0x00, 0x01, 0x00, 0x00, 0x00, 0xca, 0xfa, 0x00, 0x00,
    0x01, 0x00, 0x00, 0x00, 0xdd, 0xfa, 0x00, 0x00, 0x01, 0x00, 0x00, 0x00,
    0xee, 0xfa, 0x00, 0x00, 0x01, 0x00, 0x00, 0x00, 0x02, 0xfb, 0x00, 0x00,
    0x01, 0x00, 0x00, 0x00, 0x14, 0xfb, 0x00, 0x00, 0x01, 0x00, 0x00, 0x00,
    0x29, 0xfb, 0x00, 0x00, 0x01, 0x00, 0x00, 0x00, 0x44, 0xfb, 0x00, 0x00,
    0x01, 0x00, 0x00, 0x00, 0x5d, 0xfb, 0x00, 0x00, 0x01, 0x00, 0x00, 0x00,
    0x79, 0xfb, 0x00, 0x00, 0x01, 0x00, 0x00, 0x00, 0x90, 0xfb, 0x00, 0x00,
    0x01, 0x00, 0x00, 0x00, 0x90, 0xfb, 0x00, 0x00, 0x01, 0x00, 0x00, 0x00,
    0x90, 0xfb, 0x00, 0x00, 0x01, 0x00, 0x00, 0x00, 0x90, 0xfb, 0x00, 0x00,
    0x01, 0x00, 0x00, 0x00, 0x90, 0xfb, 0x00, 0x00, 0x01, 0x00, 0x00, 0x00,
    0x90, 0xfb, 0x00, 0x00, 0x01, 0x00, 0x00, 0x00, 0x90, 0xfb, 0x00, 0x00,
    0x01, 0x00, 0x00, 0x00, 0x90, 0xfb, 0x00, 0x00, 0x01, 0x00, 0x00, 0x00,
    0x90, 0xfb, 0x00, 0x00, 0x01, 0x00, 0x00, 0x00, 0x90, 0xfb, 0x00, 0x00,
    0x01, 0x00, 0x00, 0x00, 0x90, 0xfb, 0x00, 0x00, 0x01, 0x00, 0x00, 0x00,
    0x90, 0xfb, 0x00, 0x00, 0x01, 0x00, 0x00, 0x00, 0x90, 0xfb, 0x00, 0x00,
    0x01, 0x00, 0x00, 0x00, 0x90, 0xfb, 0x00, 0x00, 0x01, 0x00, 0x00, 0x00,
    0x90, 0xfb, 0x00, 0x00, 0x01, 0x00, 0x00, 0x00, 0x90, 0xfb, 0x00, 0x00,
    0x01, 0x00, 0x00, 0x00, 0x90, 0xfb, 0x00, 0x00, 0x01, 0x00, 0x00, 0x00,
    0x90, 0xfb, 0x00, 0x00, 0x01, 0x00, 0x00, 0x00, 0x90, 0xfb, 0x00, 0x00,
    0x01, 0x00, 0x00, 0x00, 0x90, 0xfb, 0x00, 0x00, 0x01, 0x00, 0x00, 0x00,
    0x90, 0xfb, 0x00, 0x00, 0x01, 0x00, 0x00, 0x00, 0x90, 0xfb, 0x00, 0x00,
    0x01, 0x00, 0x00, 0x00, 0x90, 0xfb, 0x00, 0x00, 0x01, 0x00, 0x00, 0x00,
    0x90, 0xfb, 0x00, 0x00, 0x01, 0x00, 0x00, 0x00, 0x90, 0xfb, 0x00, 0x00,
    0x01, 0x00, 0x00, 0x00, 0x90, 0xfb, 0x00, 0x00, 0x01, 0x00, 0x00, 0x00,
    0x90, 0xfb, 0x00, 0x00, 0x01, 0x00, 0x00, 0x00, 0x90, 0xfb, 0x00, 0x00,
    0x01, 0x00, 0x00, 0x00, 0x90, 0xfb, 0x00, 0x00, 0x01, 0x00, 0x00, 0x00,
    0x90, 0xfb, 0x00, 0x00, 0x01, 0x00, 0x00, 0x00, 0x90, 0xfb, 0x00, 0x00,
    0x01, 0x00, 0x00, 0x00, 0x90, 0xfb, 0x00, 0x00, 0x01, 0x00, 0x00, 0x00,
    0x90, 0xfb, 0x00, 0x00, 0x01, 0x00, 0x00, 0x00, 0x90, 0xfb, 0x00, 0x00,
    0x01, 0x00, 0x00, 0x00, 0x90, 0xfb, 0x00, 0x00, 0x01, 0x00, 0x00, 0x00,
    0x90, 0xfb, 0x00, 0x00, 0x01, 0x00, 0x00, 0x00, 0x90, 0xfb, 0x00, 0x00,
    0x01, 0x00, 0x00, 0x00, 0x90, 0xfb, 0x00, 0x00, 0x01, 0x00, 0x00, 0x00,
    0x90, 0xfb, 0x00, 0x00, 0x01, 0x00, 0x00, 0x00, 0x90, 0xfb, 0x00, 0x00,
    0x01, 0x00, 0x00, 0x00, 0x90, 0xfb, 0x00, 0x00, 0x01, 0x00, 0x00, 0x00,
    0x90, 0xfb, 0x00, 0x00, 0x01, 0x00, 0x00, 0x00, 0x90, 0xfb, 0x00, 0x00,
    0x01, 0x00, 0x00, 0x00, 0x90, 0xfb, 0x00, 0x00, 0x01, 0x00, 0x00, 0x00,
    0x90, 0xfb, 0x00, 0x00, 0x01, 0x00, 0x00, 0x00, 0x90, 0xfb, 0x00, 0x00,
    0x01, 0x00, 0x00, 0x00, 0x90, 0xfb, 0x00, 0x00, 0x01, 0x00, 0x00, 0x00,
    0x90, 0xfb, 0x00, 0x00, 0x01, 0x00, 0x00, 0x00, 0x90, 0xfb, 0x00, 0x00,
    0x01, 0x00, 0x00, 0x00, 0x90, 0xfb, 0x00, 0x00, 0x01, 0x00, 0x00, 0x00,
    0x90, 0xfb, 0x00, 0x00, 0x01, 0x00, 0x00, 0x00, 0x90, 0xfb, 0x00, 0x00,
    0x01, 0x00, 0x00, 0x00, 0x90, 0xfb, 0x00, 0x00, 0x01, 0x00, 0x00, 0x00,
    0x90, 0xfb, 0x00, 0x00, 0x01, 0x00, 0x00, 0x00, 0x90, 0xfb, 0x00, 0x00,
    0x01, 0x00, 0x00, 0x00, 0x90, 0xfb, 0x00, 0x00, 0x01, 0x00, 0x00, 0x00,
    0x90, 0xfb, 0x00, 0x00, 0x01, 0x00, 0x00, 0x00, 0x90, 0xfb, 0x00, 0x00,
    0x01, 0x00, 0x00, 0x00, 0x90, 0xfb, 0x00, 0x00, 0x01, 0x00, 0x00, 0x00,
    0x90, 0xfb, 0x00, 0x00, 0x01, 0x00, 0x00, 0x00, 0x90, 0xfb, 0x00, 0x00,
    0x01, 0x00, 0x00, 0x00, 0x90, 0xfb, 0x00, 0x00, 0x01, 0x00, 0x00, 0x00,
    0x90, 0xfb, 0x00, 0x00, 0x01, 0x00, 0x00, 0x00, 0x90, 0xfb, 0x00, 0x00,
    0x01, 0x00, 0x00, 0x00, 0x90, 0xfb, 0x00, 0x00, 0x01, 0x00, 0x00, 0x00,
    0x90, 0xfb, 0x00, 0x00, 0x01, 0x00, 0x00, 0x00, 0x90, 0xfb, 0x00, 0x00,
    0x01, 0x00, 0x00, 0x00, 0x90, 0xfb, 0x00, 0x00, 0x01, 0x00, 0x00, 0x00,
    0x90, 0xfb, 0x00, 0x00, 0x01, 0x00, 0x00, 0x00, 0x90, 0xfb, 0x00, 0x00,
    0x01, 0x00, 0x00, 0x00, 0x90, 0xfb, 0x00, 0x00, 0x01, 0x00, 0x00, 0x00,
    0x90, 0xfb, 0x00, 0x00, 0x01, 0x00, 0x00, 0x00, 0x90, 0xfb, 0x00, 0x00,
    0x01, 0x00, 0x00, 0x00, 0x90, 0xfb, 0x00, 0x00, 0x01, 0x00, 0x00, 0x00,
    0x90, 0xfb, 0x00, 0x00, 0x01, 0x00, 0x00, 0x00, 0x90, 0xfb, 0x00, 0x00,
    0x01, 0x00, 0x00, 0x00, 0x90, 0xfb, 0x00, 0x00, 0x01, 0x00, 0x00, 0x00,
    0x90, 0xfb, 0x00, 0x00, 0x01, 0x00, 0x00, 0x00, 0x90, 0xfb, 0x00, 0x00,
    0x01, 0x00, 0x00, 0x00, 0x90, 0xfb, 0x00, 0x00, 0x01, 0x00, 0x00, 0x00,
    0x90, 0xfb, 0x00, 0x00, 0x01, 0x00, 0x00, 0x00, 0x90, 0xfb, 0x00, 0x00,
    0x01, 0x00, 0x00, 0x00, 0x90, 0xfb, 0x00, 0x00, 0x01, 0x00, 0x00, 0x00,
    0x90, 0xfb, 0x00, 0x00, 0x01, 0x00, 0x00, 0x00, 0x90, 0xfb, 0x00, 0x00,
    0x01, 0x00, 0x00, 0x00, 0x90, 0xfb, 0x00, 0x00, 0x01, 0x00, 0x00, 0x00,
    0x90, 0xfb, 0x00, 0x00, 0x01, 0x00, 0x00, 0x00, 0x90, 0xfb, 0x00, 0x00,
    0x01, 0x00, 0x00, 0x00, 0x90, 0xfb, 0x00, 0x00, 0x01, 0x00, 0x00, 0x00,
    0x90, 0xfb, 0x00, 0x00, 0x01, 0x00, 0x00, 0x00, 0x90, 0xfb, 0x00, 0x00,
    0x01, 0x00, 0x00, 0x00, 0x90, 0xfb, 0x00, 0x00, 0x01, 0x00, 0x00, 0x00,
    0x90, 0xfb, 0x00, 0x00, 0x01, 0x00, 0x00, 0x00, 0x90, 0xfb, 0x00, 0x00,
    0x01, 0x00, 0x00, 0x00, 0x90, 0xfb, 0x00, 0x00, 0x01, 0x00, 0x00, 0x00,
    0x90, 0xfb, 0x00, 0x00, 0x01, 0x00, 0x00, 0x00, 0x90, 0xfb, 0x00, 0x00,
    0x01, 0x00, 0x00, 0x00, 0x90, 0xfb, 0x00, 0x00, 0x01, 0x00, 0x00, 0x00,
    0x90, 0xfb, 0x00, 0x00, 0x01, 0x00, 0x00, 0x00, 0x90, 0xfb, 0x00, 0x00,
    0x01, 0x00, 0x00, 0x00, 0x90, 0xfb, 0x00, 0x00, 0x01, 0x00, 0x00, 0x00,
    0x90, 0xfb, 0x00, 0x00, 0x01, 0x00, 0x00, 0x00, 0x90, 0xfb, 0x00, 0x00,
    0x01, 0x00, 0x00, 0x00, 0x90, 0xfb, 0x00, 0x00, 0x01, 0x00, 0x00, 0x00,
    0x90, 0xfb, 0x00, 0x00, 0x01, 0x00, 0x00, 0x00, 0x90, 0xfb, 0x00, 0x00,
    0x01, 0x00, 0x00, 0x00, 0x90, 0xfb, 0x00, 0x00, 0x01, 0x00, 0x00, 0x00,
    0x90, 0xfb, 0x00, 0x00, 0x01, 0x00, 0x00, 0x00, 0x90, 0xfb, 0x00, 0x00,
    0x01, 0x00, 0x00, 0x00, 0x90, 0xfb, 0x00, 0x00, 0x01, 0x00, 0x00, 0x00,
    0x90, 0xfb, 0x00, 0x00, 0x01, 0x00, 0x00, 0x00, 0x90, 0xfb, 0x00, 0x00,
    0x01, 0x00, 0x00, 0x00, 0x90, 0xfb, 0x00, 0x00, 0x01, 0x00, 0x00, 0x00,
    0x90, 0xfb, 0x00, 0x00, 0x01, 0x00, 0x00, 0x00, 0x90, 0xfb, 0x00, 0x00,
    0x01, 0x00, 0x00, 0x00, 0x90, 0xfb, 0x00, 0x00, 0x01, 0x00, 0x00, 0x00,
    0x90, 0xfb, 0x00, 0x00, 0x01, 0x00, 0x00, 0x00, 0x90, 0xfb, 0x00, 0x00,
    0x01, 0x00, 0x00, 0x00, 0x90, 0xfb, 0x00, 0x00, 0x01, 0x00, 0x00, 0x00,
    0x90, 0xfb, 0x00, 0x00, 0x01, 0x00, 0x00, 0x00, 0x90, 0xfb, 0x00, 0x00,
    0x01, 0x00, 0x00, 0x00, 0x90, 0xfb, 0x00, 0x00, 0x01, 0x00, 0x00, 0x00,
    0x91, 0xfb, 0x00, 0x00, 0x01, 0x00, 0x00, 0x00, 0xb6, 0xfb, 0x00, 0x00,
    0x01, 0x00, 0x00, 0x00, 0xd2, 0xfb, 0x00, 0x00, 0x01, 0x00, 0x00, 0x00,
    0xf7, 0xfb, 0x00, 0x00, 0x01, 0x00, 0x00, 0x00, 0x1d, 0xfc, 0x00, 0x00,
    0x01, 0x00, 0x00, 0x00, 0x3f, 0xfc, 0x00, 0x00, 0x01, 0x00, 0x00, 0x00,
    0x4e, 0xfc, 0x00, 0x00, 0x01, 0x00, 0x00, 0x00, 0x5d, 0xfc, 0x00, 0x00,
    0x01, 0x00, 0x00, 0x00, 0x70, 0xfc, 0x00, 0x00, 0x01, 0x00, 0x00, 0x00,
    0x7e, 0xfc, 0x00, 0x00, 0x01, 0x00, 0x00, 0x00, 0x00, 0x00, 0x00, 0x00,
    0x00, 0x00, 0x00, 0x00, 0x8c, 0xfc, 0x00, 0x00, 0x01, 0x00, 0x00, 0x00,
    0x93, 0xfc, 0x00, 0x00, 0x01, 0x00, 0x00, 0x00, 0x9a, 0xfc, 0x00, 0x00,
    0x01, 0x00, 0x00, 0x00, 0xa1, 0xfc, 0x00, 0x00, 0x01, 0x00, 0x00, 0x00,
    0xa8, 0xfc, 0x00, 0x00, 0x01, 0x00, 0x00, 0x00, 0xac, 0xfc, 0x00, 0x00,
    0x01, 0x00, 0x00, 0x00, 0xb2, 0xfc, 0x00, 0x00, 0x01, 0x00, 0x00, 0x00,
    0xbd, 0xfc, 0x00, 0x00, 0x01, 0x00, 0x00, 0x00, 0xc5, 0xfc, 0x00, 0x00,
    0x01, 0x00, 0x00, 0x00, 0xcd, 0xfc, 0x00, 0x00, 0x01, 0x00, 0x00, 0x00,
    0xd4, 0xfc, 0x00, 0x00, 0x01, 0x00, 0x00, 0x00, 0xd9, 0xfc, 0x00, 0x00,
    0x01, 0x00, 0x00, 0x00, 0xdf, 0xfc, 0x00, 0x00, 0x01, 0x00, 0x00, 0x00,
    0xdf, 0xfc, 0x00, 0x00, 0x01, 0x00, 0x00, 0x00, 0xdf, 0xfc, 0x00, 0x00,
    0x01, 0x00, 0x00, 0x00, 0xdf, 0xfc, 0x00, 0x00, 0x01, 0x00, 0x00, 0x00,
    0xe3, 0xfc, 0x00, 0x00, 0x01, 0x00, 0x00, 0x00, 0xe7, 0xfc, 0x00, 0x00,
    0x01, 0x00, 0x00, 0x00, 0xed, 0xfc, 0x00, 0x00, 0x01, 0x00, 0x00, 0x00,
    0xdf, 0xfc, 0x00, 0x00, 0x01, 0x00, 0x00, 0x00, 0xdf, 0xfc, 0x00, 0x00,
    0x01, 0x00, 0x00, 0x00, 0xdf, 0xfc, 0x00, 0x00, 0x01, 0x00, 0x00, 0x00,
    0xf8, 0xfc, 0x00, 0x00, 0x01, 0x00, 0x00, 0x00, 0x9c, 0xf6, 0x00, 0x00,
    0x01, 0x00, 0x00, 0x00, 0x03, 0xfd, 0x00, 0x00, 0x01, 0x00, 0x00, 0x00,
    0x1c, 0xfd, 0x00, 0x00, 0x01, 0x00, 0x00, 0x00, 0x35, 0xfd, 0x00, 0x00,
    0x01, 0x00, 0x00, 0x00, 0x00, 0x00, 0x00, 0x00, 0x00, 0x00, 0x00, 0x00,
    0x00, 0x00, 0x00, 0x00, 0x00, 0x00, 0x00, 0x00, 0x00, 0x00, 0x00, 0x00,
    0xff, 0xff, 0xff, 0xff, 0xff, 0xff, 0xff, 0xff, 0xff, 0xff, 0xff, 0xff,
    0xff, 0xff, 0xff, 0xff, 0xff, 0xff, 0xff, 0xff, 0xff, 0xff, 0xff, 0xff,
    0xff, 0xff, 0xff, 0xff, 0xff, 0xff, 0xff, 0xff, 0xff, 0xff, 0xff, 0xff,
    0x00, 0x00, 0x00, 0x00, 0x00, 0x00, 0x00, 0x00, 0x00, 0x00, 0x00, 0x00,
    0x00, 0x00, 0x00, 0x00, 0x00, 0x00, 0x00, 0x00, 0x00, 0x00, 0x00, 0x00,
    0x00, 0x00, 0x00, 0x00, 0x00, 0x00, 0x00, 0x00, 0x00, 0x00, 0x00, 0x00,
    0x00, 0x00, 0x00, 0x00, 0x00, 0x00, 0x00, 0x00, 0x00, 0x00, 0x00, 0x00,
    0x00, 0x00, 0x00, 0x00, 0x00, 0x00, 0x00, 0x00, 0x00, 0x00, 0x00, 0x00,
    0x00, 0x00, 0x00, 0x00, 0x00, 0x00, 0x00, 0x00, 0x00, 0x00, 0x00, 0x00,
    0x00, 0x00, 0x00, 0x00, 0x00, 0x00, 0x00, 0x00, 0x00, 0x00, 0x00, 0x00,
    0x00, 0x00, 0x00, 0x00, 0x00, 0x00, 0x00, 0x00, 0x00, 0x00, 0x00, 0x00,
    0xff, 0xff, 0xff, 0xff, 0xff, 0xff, 0xff, 0xff, 0xff, 0xff, 0xff, 0xff,
    0xff, 0xff, 0xff, 0xff, 0xff, 0xff, 0xff, 0xff, 0xff, 0xff, 0xff, 0xff,
    0x00, 0x00, 0x00, 0x00, 0x00, 0x00, 0x00, 0x00, 0x00, 0x00, 0x00, 0x00,
    0x00, 0x00, 0x00, 0x00, 0x00, 0x00, 0x00, 0x00, 0x00, 0x00, 0x00, 0x00,
    0x00, 0x00, 0x00, 0x00, 0x00, 0x00, 0x00, 0x00, 0x00, 0x00, 0x00, 0x00,
    0x00, 0x00, 0x00, 0x00, 0x00, 0x00, 0x00, 0x00, 0x00, 0x00, 0x00, 0x00,
    0x00, 0x00, 0x00, 0x00, 0x00, 0x00, 0x00, 0x00, 0x00, 0x00, 0x00, 0x00,
    0x00, 0x00, 0x00, 0x00, 0x00, 0x00, 0x00, 0x00, 0x00, 0x00, 0x00, 0x00,
    0x00, 0x00, 0x00, 0x00, 0x00, 0x00, 0x00, 0x00, 0x00, 0x00, 0x00, 0x00,
    0x00, 0x00, 0x00, 0x00, 0x00, 0x00, 0x00, 0x00, 0x00, 0x00, 0x00, 0x00,
    0x00, 0x00, 0x00, 0x00, 0x00, 0x00, 0x00, 0x00, 0x00, 0x00, 0x00, 0x00,
    0x00, 0x00, 0x00, 0x00, 0x00, 0x00, 0x00, 0x00, 0x00, 0x00, 0x00, 0x00,
    0x00, 0x00, 0x00, 0x00, 0x00, 0x00, 0x00, 0x00, 0x00, 0x00, 0x00, 0x00,
    0x00, 0x00, 0x00, 0x00, 0x00, 0x00, 0x00, 0x00, 0x00, 0x00, 0x00, 0x00,
    0x00, 0x00, 0x00, 0x00, 0x00, 0x00, 0x00, 0x00, 0x00, 0x00, 0x00, 0x00,
    0x00, 0x00, 0x00, 0x00, 0x00, 0x00, 0x00, 0x00, 0x00, 0x00, 0x00, 0x00,
    0x00, 0x00, 0x00, 0x00, 0x00, 0x00, 0x00, 0x00, 0x00, 0x00, 0x00, 0x00,
    0x00, 0x00, 0x00, 0x00, 0x00, 0x00, 0x00, 0x00, 0x00, 0x00, 0x00, 0x00,
    0x00, 0x00, 0x00, 0x00, 0x00, 0x00, 0x00, 0x00, 0x00, 0x00, 0x00, 0x00,
    0x00, 0x00, 0x00, 0x00, 0x00, 0x00, 0x00, 0x00, 0x00, 0x00, 0x00, 0x00,
    0x00, 0x00, 0x00, 0x00, 0x00, 0x00, 0x00, 0x00, 0x00, 0x00, 0x00, 0x00,
    0x00, 0x00, 0x00, 0x00, 0x00, 0x00, 0x00, 0x00, 0x00, 0x00, 0x00, 0x00,
    0x00, 0x00, 0x00, 0x00, 0x00, 0x00, 0x00, 0x00, 0x00, 0x00, 0x00, 0x00,
    0x00, 0x00, 0x00, 0x00, 0x00, 0x00, 0x00, 0x00, 0x00, 0x00, 0x00, 0x00,
    0x00, 0x00, 0x00, 0x00, 0x00, 0x00, 0x00, 0x00, 0x00, 0x00, 0x00, 0x00,
    0x00, 0x00, 0x00, 0x00, 0x00, 0x00, 0x00, 0x00, 0x00, 0x00, 0x00, 0x00,
    0x00, 0x00, 0x00, 0x00, 0x00, 0x00, 0x00, 0x00, 0x00, 0x00, 0x00, 0x00,
    0x00, 0x00, 0x00, 0x00, 0x00, 0x00, 0x00, 0x00, 0x00, 0x00, 0x00, 0x00,
    0x00, 0x00, 0x00, 0x00, 0x00, 0x00, 0x00, 0x00, 0x00, 0x00, 0x00, 0x00,
    0x00, 0x00, 0x00, 0x00, 0x00, 0x00, 0x00, 0x00, 0x00, 0x00, 0x00, 0x00,
    0x00, 0x00, 0x00, 0x00, 0x00, 0x00, 0x00, 0x00, 0x00, 0x00, 0x00, 0x00,
    0x00, 0x00, 0x00, 0x00, 0x00, 0x00, 0x00, 0x00, 0x00, 0x00, 0x00, 0x00,
    0x00, 0x00, 0x00, 0x00, 0x00, 0x00, 0x00, 0x00, 0x00, 0x00, 0x00, 0x00,
    0x00, 0x00, 0x00, 0x00, 0x00, 0x00, 0x00, 0x00, 0x00, 0x00, 0x00, 0x00,
    0x00, 0x00, 0x00, 0x00, 0x00, 0x00, 0x00, 0x00, 0x00, 0x00, 0x00, 0x00,
    0x00, 0x00, 0x00, 0x00, 0x00, 0x00, 0x00, 0x00, 0x00, 0x00, 0x00, 0x00,
    0x00, 0x00, 0x00, 0x00, 0x00, 0x00, 0x00, 0x00, 0x00, 0x00, 0x00, 0x00,
    0x00, 0x00, 0x00, 0x00, 0x00, 0x00, 0x00, 0x00, 0x00, 0x00, 0x00, 0x00,
    0x00, 0x00, 0x00, 0x00, 0x00, 0x00, 0x00, 0x00, 0x00, 0x00, 0x00, 0x00,
    0x00, 0x00, 0x00, 0x00, 0x00, 0x00, 0x00, 0x00, 0x00, 0x00, 0x00, 0x00,
    0x00, 0x00, 0x00, 0x00, 0x00, 0x00, 0x00, 0x00, 0x00, 0x00, 0x00, 0x00,
    0x00, 0x00, 0x00, 0x00, 0x00, 0x00, 0x00, 0x00, 0x00, 0x00, 0x00, 0x00,
    0x00, 0x00, 0x00, 0x00, 0x00, 0x00, 0x00, 0x00, 0x00, 0x00, 0x00, 0x00,
    0x00, 0x00, 0x00, 0x00, 0x00, 0x00, 0x00, 0x00, 0x00, 0x00, 0x00, 0x00,
    0x00, 0x00, 0x00, 0x00, 0x00, 0x00, 0x00, 0x00, 0x00, 0x00, 0x00, 0x00,
    0x00, 0x00, 0x00, 0x00, 0x00, 0x00, 0x00, 0x00, 0x00, 0x00, 0x00, 0x00,
    0x00, 0x00, 0x00, 0x00, 0x00, 0x00, 0x00, 0x00, 0x00, 0x00, 0x00, 0x00,
    0x00, 0x00, 0x00, 0x00, 0x00, 0x00, 0x00, 0x00, 0x00, 0x00, 0x00, 0x00,
    0x00, 0x00, 0x00, 0x00, 0x00, 0x00, 0x00, 0x00, 0x00, 0x00, 0x00, 0x00,
    0x00, 0x00, 0x00, 0x00, 0x00, 0x00, 0x00, 0x00, 0x00, 0x00, 0x00, 0x00,
    0x00, 0x00, 0x00, 0x00, 0x00, 0x00, 0x00, 0x00, 0x00, 0x00, 0x00, 0x00,
    0x00, 0x00, 0x00, 0x00, 0x00, 0x00, 0x00, 0x00, 0x00, 0x00, 0x00, 0x00,
    0x00, 0x00, 0x00, 0x00, 0x00, 0x00, 0x00, 0x00, 0x00, 0x00, 0x00, 0x00,
    0x00, 0x00, 0x00, 0x00, 0x00, 0x00, 0x00, 0x00, 0x00, 0x00, 0x00, 0x00,
    0x00, 0x00, 0x00, 0x00, 0x00, 0x00, 0x00, 0x00, 0x00, 0x00, 0x00, 0x00,
    0x00, 0x00, 0x00, 0x00, 0x00, 0x00, 0x00, 0x00, 0x00, 0x00, 0x00, 0x00,
    0x00, 0x00, 0x00, 0x00, 0x00, 0x00, 0x00, 0x00, 0x00, 0x00, 0x00, 0x00,
    0x00, 0x00, 0x00, 0x00, 0x00, 0x00, 0x00, 0x00, 0x00, 0x00, 0x00, 0x00,
    0x00, 0x00, 0x00, 0x00, 0x00, 0x00, 0x00, 0x00, 0x00, 0x00, 0x00, 0x00,
    0x00, 0x00, 0x00, 0x00, 0x00, 0x00, 0x00, 0x00, 0x00, 0x00, 0x00, 0x00,
    0x00, 0x00, 0x00, 0x00, 0x00, 0x00, 0x00, 0x00, 0x00, 0x00, 0x00, 0x00,
    0x00, 0x00, 0x00, 0x00, 0x00, 0x00, 0x00, 0x00, 0x00, 0x00, 0x00, 0x00,
    0x00, 0x00, 0x00, 0x00, 0x00, 0x00, 0x00, 0x00, 0x00, 0x00, 0x00, 0x00,
    0x00, 0x00, 0x00, 0x00, 0x00, 0x00, 0x00, 0x00, 0x00, 0x00, 0x00, 0x00,
    0x00, 0x00, 0x00, 0x00, 0x00, 0x00, 0x00, 0x00, 0x00, 0x00, 0x00, 0x00,
    0x00, 0x00, 0x00, 0x00, 0x00, 0x00, 0x00, 0x00, 0x00, 0x00, 0x00, 0x00,
    0x00, 0x00, 0x00, 0x00, 0x00, 0x00, 0x00, 0x00, 0x00, 0x00, 0x00, 0x00,
    0x00, 0x00, 0x00, 0x00, 0x00, 0x00, 0x00, 0x00, 0x00, 0x00, 0x00, 0x00,
    0x00, 0x00, 0x00, 0x00, 0x00, 0x00, 0x00, 0x00, 0x00, 0x00, 0x00, 0x00,
    0x00, 0x00, 0x00, 0x00, 0x00, 0x00, 0x00, 0x00, 0x00, 0x00, 0x00, 0x00,
    0x00, 0x00, 0x00, 0x00, 0x00, 0x00, 0x00, 0x00, 0x00, 0x00, 0x00, 0x00,
    0x00, 0x00, 0x00, 0x00, 0x00, 0x00, 0x00, 0x00, 0x00, 0x00, 0x00, 0x00,
    0x00, 0x00, 0x00, 0x00, 0x00, 0x00, 0x00, 0x00, 0x00, 0x00, 0x00, 0x00,
    0x00, 0x00, 0x00, 0x00, 0x00, 0x00, 0x00, 0x00, 0x00, 0x00, 0x00, 0x00,
    0x00, 0x00, 0x00, 0x00, 0x00, 0x00, 0x00, 0x00, 0x00, 0x00, 0x00, 0x00,
    0x00, 0x00, 0x00, 0x00, 0x00, 0x00, 0x00, 0x00, 0x00, 0x00, 0x00, 0x00,
    0x00, 0x00, 0x00, 0x00, 0x00, 0x00, 0x00, 0x00, 0x00, 0x00, 0x00, 0x00,
    0x00, 0x00, 0x00, 0x00, 0x00, 0x00, 0x00, 0x00, 0x00, 0x00, 0x00, 0x00,
    0x00, 0x00, 0x00, 0x00, 0x00, 0x00, 0x00, 0x00, 0x00, 0x00, 0x00, 0x00,
    0x00, 0x00, 0x00, 0x00, 0x00, 0x00, 0x00, 0x00, 0x00, 0x00, 0x00, 0x00,
    0x00, 0x00, 0x00, 0x00, 0x00, 0x00, 0x00, 0x00, 0x00, 0x00, 0x00, 0x00,
    0x00, 0x00, 0x00, 0x00, 0x00, 0x00, 0x00, 0x00, 0x00, 0x00, 0x00, 0x00,
    0x00, 0x00, 0x00, 0x00, 0x00, 0x00, 0x00, 0x00, 0x00, 0x00, 0x00, 0x00,
    0x00, 0x00, 0x00, 0x00, 0x00, 0x00, 0x00, 0x00, 0x00, 0x00, 0x00, 0x00,
    0x00, 0x00, 0x00, 0x00, 0x00, 0x00, 0x00, 0x00, 0x00, 0x00, 0x00, 0x00,
    0x00, 0x00, 0x00, 0x00, 0x00, 0x00, 0x00, 0x00, 0x00, 0x00, 0x00, 0x00,
    0x00, 0x00, 0x00, 0x00, 0x00, 0x00, 0x00, 0x00, 0x00, 0x00, 0x00, 0x00,
    0x00, 0x00, 0x00, 0x00, 0x00, 0x00, 0x00, 0x00, 0x00, 0x00, 0x00, 0x00,
    0x00, 0x00, 0x00, 0x00, 0x00, 0x00, 0x00, 0x00, 0x00, 0x00, 0x00, 0x00,
    0x00, 0x00, 0x00, 0x00, 0x00, 0x00, 0x00, 0x00, 0x00, 0x00, 0x00, 0x00,
    0x00, 0x00, 0x00, 0x00, 0x00, 0x00, 0x00, 0x00, 0x00, 0x00, 0x00, 0x00,
    0x00, 0x00, 0x00, 0x00, 0x00, 0x00, 0x00, 0x00, 0x00, 0x00, 0x00, 0x00,
    0x00, 0x00, 0x00, 0x00, 0x00, 0x00, 0x00, 0x00, 0x00, 0x00, 0x00, 0x00,
    0x00, 0x00, 0x00, 0x00, 0x00, 0x00, 0x00, 0x00, 0x00, 0x00, 0x00, 0x00,
    0x00, 0x00, 0x00, 0x00, 0x00, 0x00, 0x00, 0x00, 0x00, 0x00, 0x00, 0x00,
    0x00, 0x00, 0x00, 0x00, 0x00, 0x00, 0x00, 0x00, 0x00, 0x00, 0x00, 0x00,
    0x00, 0x00, 0x00, 0x00, 0x00, 0x00, 0x00, 0x00, 0x00, 0x00, 0x00, 0x00,
    0x00, 0x00, 0x00, 0x00, 0x00, 0x00, 0x00, 0x00, 0x00, 0x00, 0x00, 0x00,
    0x00, 0x00, 0x00, 0x00, 0x00, 0x00, 0x00, 0x00, 0x00, 0x00, 0x00, 0x00,
    0x00, 0x00, 0x00, 0x00, 0x00, 0x00, 0x00, 0x00, 0x00, 0x00, 0x00, 0x00,
    0x00, 0x00, 0x00, 0x00, 0x00, 0x00, 0x00, 0x00, 0x00, 0x00, 0x00, 0x00,
    0x00, 0x00, 0x00, 0x00, 0x00, 0x00, 0x00, 0x00, 0x00, 0x00, 0x00, 0x00,
    0x00, 0x00, 0x00, 0x00, 0x00, 0x00, 0x00, 0x00, 0x00, 0x00, 0x00, 0x00,
    0x00, 0x00, 0x00, 0x00, 0x00, 0x00, 0x00, 0x00, 0x00, 0x00, 0x00, 0x00,
    0x00, 0x00, 0x00, 0x00, 0x00, 0x00, 0x00, 0x00, 0x00, 0x00, 0x00, 0x00,
    0x00, 0x00, 0x00, 0x00, 0x00, 0x00, 0x00, 0x00, 0x00, 0x00, 0x00, 0x00,
    0x00, 0x00, 0x00, 0x00, 0x00, 0x00, 0x00, 0x00, 0x00, 0x00, 0x00, 0x00,
    0x00, 0x00, 0x00, 0x00, 0x00, 0x00, 0x00, 0x00, 0x00, 0x00, 0x00, 0x00,
    0x00, 0x00, 0x00, 0x00, 0x00, 0x00, 0x00, 0x00, 0x00, 0x00, 0x00, 0x00,
    0x00, 0x00, 0x00, 0x00, 0x00, 0x00, 0x00, 0x00, 0x00, 0x00, 0x00, 0x00,
    0x00, 0x00, 0x00, 0x00, 0x00, 0x00, 0x00, 0x00, 0x00, 0x00, 0x00, 0x00,
    0x00, 0x00, 0x00, 0x00, 0x00, 0x00, 0x00, 0x00, 0x00, 0x00, 0x00, 0x00,
    0x00, 0x00, 0x00, 0x00, 0x00, 0x00, 0x00, 0x00, 0x00, 0x00, 0x00, 0x00,
    0x00, 0x00, 0x00, 0x00, 0x00, 0x00, 0x00, 0x00, 0x00, 0x00, 0x00, 0x00,
    0x00, 0x00, 0x00, 0x00, 0x00, 0x00, 0x00, 0x00, 0x00, 0x00, 0x00, 0x00,
    0x00, 0x00, 0x00, 0x00, 0x00, 0x00, 0x00, 0x00, 0x00, 0x00, 0x00, 0x00,
    0x00, 0x00, 0x00, 0x00, 0x00, 0x00, 0x00, 0x00, 0x00, 0x00, 0x00, 0x00,
    0x00, 0x00, 0x00, 0x00, 0x00, 0x00, 0x00, 0x00, 0x00, 0x00, 0x00, 0x00,
    0x00, 0x00, 0x00, 0x00, 0x00, 0x00, 0x00, 0x00, 0x00, 0x00, 0x00, 0x00,
    0x00, 0x00, 0x00, 0x00, 0x00, 0x00, 0x00, 0x00, 0x00, 0x00, 0x00, 0x00,
    0x00, 0x00, 0x00, 0x00, 0x00, 0x00, 0x00, 0x00, 0x00, 0x00, 0x00, 0x00,
    0x00, 0x00, 0x00, 0x00, 0x00, 0x00, 0x00, 0x00, 0x00, 0x00, 0x00, 0x00,
    0x00, 0x00, 0x00, 0x00, 0x00, 0x00, 0x00, 0x00, 0x00, 0x00, 0x00, 0x00,
    0x00, 0x00, 0x00, 0x00, 0x00, 0x00, 0x00, 0x00, 0x00, 0x00, 0x00, 0x00,
    0x00, 0x00, 0x00, 0x00, 0x00, 0x00, 0x00, 0x00, 0x00, 0x00, 0x00, 0x00,
    0x00, 0x00, 0x00, 0x00, 0x00, 0x00, 0x00, 0x00, 0x00, 0x00, 0x00, 0x00,
    0x00, 0x00, 0x00, 0x00, 0x00, 0x00, 0x00, 0x00, 0x00, 0x00, 0x00, 0x00,
    0x00, 0x00, 0x00, 0x00, 0x00, 0x00, 0x00, 0x00, 0x00, 0x00, 0x00, 0x00,
    0x00, 0x00, 0x00, 0x00, 0x00, 0x00, 0x00, 0x00, 0x00, 0x00, 0x00, 0x00,
    0x00, 0x00, 0x00, 0x00, 0x00, 0x00, 0x00, 0x00, 0x00, 0x00, 0x00, 0x00,
    0x00, 0x00, 0x00, 0x00, 0x00, 0x00, 0x00, 0x00, 0x00, 0x00, 0x00, 0x00,
    0x00, 0x00, 0x00, 0x00, 0x00, 0x00, 0x00, 0x00, 0x00, 0x00, 0x00, 0x00,
    0x00, 0x00, 0x00, 0x00, 0x00, 0x00, 0x00, 0x00, 0x00, 0x00, 0x00, 0x00,
    0x00, 0x00, 0x00, 0x00, 0x00, 0x00, 0x00, 0x00, 0x00, 0x00, 0x00, 0x00,
    0x00, 0x00, 0x00, 0x00, 0x00, 0x00, 0x00, 0x00, 0x00, 0x00, 0x00, 0x00,
    0x00, 0x00, 0x00, 0x00, 0x00, 0x00, 0x00, 0x00, 0x00, 0x00, 0x00, 0x00,
    0x00, 0x00, 0x00, 0x00, 0x00, 0x00, 0x00, 0x00, 0x00, 0x00, 0x00, 0x00,
    0x00, 0x00, 0x00, 0x00, 0x00, 0x00, 0x00, 0x00, 0x00, 0x00, 0x00, 0x00,
    0x00, 0x00, 0x00, 0x00, 0x00, 0x00, 0x00, 0x00, 0x00, 0x00, 0x00, 0x00,
    0x00, 0x00, 0x00, 0x00, 0x00, 0x00, 0x00, 0x00, 0x00, 0x00, 0x00, 0x00,
    0x00, 0x00, 0x00, 0x00, 0x00, 0x00, 0x00, 0x00, 0x00, 0x00, 0x00, 0x00,
    0x00, 0x00, 0x00, 0x00, 0x00, 0x00, 0x00, 0x00, 0x00, 0x00, 0x00, 0x00,
    0x00, 0x00, 0x00, 0x00, 0x00, 0x00, 0x00, 0x00, 0x00, 0x00, 0x00, 0x00,
    0x00, 0x00, 0x00, 0x00, 0x00, 0x00, 0x00, 0x00, 0x00, 0x00, 0x00, 0x00,
    0x00, 0x00, 0x00, 0x00, 0x00, 0x00, 0x00, 0x00, 0x00, 0x00, 0x00, 0x00,
    0x00, 0x00, 0x00, 0x00, 0x00, 0x00, 0x00, 0x00, 0x00, 0x00, 0x00, 0x00,
    0x00, 0x00, 0x00, 0x00, 0x00, 0x00, 0x00, 0x00, 0x00, 0x00, 0x00, 0x00,
    0x00, 0x00, 0x00, 0x00, 0x00, 0x00, 0x00, 0x00, 0x00, 0x00, 0x00, 0x00,
    0x00, 0x00, 0x00, 0x00, 0x00, 0x00, 0x00, 0x00, 0x00, 0x00, 0x00, 0x00,
    0x00, 0x00, 0x00, 0x00, 0x00, 0x00, 0x00, 0x00, 0x00, 0x00, 0x00, 0x00,
    0x00, 0x00, 0x00, 0x00, 0x00, 0x00, 0x00, 0x00, 0x00, 0x00, 0x00, 0x00,
    0x00, 0x00, 0x00, 0x00, 0x00, 0x00, 0x00, 0x00, 0x00, 0x00, 0x00, 0x00,
    0x00, 0x00, 0x00, 0x00, 0x00, 0x00, 0x00, 0x00, 0x00, 0x00, 0x00, 0x00,
    0x00, 0x00, 0x00, 0x00, 0x00, 0x00, 0x00, 0x00, 0x00, 0x00, 0x00, 0x00,
    0x00, 0x00, 0x00, 0x00, 0x00, 0x00, 0x00, 0x00, 0x00, 0x00, 0x00, 0x00,
    0x00, 0x00, 0x00, 0x00, 0x00, 0x00, 0x00, 0x00, 0x00, 0x00, 0x00, 0x00,
    0x00, 0x00, 0x00, 0x00, 0x00, 0x00, 0x00, 0x00, 0x00, 0x00, 0x00, 0x00,
    0x00, 0x00, 0x00, 0x00, 0x00, 0x00, 0x00, 0x00, 0x00, 0x00, 0x00, 0x00,
    0x00, 0x00, 0x00, 0x00, 0x00, 0x00, 0x00, 0x00, 0x00, 0x00, 0x00, 0x00,
    0x00, 0x00, 0x00, 0x00, 0x00, 0x00, 0x00, 0x00, 0x00, 0x00, 0x00, 0x00,
    0x00, 0x00, 0x00, 0x00, 0x00, 0x00, 0x00, 0x00, 0x00, 0x00, 0x00, 0x00,
    0x00, 0x00, 0x00, 0x00, 0x00, 0x00, 0x00, 0x00, 0x00, 0x00, 0x00, 0x00,
    0x00, 0x00, 0x00, 0x00, 0x00, 0x00, 0x00, 0x00, 0x00, 0x00, 0x00, 0x00,
    0x00, 0x00, 0x00, 0x00, 0x00, 0x00, 0x00, 0x00, 0x00, 0x00, 0x00, 0x00,
    0x00, 0x00, 0x00, 0x00, 0x00, 0x00, 0x00, 0x00, 0x00, 0x00, 0x00, 0x00,
    0x00, 0x00, 0x00, 0x00, 0x00, 0x00, 0x00, 0x00, 0x00, 0x00, 0x00, 0x00,
    0x00, 0x00, 0x00, 0x00, 0x00, 0x00, 0x00, 0x00, 0x00, 0x00, 0x00, 0x00,
    0x00, 0x00, 0x00, 0x00, 0x00, 0x00, 0x00, 0x00, 0x00, 0x00, 0x00, 0x00,
    0x00, 0x00, 0x00, 0x00, 0x00, 0x00, 0x00, 0x00, 0x00, 0x00, 0x00, 0x00,
    0x00, 0x00, 0x00, 0x00, 0x00, 0x00, 0x00, 0x00, 0x00, 0x00, 0x00, 0x00,
    0x00, 0x00, 0x00, 0x00, 0x00, 0x00, 0x00, 0x00, 0x00, 0x00, 0x00, 0x00,
    0x00, 0x00, 0x00, 0x00, 0x00, 0x00, 0x00, 0x00, 0x00, 0x00, 0x00, 0x00,
    0x00, 0x00, 0x00, 0x00, 0x00, 0x00, 0x00, 0x00, 0x00, 0x00, 0x00, 0x00,
    0x00, 0x00, 0x00, 0x00, 0x00, 0x00, 0x00, 0x00, 0x00, 0x00, 0x00, 0x00,
    0x00, 0x00, 0x00, 0x00, 0x00, 0x00, 0x00, 0x00, 0x00, 0x00, 0x00, 0x00,
    0x00, 0x00, 0x00, 0x00, 0x00, 0x00, 0x00, 0x00, 0x00, 0x00, 0x00, 0x00,
    0x00, 0x00, 0x00, 0x00, 0x00, 0x00, 0x00, 0x00, 0x00, 0x00, 0x00, 0x00,
    0x00, 0x00, 0x00, 0x00, 0x00, 0x00, 0x00, 0x00, 0x00, 0x00, 0x00, 0x00,
    0x00, 0x00, 0x00, 0x00, 0x00, 0x00, 0x00, 0x00, 0x00, 0x00, 0x00, 0x00,
    0x00, 0x00, 0x00, 0x00, 0x00, 0x00, 0x00, 0x00, 0x00, 0x00, 0x00, 0x00,
    0x00, 0x00, 0x00, 0x00, 0x00, 0x00, 0x00, 0x00, 0x00, 0x00, 0x00, 0x00,
    0x00, 0x00, 0x00, 0x00, 0x00, 0x00, 0x00, 0x00, 0x00, 0x00, 0x00, 0x00,
    0x00, 0x00, 0x00, 0x00, 0x00, 0x00, 0x00, 0x00, 0x00, 0x00, 0x00, 0x00,
    0x00, 0x00, 0x00, 0x00, 0x00, 0x00, 0x00, 0x00, 0x00, 0x00, 0x00, 0x00,
    0x00, 0x00, 0x00, 0x00, 0x00, 0x00, 0x00, 0x00, 0x00, 0x00, 0x00, 0x00,
    0x00, 0x00, 0x00, 0x00, 0x00, 0x00, 0x00, 0x00, 0x00, 0x00, 0x00, 0x00,
    0x00, 0x00, 0x00, 0x00, 0x00, 0x00, 0x00, 0x00, 0x00, 0x00, 0x00, 0x00,
    0x00, 0x00, 0x00, 0x00, 0x00, 0x00, 0x00, 0x00, 0x00, 0x00, 0x00, 0x00,
    0x00, 0x00, 0x00, 0x00, 0x00, 0x00, 0x00, 0x00, 0x00, 0x00, 0x00, 0x00,
    0x00, 0x00, 0x00, 0x00, 0x00, 0x00, 0x00, 0x00, 0x00, 0x00, 0x00, 0x00,
    0x00, 0x00, 0x00, 0x00, 0x00, 0x00, 0x00, 0x00, 0x00, 0x00, 0x00, 0x00,
    0x00, 0x00, 0x00, 0x00, 0x00, 0x00, 0x00, 0x00, 0x00, 0x00, 0x00, 0x00,
    0x00, 0x00, 0x00, 0x00, 0x00, 0x00, 0x00, 0x00, 0x00, 0x00, 0x00, 0x00,
    0x00, 0x00, 0x00, 0x00, 0x00, 0x00, 0x00, 0x00, 0x00, 0x00, 0x00, 0x00,
    0x00, 0x00, 0x00, 0x00, 0x00, 0x00, 0x00, 0x00, 0x00, 0x00, 0x00, 0x00,
    0x00, 0x00, 0x00, 0x00, 0x00, 0x00, 0x00, 0x00, 0x00, 0x00, 0x00, 0x00,
    0x00, 0x00, 0x00, 0x00, 0x00, 0x00, 0x00, 0x00, 0x00, 0x00, 0x00, 0x00,
    0x00, 0x00, 0x00, 0x00, 0x00, 0x00, 0x00, 0x00, 0x00, 0x00, 0x00, 0x00,
    0x00, 0x00, 0x00, 0x00, 0x00, 0x00, 0x00, 0x00, 0x00, 0x00, 0x00, 0x00,
    0x00, 0x00, 0x00, 0x00, 0x00, 0x00, 0x00, 0x00, 0x00, 0x00, 0x00, 0x00,
    0x00, 0x00, 0x00, 0x00, 0x00, 0x00, 0x00, 0x00, 0x00, 0x00, 0x00, 0x00,
    0x00, 0x00, 0x00, 0x00, 0x00, 0x00, 0x00, 0x00, 0x00, 0x00, 0x00, 0x00,
    0x00, 0x00, 0x00, 0x00, 0x00, 0x00, 0x00, 0x00, 0x00, 0x00, 0x00, 0x00,
    0x00, 0x00, 0x00, 0x00, 0x00, 0x00, 0x00, 0x00, 0x00, 0x00, 0x00, 0x00,
    0x00, 0x00, 0x00, 0x00, 0x00, 0x00, 0x00, 0x00, 0x00, 0x00, 0x00, 0x00,
    0x00, 0x00, 0x00, 0x00, 0x00, 0x00, 0x00, 0x00, 0x00, 0x00, 0x00, 0x00,
    0x00, 0x00, 0x00, 0x00, 0x00, 0x00, 0x00, 0x00, 0x00, 0x00, 0x00, 0x00,
    0x00, 0x00, 0x00, 0x00, 0x00, 0x00, 0x00, 0x00, 0x00, 0x00, 0x00, 0x00,
    0x00, 0x00, 0x00, 0x00, 0x00, 0x00, 0x00, 0x00, 0x00, 0x00, 0x00, 0x00,
    0x00, 0x00, 0x00, 0x00, 0x00, 0x00, 0x00, 0x00, 0x00, 0x00, 0x00, 0x00,
    0x00, 0x00, 0x00, 0x00, 0x00, 0x00, 0x00, 0x00, 0x00, 0x00, 0x00, 0x00,
    0x00, 0x00, 0x00, 0x00, 0x00, 0x00, 0x00, 0x00, 0x00, 0x00, 0x00, 0x00,
    0x00, 0x00, 0x00, 0x00, 0x00, 0x00, 0x00, 0x00, 0x00, 0x00, 0x00, 0x00,
    0x00, 0x00, 0x00, 0x00, 0x00, 0x00, 0x00, 0x00, 0x00, 0x00, 0x00, 0x00,
    0x00, 0x00, 0x00, 0x00, 0x00, 0x00, 0x00, 0x00, 0x00, 0x00, 0x00, 0x00,
    0x00, 0x00, 0x00, 0x00, 0x00, 0x00, 0x00, 0x00, 0x00, 0x00, 0x00, 0x00,
    0x00, 0x00, 0x00, 0x00, 0x00, 0x00, 0x00, 0x00, 0x00, 0x00, 0x00, 0x00,
    0x00, 0x00, 0x00, 0x00, 0x00, 0x00, 0x00, 0x00, 0x00, 0x00, 0x00, 0x00,
    0x00, 0x00, 0x00, 0x00, 0x00, 0x00, 0x00, 0x00, 0x00, 0x00, 0x00, 0x00,
    0x00, 0x00, 0x00, 0x00, 0x00, 0x00, 0x00, 0x00, 0x00, 0x00, 0x00, 0x00,
    0x00, 0x00, 0x00, 0x00, 0x00, 0x00, 0x00, 0x00, 0x00, 0x00, 0x00, 0x00,
    0x00, 0x00, 0x00, 0x00, 0x00, 0x00, 0x00, 0x00, 0x00, 0x00, 0x00, 0x00,
    0x00, 0x00, 0x00, 0x00, 0x00, 0x00, 0x00, 0x00, 0x00, 0x00, 0x00, 0x00,
    0x00, 0x00, 0x00, 0x00, 0x00, 0x00, 0x00, 0x00, 0x00, 0x00, 0x00, 0x00,
    0x00, 0x00, 0x00, 0x00, 0x00, 0x00, 0x00, 0x00, 0x00, 0x00, 0x00, 0x00,
    0x00, 0x00, 0x00, 0x00, 0x00, 0x00, 0x00, 0x00, 0x00, 0x00, 0x00, 0x00,
    0x00, 0x00, 0x00, 0x00, 0x00, 0x00, 0x00, 0x00, 0x00, 0x00, 0x00, 0x00,
    0x00, 0x00, 0x00, 0x00, 0x00, 0x00, 0x00, 0x00, 0x00, 0x00, 0x00, 0x00,
    0x00, 0x00, 0x00, 0x00, 0x00, 0x00, 0x00, 0x00, 0x00, 0x00, 0x00, 0x00,
    0x00, 0x00, 0x00, 0x00, 0x00, 0x00, 0x00, 0x00, 0x00, 0x00, 0x00, 0x00,
    0x00, 0x00, 0x00, 0x00, 0x00, 0x00, 0x00, 0x00, 0x00, 0x00, 0x00, 0x00,
    0x00, 0x00, 0x00, 0x00, 0x00, 0x00, 0x00, 0x00, 0x00, 0x00, 0x00, 0x00,
    0x00, 0x00, 0x00, 0x00, 0x00, 0x00, 0x00, 0x00, 0x00, 0x00, 0x00, 0x00,
    0x00, 0x00, 0x00, 0x00, 0x00, 0x00, 0x00, 0x00, 0x00, 0x00, 0x00, 0x00,
    0x00, 0x00, 0x00, 0x00, 0x00, 0x00, 0x00, 0x00, 0x00, 0x00, 0x00, 0x00,
    0x00, 0x00, 0x00, 0x00, 0x00, 0x00, 0x00, 0x00, 0x00, 0x00, 0x00, 0x00,
    0x00, 0x00, 0x00, 0x00, 0x00, 0x00, 0x00, 0x00, 0x00, 0x00, 0x00, 0x00,
    0x00, 0x00, 0x00, 0x00, 0x00, 0x00, 0x00, 0x00, 0x00, 0x00, 0x00, 0x00,
    0x00, 0x00, 0x00, 0x00, 0x00, 0x00, 0x00, 0x00, 0x00, 0x00, 0x00, 0x00,
    0x00, 0x00, 0x00, 0x00, 0x00, 0x00, 0x00, 0x00, 0x00, 0x00, 0x00, 0x00,
    0x00, 0x00, 0x00, 0x00, 0x00, 0x00, 0x00, 0x00, 0x00, 0x00, 0x00, 0x00,
    0x00, 0x00, 0x00, 0x00, 0x00, 0x00, 0x00, 0x00, 0x00, 0x00, 0x00, 0x00,
    0x00, 0x00, 0x00, 0x00, 0x00, 0x00, 0x00, 0x00, 0x00, 0x00, 0x00, 0x00,
    0x00, 0x00, 0x00, 0x00, 0x00, 0x00, 0x00, 0x00, 0x00, 0x00, 0x00, 0x00,
    0x00, 0x00, 0x00, 0x00, 0x00, 0x00, 0x00, 0x00, 0x00, 0x00, 0x00, 0x00,
    0x00, 0x00, 0x00, 0x00, 0x00, 0x00, 0x00, 0x00, 0x00, 0x00, 0x00, 0x00,
    0x00, 0x00, 0x00, 0x00, 0x00, 0x00, 0x00, 0x00, 0x00, 0x00, 0x00, 0x00,
    0x00, 0x00, 0x00, 0x00, 0x00, 0x00, 0x00, 0x00, 0x00, 0x00, 0x00, 0x00,
    0x00, 0x00, 0x00, 0x00, 0x00, 0x00, 0x00, 0x00, 0x00, 0x00, 0x00, 0x00,
    0x00, 0x00, 0x00, 0x00, 0x00, 0x00, 0x00, 0x00, 0x00, 0x00, 0x00, 0x00,
    0x00, 0x00, 0x00, 0x00, 0x00, 0x00, 0x00, 0x00, 0x00, 0x00, 0x00, 0x00,
    0x00, 0x00, 0x00, 0x00, 0x00, 0x00, 0x00, 0x00, 0x00, 0x00, 0x00, 0x00,
    0x00, 0x00, 0x00, 0x00, 0x00, 0x00, 0x00, 0x00, 0x00, 0x00, 0x00, 0x00,
    0x00, 0x00, 0x00, 0x00, 0x00, 0x00, 0x00, 0x00, 0x00, 0x00, 0x00, 0x00,
    0x00, 0x00, 0x00, 0x00, 0x00, 0x00, 0x00, 0x00, 0x00, 0x00, 0x00, 0x00,
    0x00, 0x00, 0x00, 0x00, 0x00, 0x00, 0x00, 0x00, 0x00, 0x00, 0x00, 0x00,
    0x00, 0x00, 0x00, 0x00, 0x00, 0x00, 0x00, 0x00, 0x00, 0x00, 0x00, 0x00,
    0x00, 0x00, 0x00, 0x00, 0x00, 0x00, 0x00, 0x00, 0x00, 0x00, 0x00, 0x00,
    0x00, 0x00, 0x00, 0x00, 0x00, 0x00, 0x00, 0x00, 0x00, 0x00, 0x00, 0x00,
    0x00, 0x00, 0x00, 0x00, 0x00, 0x00, 0x00, 0x00, 0x00, 0x00, 0x00, 0x00,
    0x00, 0x00, 0x00, 0x00, 0x00, 0x00, 0x00, 0x00, 0x00, 0x00, 0x00, 0x00,
    0x00, 0x00, 0x00, 0x00, 0x00, 0x00, 0x00, 0x00, 0x00, 0x00, 0x00, 0x00,
    0x00, 0x00, 0x00, 0x00, 0x00, 0x00, 0x00, 0x00, 0x00, 0x00, 0x00, 0x00,
    0x00, 0x00, 0x00, 0x00, 0x00, 0x00, 0x00, 0x00, 0x00, 0x00, 0x00, 0x00,
    0x00, 0x00, 0x00, 0x00, 0x00, 0x00, 0x00, 0x00, 0x00, 0x00, 0x00, 0x00,
    0x00, 0x00, 0x00, 0x00, 0x00, 0x00, 0x00, 0x00, 0x00, 0x00, 0x00, 0x00,
    0x00, 0x00, 0x00, 0x00, 0x00, 0x00, 0x00, 0x00, 0x00, 0x00, 0x00, 0x00,
    0x00, 0x00, 0x00, 0x00, 0x00, 0x00, 0x00, 0x00, 0x00, 0x00, 0x00, 0x00,
    0x00, 0x00, 0x00, 0x00, 0x00, 0x00, 0x00, 0x00, 0x00, 0x00, 0x00, 0x00,
    0x00, 0x00, 0x00, 0x00, 0x00, 0x00, 0x00, 0x00, 0x00, 0x00, 0x00, 0x00,
    0x00, 0x00, 0x00, 0x00, 0x00, 0x00, 0x00, 0x00, 0x00, 0x00, 0x00, 0x00,
    0x00, 0x00, 0x00, 0x00, 0x00, 0x00, 0x00, 0x00, 0x00, 0x00, 0x00, 0x00,
    0x00, 0x00, 0x00, 0x00, 0x00, 0x00, 0x00, 0x00, 0x00, 0x00, 0x00, 0x00,
    0x00, 0x00, 0x00, 0x00, 0x00, 0x00, 0x00, 0x00, 0x00, 0x00, 0x00, 0x00,
    0x00, 0x00, 0x00, 0x00, 0x00, 0x00, 0x00, 0x00, 0x00, 0x00, 0x00, 0x00,
    0x00, 0x00, 0x00, 0x00, 0x00, 0x00, 0x00, 0x00, 0x00, 0x00, 0x00, 0x00,
    0x00, 0x00, 0x00, 0x00, 0x00, 0x00, 0x00, 0x00, 0x00, 0x00, 0x00, 0x00,
    0x00, 0x00, 0x00, 0x00, 0x00, 0x00, 0x00, 0x00, 0x00, 0x00, 0x00, 0x00,
    0x00, 0x00, 0x00, 0x00, 0x00, 0x00, 0x00, 0x00, 0x00, 0x00, 0x00, 0x00,
    0x00, 0x00, 0x00, 0x00, 0x00, 0x00, 0x00, 0x00, 0x00, 0x00, 0x00, 0x00,
    0x00, 0x00, 0x00, 0x00, 0x00, 0x00, 0x00, 0x00, 0x00, 0x00, 0x00, 0x00,
    0x00, 0x00, 0x00, 0x00, 0x00, 0x00, 0x00, 0x00, 0x00, 0x00, 0x00, 0x00,
    0x00, 0x00, 0x00, 0x00, 0x00, 0x00, 0x00, 0x00, 0x00, 0x00, 0x00, 0x00,
    0x00, 0x00, 0x00, 0x00, 0x00, 0x00, 0x00, 0x00, 0x00, 0x00, 0x00, 0x00,
    0x00, 0x00, 0x00, 0x00, 0x00, 0x00, 0x00, 0x00, 0x00, 0x00, 0x00, 0x00,
    0x00, 0x00, 0x00, 0x00, 0x00, 0x00, 0x00, 0x00, 0x00, 0x00, 0x00, 0x00,
    0x00, 0x00, 0x00, 0x00, 0x00, 0x00, 0x00, 0x00, 0x00, 0x00, 0x00, 0x00,
    0x00, 0x00, 0x00, 0x00, 0x00, 0x00, 0x00, 0x00, 0x00, 0x00, 0x00, 0x00,
    0x00, 0x00, 0x00, 0x00, 0x00, 0x00, 0x00, 0x00, 0x00, 0x00, 0x00, 0x00,
    0x00, 0x00, 0x00, 0x00, 0x00, 0x00, 0x00, 0x00, 0x00, 0x00, 0x00, 0x00,
    0x00, 0x00, 0x00, 0x00, 0x00, 0x00, 0x00, 0x00, 0x00, 0x00, 0x00, 0x00,
    0x00, 0x00, 0x00, 0x00, 0x00, 0x00, 0x00, 0x00, 0x00, 0x00, 0x00, 0x00,
    0x00, 0x00, 0x00, 0x00, 0x00, 0x00, 0x00, 0x00, 0x00, 0x00, 0x00, 0x00,
    0x00, 0x00, 0x00, 0x00, 0x00, 0x00, 0x00, 0x00, 0x00, 0x00, 0x00, 0x00,
    0x00, 0x00, 0x00, 0x00, 0x00, 0x00, 0x00, 0x00, 0x00, 0x00, 0x00, 0x00,
    0x00, 0x00, 0x00, 0x00, 0x00, 0x00, 0x00, 0x00, 0x00, 0x00, 0x00, 0x00,
    0x00, 0x00, 0x00, 0x00, 0x00, 0x00, 0x00, 0x00, 0x00, 0x00, 0x00, 0x00,
    0x00, 0x00, 0x00, 0x00, 0x00, 0x00, 0x00, 0x00, 0x00, 0x00, 0x00, 0x00,
    0x00, 0x00, 0x00, 0x00, 0x00, 0x00, 0x00, 0x00, 0x00, 0x00, 0x00, 0x00,
    0x00, 0x00, 0x00, 0x00, 0x00, 0x00, 0x00, 0x00, 0x00, 0x00, 0x00, 0x00,
    0x00, 0x00, 0x00, 0x00, 0x00, 0x00, 0x00, 0x00, 0x00, 0x00, 0x00, 0x00,
    0x00, 0x00, 0x00, 0x00, 0x00, 0x00, 0x00, 0x00, 0x00, 0x00, 0x00, 0x00,
    0x00, 0x00, 0x00, 0x00, 0x00, 0x00, 0x00, 0x00, 0x00, 0x00, 0x00, 0x00,
    0x00, 0x00, 0x00, 0x00, 0x00, 0x00, 0x00, 0x00, 0x00, 0x00, 0x00, 0x00,
    0x00, 0x00, 0x00, 0x00, 0x00, 0x00, 0x00, 0x00, 0x00, 0x00, 0x00, 0x00,
    0x00, 0x00, 0x00, 0x00, 0x00, 0x00, 0x00, 0x00, 0x00, 0x00, 0x00, 0x00,
    0x00, 0x00, 0x00, 0x00, 0x00, 0x00, 0x00, 0x00, 0x00, 0x00, 0x00, 0x00,
    0x00, 0x00, 0x00, 0x00, 0x00, 0x00, 0x00, 0x00, 0x00, 0x00, 0x00, 0x00,
    0x00, 0x00, 0x00, 0x00, 0x00, 0x00, 0x00, 0x00, 0x00, 0x00, 0x00, 0x00,
    0x00, 0x00, 0x00, 0x00, 0x00, 0x00, 0x00, 0x00, 0x00, 0x00, 0x00, 0x00,
    0x00, 0x00, 0x00, 0x00, 0x00, 0x00, 0x00, 0x00, 0x00, 0x00, 0x00, 0x00,
    0x00, 0x00, 0x00, 0x00, 0x00, 0x00, 0x00, 0x00, 0x00, 0x00, 0x00, 0x00,
    0x00, 0x00, 0x00, 0x00, 0x00, 0x00, 0x00, 0x00, 0x00, 0x00, 0x00, 0x00,
    0x00, 0x00, 0x00, 0x00, 0x00, 0x00, 0x00, 0x00, 0x00, 0x00, 0x00, 0x00,
    0x00, 0x00, 0x00, 0x00, 0x00, 0x00, 0x00, 0x00, 0x00, 0x00, 0x00, 0x00,
    0x00, 0x00, 0x00, 0x00, 0x00, 0x00, 0x00, 0x00, 0x00, 0x00, 0x00, 0x00,
    0x00, 0x00, 0x00, 0x00, 0x00, 0x00, 0x00, 0x00, 0x00, 0x00, 0x00, 0x00,
    0x00, 0x00, 0x00, 0x00, 0x00, 0x00, 0x00, 0x00, 0x00, 0x00, 0x00, 0x00,
    0x00, 0x00, 0x00, 0x00, 0x00, 0x00, 0x00, 0x00, 0x00, 0x00, 0x00, 0x00,
    0x00, 0x00, 0x00, 0x00, 0x00, 0x00, 0x00, 0x00, 0x00, 0x00, 0x00, 0x00,
    0x00, 0x00, 0x00, 0x00, 0x00, 0x00, 0x00, 0x00, 0x00, 0x00, 0x00, 0x00,
    0x00, 0x00, 0x00, 0x00, 0x00, 0x00, 0x00, 0x00, 0x00, 0x00, 0x00, 0x00,
    0x00, 0x00, 0x00, 0x00, 0x00, 0x00, 0x00, 0x00, 0x00, 0x00, 0x00, 0x00,
    0x00, 0x00, 0x00, 0x00, 0x00, 0x00, 0x00, 0x00, 0x00, 0x00, 0x00, 0x00,
    0x00, 0x00, 0x00, 0x00, 0x00, 0x00, 0x00, 0x00, 0x00, 0x00, 0x00, 0x00,
    0x00, 0x00, 0x00, 0x00, 0x00, 0x00, 0x00, 0x00, 0x00, 0x00, 0x00, 0x00,
    0x00, 0x00, 0x00, 0x00, 0x00, 0x00, 0x00, 0x00, 0x00, 0x00, 0x00, 0x00,
    0x00, 0x00, 0x00, 0x00, 0x00, 0x00, 0x00, 0x00, 0x00, 0x00, 0x00, 0x00,
    0x00, 0x00, 0x00, 0x00, 0x00, 0x00, 0x00, 0x00, 0x00, 0x00, 0x00, 0x00,
    0x00, 0x00, 0x00, 0x00, 0x00, 0x00, 0x00, 0x00, 0x00, 0x00, 0x00, 0x00,
    0x00, 0x00, 0x00, 0x00, 0x00, 0x00, 0x00, 0x00, 0x00, 0x00, 0x00, 0x00,
    0x00, 0x00, 0x00, 0x00, 0x00, 0x00, 0x00, 0x00, 0x00, 0x00, 0x00, 0x00,
    0x00, 0x00, 0x00, 0x00, 0x00, 0x00, 0x00, 0x00, 0x00, 0x00, 0x00, 0x00,
    0x00, 0x00, 0x00, 0x00, 0x00, 0x00, 0x00, 0x00, 0x00, 0x00, 0x00, 0x00,
    0x00, 0x00, 0x00, 0x00, 0x00, 0x00, 0x00, 0x00, 0x00, 0x00, 0x00, 0x00,
    0x00, 0x00, 0x00, 0x00, 0x00, 0x00, 0x00, 0x00, 0x00, 0x00, 0x00, 0x00,
    0x00, 0x00, 0x00, 0x00, 0x00, 0x00, 0x00, 0x00, 0x00, 0x00, 0x00, 0x00,
    0x00, 0x00, 0x00, 0x00, 0x00, 0x00, 0x00, 0x00, 0x00, 0x00, 0x00, 0x00,
    0x00, 0x00, 0x00, 0x00, 0x00, 0x00, 0x00, 0x00, 0x00, 0x00, 0x00, 0x00,
    0x00, 0x00, 0x00, 0x00, 0x00, 0x00, 0x00, 0x00, 0x00, 0x00, 0x00, 0x00,
    0x00, 0x00, 0x00, 0x00, 0x00, 0x00, 0x00, 0x00, 0x00, 0x00, 0x00, 0x00,
    0x00, 0x00, 0x00, 0x00, 0x00, 0x00, 0x00, 0x00, 0x00, 0x00, 0x00, 0x00,
    0x00, 0x00, 0x00, 0x00, 0x00, 0x00, 0x00, 0x00, 0x00, 0x00, 0x00, 0x00,
    0x00, 0x00, 0x00, 0x00, 0x00, 0x00, 0x00, 0x00, 0x00, 0x00, 0x00, 0x00,
    0x00, 0x00, 0x00, 0x00, 0x00, 0x00, 0x00, 0x00, 0x00, 0x00, 0x00, 0x00,
    0x00, 0x00, 0x00, 0x00, 0x00, 0x00, 0x00, 0x00, 0x00, 0x00, 0x00, 0x00,
    0x00, 0x00, 0x00, 0x00, 0x00, 0x00, 0x00, 0x00, 0x00, 0x00, 0x00, 0x00,
    0x00, 0x00, 0x00, 0x00, 0x00, 0x00, 0x00, 0x00, 0x00, 0x00, 0x00, 0x00,
    0x00, 0x00, 0x00, 0x00, 0x00, 0x00, 0x00, 0x00, 0x00, 0x00, 0x00, 0x00,
    0x00, 0x00, 0x00, 0x00, 0x00, 0x00, 0x00, 0x00, 0x00, 0x00, 0x00, 0x00,
    0x00, 0x00, 0x00, 0x00, 0x00, 0x00, 0x00, 0x00, 0x00, 0x00, 0x00, 0x00,
    0x00, 0x00, 0x00, 0x00, 0x00, 0x00, 0x00, 0x00, 0x00, 0x00, 0x00, 0x00,
    0x00, 0x00, 0x00, 0x00, 0x00, 0x00, 0x00, 0x00, 0x00, 0x00, 0x00, 0x00,
    0x00, 0x00, 0x00, 0x00, 0x00, 0x00, 0x00, 0x00, 0x00, 0x00, 0x00, 0x00,
    0x00, 0x00, 0x00, 0x00, 0x00, 0x00, 0x00, 0x00, 0x00, 0x00, 0x00, 0x00,
    0x00, 0x00, 0x00, 0x00, 0x00, 0x00, 0x00, 0x00, 0x00, 0x00, 0x00, 0x00,
    0x00, 0x00, 0x00, 0x00, 0x00, 0x00, 0x00, 0x00, 0x00, 0x00, 0x00, 0x00,
    0x00, 0x00, 0x00, 0x00, 0x00, 0x00, 0x00, 0x00, 0x00, 0x00, 0x00, 0x00,
    0x00, 0x00, 0x00, 0x00, 0x00, 0x00, 0x00, 0x00, 0x00, 0x00, 0x00, 0x00,
    0x00, 0x00, 0x00, 0x00, 0x00, 0x00, 0x00, 0x00, 0x00, 0x00, 0x00, 0x00,
    0x00, 0x00, 0x00, 0x00, 0x00, 0x00, 0x00, 0x00, 0x00, 0x00, 0x00, 0x00,
    0x00, 0x00, 0x00, 0x00, 0x00, 0x00, 0x00, 0x00, 0x00, 0x00, 0x00, 0x00,
    0x00, 0x00, 0x00, 0x00, 0x00, 0x00, 0x00, 0x00, 0x00, 0x00, 0x00, 0x00,
    0x00, 0x00, 0x00, 0x00, 0x00, 0x00, 0x00, 0x00, 0x00, 0x00, 0x00, 0x00,
    0x00, 0x00, 0x00, 0x00, 0x00, 0x00, 0x00, 0x00, 0x00, 0x00, 0x00, 0x00,
    0x00, 0x00, 0x00, 0x00, 0x00, 0x00, 0x00, 0x00, 0x00, 0x00, 0x00, 0x00,
    0x00, 0x00, 0x00, 0x00, 0x00, 0x00, 0x00, 0x00, 0x00, 0x00, 0x00, 0x00,
    0x00, 0x00, 0x00, 0x00, 0x00, 0x00, 0x00, 0x00, 0x00, 0x00, 0x00, 0x00,
    0x00, 0x00, 0x00, 0x00, 0x00, 0x00, 0x00, 0x00, 0x00, 0x00, 0x00, 0x00,
    0x00, 0x00, 0x00, 0x00, 0x00, 0x00, 0x00, 0x00, 0x00, 0x00, 0x00, 0x00,
    0x00, 0x00, 0x00, 0x00, 0x00, 0x00, 0x00, 0x00, 0x00, 0x00, 0x00, 0x00,
    0x00, 0x00, 0x00, 0x00, 0x00, 0x00, 0x00, 0x00, 0x00, 0x00, 0x00, 0x00,
    0x00, 0x00, 0x00, 0x00, 0x00, 0x00, 0x00, 0x00, 0x00, 0x00, 0x00, 0x00,
    0x00, 0x00, 0x00, 0x00, 0x00, 0x00, 0x00, 0x00, 0x00, 0x00, 0x00, 0x00,
    0x00, 0x00, 0x00, 0x00, 0x00, 0x00, 0x00, 0x00, 0x00, 0x00, 0x00, 0x00,
    0x00, 0x00, 0x00, 0x00, 0x00, 0x00, 0x00, 0x00, 0x00, 0x00, 0x00, 0x00,
    0x00, 0x00, 0x00, 0x00, 0x00, 0x00, 0x00, 0x00, 0x00, 0x00, 0x00, 0x00,
    0x00, 0x00, 0x00, 0x00, 0x00, 0x00, 0x00, 0x00, 0x00, 0x00, 0x00, 0x00,
    0x00, 0x00, 0x00, 0x00, 0x00, 0x00, 0x00, 0x00, 0x00, 0x00, 0x00, 0x00,
    0x00, 0x00, 0x00, 0x00, 0x00, 0x00, 0x00, 0x00, 0x00, 0x00, 0x00, 0x00,
    0x00, 0x00, 0x00, 0x00, 0x00, 0x00, 0x00, 0x00, 0x00, 0x00, 0x00, 0x00,
    0x00, 0x00, 0x00, 0x00, 0x00, 0x00, 0x00, 0x00, 0x00, 0x00, 0x00, 0x00,
    0x00, 0x00, 0x00, 0x00, 0x00, 0x00, 0x00, 0x00, 0x00, 0x00, 0x00, 0x00,
    0x00, 0x00, 0x00, 0x00, 0x00, 0x00, 0x00, 0x00, 0x00, 0x00, 0x00, 0x00,
    0x00, 0x00, 0x00, 0x00, 0x00, 0x00, 0x00, 0x00, 0x00, 0x00, 0x00, 0x00,
    0x00, 0x00, 0x00, 0x00, 0x00, 0x00, 0x00, 0x00, 0x00, 0x00, 0x00, 0x00,
    0x00, 0x00, 0x00, 0x00, 0x00, 0x00, 0x00, 0x00, 0x00, 0x00, 0x00, 0x00,
    0x00, 0x00, 0x00, 0x00, 0x00, 0x00, 0x00, 0x00, 0x00, 0x00, 0x00, 0x00,
    0x00, 0x00, 0x00, 0x00, 0x00, 0x00, 0x00, 0x00, 0x00, 0x00, 0x00, 0x00,
    0x00, 0x00, 0x00, 0x00, 0x00, 0x00, 0x00, 0x00, 0x00, 0x00, 0x00, 0x00,
    0x00, 0x00, 0x00, 0x00, 0x00, 0x00, 0x00, 0x00, 0x00, 0x00, 0x00, 0x00,
    0x00, 0x00, 0x00, 0x00, 0x00, 0x00, 0x00, 0x00, 0x00, 0x00, 0x00, 0x00,
    0x00, 0x00, 0x00, 0x00, 0x00, 0x00, 0x00, 0x00, 0x00, 0x00, 0x00, 0x00,
    0x00, 0x00, 0x00, 0x00, 0x00, 0x00, 0x00, 0x00, 0x00, 0x00, 0x00, 0x00,
    0x00, 0x00, 0x00, 0x00, 0x00, 0x00, 0x00, 0x00, 0x00, 0x00, 0x00, 0x00,
    0x00, 0x00, 0x00, 0x00, 0x00, 0x00, 0x00, 0x00, 0x00, 0x00, 0x00, 0x00,
    0x00, 0x00, 0x00, 0x00, 0x00, 0x00, 0x00, 0x00, 0x00, 0x00, 0x00, 0x00,
    0x00, 0x00, 0x00, 0x00, 0x00, 0x00, 0x00, 0x00, 0x00, 0x00, 0x00, 0x00,
    0x00, 0x00, 0x00, 0x00, 0x00, 0x00, 0x00, 0x00, 0x00, 0x00, 0x00, 0x00,
    0x00, 0x00, 0x00, 0x00, 0x00, 0x00, 0x00, 0x00, 0x00, 0x00, 0x00, 0x00,
    0x00, 0x00, 0x00, 0x00, 0x00, 0x00, 0x00, 0x00, 0x00, 0x00, 0x00, 0x00,
    0x00, 0x00, 0x00, 0x00, 0x00, 0x00, 0x00, 0x00, 0x00, 0x00, 0x00, 0x00,
    0x00, 0x00, 0x00, 0x00, 0x00, 0x00, 0x00, 0x00, 0x00, 0x00, 0x00, 0x00,
    0x00, 0x00, 0x00, 0x00, 0x00, 0x00, 0x00, 0x00, 0x00, 0x00, 0x00, 0x00,
    0x00, 0x00, 0x00, 0x00, 0x00, 0x00, 0x00, 0x00, 0x00, 0x00, 0x00, 0x00,
    0x00, 0x00, 0x00, 0x00, 0x00, 0x00, 0x00, 0x00, 0x00, 0x00, 0x00, 0x00,
    0x00, 0x00, 0x00, 0x00, 0x00, 0x00, 0x00, 0x00, 0x00, 0x00, 0x00, 0x00,
    0x00, 0x00, 0x00, 0x00, 0x00, 0x00, 0x00, 0x00, 0x00, 0x00, 0x00, 0x00,
    0x00, 0x00, 0x00, 0x00, 0x00, 0x00, 0x00, 0x00, 0x00, 0x00, 0x00, 0x00,
    0x00, 0x00, 0x00, 0x00, 0x00, 0x00, 0x00, 0x00, 0x00, 0x00, 0x00, 0x00,
    0x00, 0x00, 0x00, 0x00, 0x00, 0x00, 0x00, 0x00, 0x00, 0x00, 0x00, 0x00,
    0x00, 0x00, 0x00, 0x00, 0x00, 0x00, 0x00, 0x00, 0x00, 0x00, 0x00, 0x00,
    0x00, 0x00, 0x00, 0x00, 0x00, 0x00, 0x00, 0x00, 0x00, 0x00, 0x00, 0x00,
    0x00, 0x00, 0x00, 0x00, 0x00, 0x00, 0x00, 0x00, 0x00, 0x00, 0x00, 0x00,
    0x00, 0x00, 0x00, 0x00, 0x00, 0x00, 0x00, 0x00, 0x00, 0x00, 0x00, 0x00,
    0x00, 0x00, 0x00, 0x00, 0x00, 0x00, 0x00, 0x00, 0x00, 0x00, 0x00, 0x00,
    0x00, 0x00, 0x00, 0x00, 0x00, 0x00, 0x00, 0x00, 0x00, 0x00, 0x00, 0x00,
    0x00, 0x00, 0x00, 0x00, 0x00, 0x00, 0x00, 0x00, 0x00, 0x00, 0x00, 0x00,
    0x00, 0x00, 0x00, 0x00, 0x00, 0x00, 0x00, 0x00, 0x00, 0x00, 0x00, 0x00,
    0x00, 0x00, 0x00, 0x00, 0x00, 0x00, 0x00, 0x00, 0x00, 0x00, 0x00, 0x00,
    0x00, 0x00, 0x00, 0x00, 0x00, 0x00, 0x00, 0x00, 0x00, 0x00, 0x00, 0x00,
    0x00, 0x00, 0x00, 0x00, 0x00, 0x00, 0x00, 0x00, 0x00, 0x00, 0x00, 0x00,
    0x00, 0x00, 0x00, 0x00, 0x00, 0x00, 0x00, 0x00, 0x00, 0x00, 0x00, 0x00,
    0x00, 0x00, 0x00, 0x00, 0x00, 0x00, 0x00, 0x00, 0x00, 0x00, 0x00, 0x00,
    0x00, 0x00, 0x00, 0x00, 0x00, 0x00, 0x00, 0x00, 0x00, 0x00, 0x00, 0x00,
    0x00, 0x00, 0x00, 0x00, 0x00, 0x00, 0x00, 0x00, 0x00, 0x00, 0x00, 0x00,
    0x00, 0x00, 0x00, 0x00, 0x00, 0x00, 0x00, 0x00, 0x00, 0x00, 0x00, 0x00,
    0x00, 0x00, 0x00, 0x00, 0x00, 0x00, 0x00, 0x00, 0x00, 0x00, 0x00, 0x00,
    0x00, 0x00, 0x00, 0x00, 0x00, 0x00, 0x00, 0x00, 0x00, 0x00, 0x00, 0x00,
    0x00, 0x00, 0x00, 0x00, 0x00, 0x00, 0x00, 0x00, 0x00, 0x00, 0x00, 0x00,
    0x00, 0x00, 0x00, 0x00, 0x00, 0x00, 0x00, 0x00, 0x00, 0x00, 0x00, 0x00,
    0x00, 0x00, 0x00, 0x00, 0x00, 0x00, 0x00, 0x00, 0x00, 0x00, 0x00, 0x00,
    0x00, 0x00, 0x00, 0x00, 0x00, 0x00, 0x00, 0x00, 0x00, 0x00, 0x00, 0x00,
    0x00, 0x00, 0x00, 0x00, 0x00, 0x00, 0x00, 0x00, 0x00, 0x00, 0x00, 0x00,
    0x00, 0x00, 0x00, 0x00, 0x00, 0x00, 0x00, 0x00, 0x00, 0x00, 0x00, 0x00,
    0x00, 0x00, 0x00, 0x00, 0x00, 0x00, 0x00, 0x00, 0x00, 0x00, 0x00, 0x00,
    0x00, 0x00, 0x00, 0x00, 0x00, 0x00, 0x00, 0x00, 0x00, 0x00, 0x00, 0x00,
    0x00, 0x00, 0x00, 0x00, 0x00, 0x00, 0x00, 0x00, 0x00, 0x00, 0x00, 0x00,
    0x00, 0x00, 0x00, 0x00, 0x00, 0x00, 0x00, 0x00, 0x00, 0x00, 0x00, 0x00,
    0x00, 0x00, 0x00, 0x00, 0x00, 0x00, 0x00, 0x00, 0x00, 0x00, 0x00, 0x00,
    0x00, 0x00, 0x00, 0x00, 0x00, 0x00, 0x00, 0x00, 0x00, 0x00, 0x00, 0x00,
    0x00, 0x00, 0x00, 0x00, 0x00, 0x00, 0x00, 0x00, 0x00, 0x00, 0x00, 0x00,
    0x00, 0x00, 0x00, 0x00, 0x00, 0x00, 0x00, 0x00, 0x00, 0x00, 0x00, 0x00,
    0x00, 0x00, 0x00, 0x00, 0x00, 0x00, 0x00, 0x00, 0x00, 0x00, 0x00, 0x00,
    0x00, 0x00, 0x00, 0x00, 0x00, 0x00, 0x00, 0x00, 0x00, 0x00, 0x00, 0x00,
    0x00, 0x00, 0x00, 0x00, 0x00, 0x00, 0x00, 0x00, 0x00, 0x00, 0x00, 0x00,
    0x00, 0x00, 0x00, 0x00, 0x00, 0x00, 0x00, 0x00, 0x00, 0x00, 0x00, 0x00,
    0x00, 0x00, 0x00, 0x00, 0x00, 0x00, 0x00, 0x00, 0x00, 0x00, 0x00, 0x00,
    0x00, 0x00, 0x00, 0x00, 0x00, 0x00, 0x00, 0x00, 0x00, 0x00, 0x00, 0x00,
    0x00, 0x00, 0x00, 0x00, 0x00, 0x00, 0x00, 0x00, 0x00, 0x00, 0x00, 0x00,
    0x00, 0x00, 0x00, 0x00, 0x00, 0x00, 0x00, 0x00, 0x00, 0x00, 0x00, 0x00,
    0x00, 0x00, 0x00, 0x00, 0x00, 0x00, 0x00, 0x00, 0x00, 0x00, 0x00, 0x00,
    0x00, 0x00, 0x00, 0x00, 0x00, 0x00, 0x00, 0x00, 0x00, 0x00, 0x00, 0x00,
    0x00, 0x00, 0x00, 0x00, 0x00, 0x00, 0x00, 0x00, 0x00, 0x00, 0x00, 0x00,
    0x00, 0x00, 0x00, 0x00, 0x00, 0x00, 0x00, 0x00, 0x00, 0x00, 0x00, 0x00,
    0x00, 0x00, 0x00, 0x00, 0x00, 0x00, 0x00, 0x00, 0x00, 0x00, 0x00, 0x00,
    0x00, 0x00, 0x00, 0x00, 0x00, 0x00, 0x00, 0x00, 0x00, 0x00, 0x00, 0x00,
    0x00, 0x00, 0x00, 0x00, 0x00, 0x00, 0x00, 0x00, 0x00, 0x00, 0x00, 0x00,
    0x00, 0x00, 0x00, 0x00, 0x00, 0x00, 0x00, 0x00, 0x00, 0x00, 0x00, 0x00,
    0x00, 0x00, 0x00, 0x00, 0x00, 0x00, 0x00, 0x00, 0x00, 0x00, 0x00, 0x00,
    0x00, 0x00, 0x00, 0x00, 0x00, 0x00, 0x00, 0x00, 0x00, 0x00, 0x00, 0x00,
    0x00, 0x00, 0x00, 0x00, 0x00, 0x00, 0x00, 0x00, 0x00, 0x00, 0x00, 0x00,
    0x00, 0x00, 0x00, 0x00, 0x00, 0x00, 0x00, 0x00, 0x00, 0x00, 0x00, 0x00,
    0x00, 0x00, 0x00, 0x00, 0x00, 0x00, 0x00, 0x00, 0x00, 0x00, 0x00, 0x00,
    0x00, 0x00, 0x00, 0x00, 0x00, 0x00, 0x00, 0x00, 0x00, 0x00, 0x00, 0x00,
    0x00, 0x00, 0x00, 0x00, 0x00, 0x00, 0x00, 0x00, 0x00, 0x00, 0x00, 0x00,
    0x00, 0x00, 0x00, 0x00, 0x00, 0x00, 0x00, 0x00, 0x00, 0x00, 0x00, 0x00,
    0x00, 0x00, 0x00, 0x00, 0x00, 0x00, 0x00, 0x00, 0x00, 0x00, 0x00, 0x00,
    0x00, 0x00, 0x00, 0x00, 0x00, 0x00, 0x00, 0x00, 0x00, 0x00, 0x00, 0x00,
    0x00, 0x00, 0x00, 0x00, 0x00, 0x00, 0x00, 0x00, 0x00, 0x00, 0x00, 0x00,
    0x00, 0x00, 0x00, 0x00, 0x00, 0x00, 0x00, 0x00, 0x00, 0x00, 0x00, 0x00,
    0x00, 0x00, 0x00, 0x00, 0x00, 0x00, 0x00, 0x00, 0x00, 0x00, 0x00, 0x00,
    0x00, 0x00, 0x00, 0x00, 0x00, 0x00, 0x00, 0x00, 0x00, 0x00, 0x00, 0x00,
    0x00, 0x00, 0x00, 0x00, 0x00, 0x00, 0x00, 0x00, 0x00, 0x00, 0x00, 0x00,
    0x00, 0x00, 0x00, 0x00, 0x00, 0x00, 0x00, 0x00, 0x00, 0x00, 0x00, 0x00,
    0x00, 0x00, 0x00, 0x00, 0x00, 0x00, 0x00, 0x00, 0x00, 0x00, 0x00, 0x00,
    0x00, 0x00, 0x00, 0x00, 0x00, 0x00, 0x00, 0x00, 0x00, 0x00, 0x00, 0x00,
    0x00, 0x00, 0x00, 0x00, 0x00, 0x00, 0x00, 0x00, 0x00, 0x00, 0x00, 0x00,
    0x00, 0x00, 0x00, 0x00, 0x00, 0x00, 0x00, 0x00, 0x00, 0x00, 0x00, 0x00,
    0x00, 0x00, 0x00, 0x00, 0x00, 0x00, 0x00, 0x00, 0x00, 0x00, 0x00, 0x00,
    0x00, 0x00, 0x00, 0x00, 0x00, 0x00, 0x00, 0x00, 0x00, 0x00, 0x00, 0x00,
    0x00, 0x00, 0x00, 0x00, 0x00, 0x00, 0x00, 0x00, 0x00, 0x00, 0x00, 0x00,
    0x00, 0x00, 0x00, 0x00, 0x00, 0x00, 0x00, 0x00, 0x00, 0x00, 0x00, 0x00,
    0x00, 0x00, 0x00, 0x00, 0x00, 0x00, 0x00, 0x00, 0x00, 0x00, 0x00, 0x00,
    0x00, 0x00, 0x00, 0x00, 0x00, 0x00, 0x00, 0x00, 0x00, 0x00, 0x00, 0x00,
    0x00, 0x00, 0x00, 0x00, 0x00, 0x00, 0x00, 0x00, 0x00, 0x00, 0x00, 0x00,
    0x00, 0x00, 0x00, 0x00, 0x00, 0x00, 0x00, 0x00, 0x00, 0x00, 0x00, 0x00,
    0x00, 0x00, 0x00, 0x00, 0x00, 0x00, 0x00, 0x00, 0x00, 0x00, 0x00, 0x00,
    0x00, 0x00, 0x00, 0x00, 0x00, 0x00, 0x00, 0x00, 0x00, 0x00, 0x00, 0x00,
    0x00, 0x00, 0x00, 0x00, 0x00, 0x00, 0x00, 0x00, 0x00, 0x00, 0x00, 0x00,
    0x00, 0x00, 0x00, 0x00, 0x00, 0x00, 0x00, 0x00, 0x00, 0x00, 0x00, 0x00,
    0x00, 0x00, 0x00, 0x00, 0x00, 0x00, 0x00, 0x00, 0x00, 0x00, 0x00, 0x00,
    0x00, 0x00, 0x00, 0x00, 0x00, 0x00, 0x00, 0x00, 0x00, 0x00, 0x00, 0x00,
    0x00, 0x00, 0x00, 0x00, 0x00, 0x00, 0x00, 0x00, 0x00, 0x00, 0x00, 0x00,
    0x00, 0x00, 0x00, 0x00, 0x00, 0x00, 0x00, 0x00, 0x00, 0x00, 0x00, 0x00,
    0x00, 0x00, 0x00, 0x00, 0x00, 0x00, 0x00, 0x00, 0x00, 0x00, 0x00, 0x00,
    0x00, 0x00, 0x00, 0x00, 0x00, 0x00, 0x00, 0x00, 0x00, 0x00, 0x00, 0x00,
    0x00, 0x00, 0x00, 0x00, 0x00, 0x00, 0x00, 0x00, 0x00, 0x00, 0x00, 0x00,
    0x00, 0x00, 0x00, 0x00, 0x00, 0x00, 0x00, 0x00, 0x00, 0x00, 0x00, 0x00,
    0x00, 0x00, 0x00, 0x00, 0x00, 0x00, 0x00, 0x00, 0x00, 0x00, 0x00, 0x00,
    0x00, 0x00, 0x00, 0x00, 0x00, 0x00, 0x00, 0x00, 0x00, 0x00, 0x00, 0x00,
    0x00, 0x00, 0x00, 0x00, 0x00, 0x00, 0x00, 0x00, 0x00, 0x00, 0x00, 0x00,
    0x00, 0x00, 0x00, 0x00, 0x00, 0x00, 0x00, 0x00, 0x00, 0x00, 0x00, 0x00,
    0x00, 0x00, 0x00, 0x00, 0x00, 0x00, 0x00, 0x00, 0x00, 0x00, 0x00, 0x00,
    0x00, 0x00, 0x00, 0x00, 0x00, 0x00, 0x00, 0x00, 0x00, 0x00, 0x00, 0x00,
    0x00, 0x00, 0x00, 0x00, 0x00, 0x00, 0x00, 0x00, 0x00, 0x00, 0x00, 0x00,
    0x00, 0x00, 0x00, 0x00, 0x00, 0x00, 0x00, 0x00, 0x00, 0x00, 0x00, 0x00,
    0x00, 0x00, 0x00, 0x00, 0x00, 0x00, 0x00, 0x00, 0x00, 0x00, 0x00, 0x00,
    0x00, 0x00, 0x00, 0x00, 0x00, 0x00, 0x00, 0x00, 0x00, 0x00, 0x00, 0x00,
    0x00, 0x00, 0x00, 0x00, 0x00, 0x00, 0x00, 0x00, 0x00, 0x00, 0x00, 0x00,
    0x00, 0x00, 0x00, 0x00, 0x00, 0x00, 0x00, 0x00, 0x00, 0x00, 0x00, 0x00,
    0x00, 0x00, 0x00, 0x00, 0x00, 0x00, 0x00, 0x00, 0x00, 0x00, 0x00, 0x00,
    0x00, 0x00, 0x00, 0x00, 0x00, 0x00, 0x00, 0x00, 0x00, 0x00, 0x00, 0x00,
    0x00, 0x00, 0x00, 0x00, 0x00, 0x00, 0x00, 0x00, 0x00, 0x00, 0x00, 0x00,
    0x00, 0x00, 0x00, 0x00, 0x00, 0x00, 0x00, 0x00, 0x00, 0x00, 0x00, 0x00,
    0x00, 0x00, 0x00, 0x00, 0x00, 0x00, 0x00, 0x00, 0x00, 0x00, 0x00, 0x00,
    0x00, 0x00, 0x00, 0x00, 0x00, 0x00, 0x00, 0x00, 0x00, 0x00, 0x00, 0x00,
    0x00, 0x00, 0x00, 0x00, 0x00, 0x00, 0x00, 0x00, 0x00, 0x00, 0x00, 0x00,
    0x00, 0x00, 0x00, 0x00, 0x00, 0x00, 0x00, 0x00, 0x00, 0x00, 0x00, 0x00,
    0x00, 0x00, 0x00, 0x00, 0x00, 0x00, 0x00, 0x00, 0x00, 0x00, 0x00, 0x00,
    0x00, 0x00, 0x00, 0x00, 0x00, 0x00, 0x00, 0x00, 0x00, 0x00, 0x00, 0x00,
    0x00, 0x00, 0x00, 0x00, 0x00, 0x00, 0x00, 0x00, 0x00, 0x00, 0x00, 0x00,
    0x00, 0x00, 0x00, 0x00, 0x00, 0x00, 0x00, 0x00, 0x00, 0x00, 0x00, 0x00,
    0x00, 0x00, 0x00, 0x00, 0x00, 0x00, 0x00, 0x00, 0x00, 0x00, 0x00, 0x00,
    0x00, 0x00, 0x00, 0x00, 0x00, 0x00, 0x00, 0x00, 0x00, 0x00, 0x00, 0x00,
    0x00, 0x00, 0x00, 0x00, 0x00, 0x00, 0x00, 0x00, 0x00, 0x00, 0x00, 0x00,
    0x00, 0x00, 0x00, 0x00, 0x00, 0x00, 0x00, 0x00, 0x00, 0x00, 0x00, 0x00,
    0x00, 0x00, 0x00, 0x00, 0x00, 0x00, 0x00, 0x00, 0x00, 0x00, 0x00, 0x00,
    0x00, 0x00, 0x00, 0x00, 0x00, 0x00, 0x00, 0x00, 0x00, 0x00, 0x00, 0x00,
    0x00, 0x00, 0x00, 0x00, 0x00, 0x00, 0x00, 0x00, 0x00, 0x00, 0x00, 0x00,
    0x00, 0x00, 0x00, 0x00, 0x00, 0x00, 0x00, 0x00, 0x00, 0x00, 0x00, 0x00,
    0x00, 0x00, 0x00, 0x00, 0x00, 0x00, 0x00, 0x00, 0x00, 0x00, 0x00, 0x00,
    0x00, 0x00, 0x00, 0x00, 0x00, 0x00, 0x00, 0x00, 0x00, 0x00, 0x00, 0x00,
    0x00, 0x00, 0x00, 0x00, 0x00, 0x00, 0x00, 0x00, 0x00, 0x00, 0x00, 0x00,
    0x00, 0x00, 0x00, 0x00, 0x00, 0x00, 0x00, 0x00, 0x00, 0x00, 0x00, 0x00,
    0x00, 0x00, 0x00, 0x00, 0x00, 0x00, 0x00, 0x00, 0x00, 0x00, 0x00, 0x00,
    0x00, 0x00, 0x00, 0x00, 0x00, 0x00, 0x00, 0x00, 0x00, 0x00, 0x00, 0x00,
    0x00, 0x00, 0x00, 0x00, 0x00, 0x00, 0x00, 0x00, 0x00, 0x00, 0x00, 0x00,
    0x00, 0x00, 0x00, 0x00, 0x00, 0x00, 0x00, 0x00, 0x00, 0x00, 0x00, 0x00,
    0x00, 0x00, 0x00, 0x00, 0x00, 0x00, 0x00, 0x00, 0x00, 0x00, 0x00, 0x00,
    0x00, 0x00, 0x00, 0x00, 0x00, 0x00, 0x00, 0x00, 0x00, 0x00, 0x00, 0x00,
    0x00, 0x00, 0x00, 0x00, 0x00, 0x00, 0x00, 0x00, 0x00, 0x00, 0x00, 0x00,
    0x00, 0x00, 0x00, 0x00, 0x00, 0x00, 0x00, 0x00, 0x00, 0x00, 0x00, 0x00,
    0x00, 0x00, 0x00, 0x00, 0x00, 0x00, 0x00, 0x00, 0x00, 0x00, 0x00, 0x00,
    0x00, 0x00, 0x00, 0x00, 0x00, 0x00, 0x00, 0x00, 0x00, 0x00, 0x00, 0x00,
    0x00, 0x00, 0x00, 0x00, 0x00, 0x00, 0x00, 0x00, 0x00, 0x00, 0x00, 0x00,
    0x00, 0x00, 0x00, 0x00, 0x00, 0x00, 0x00, 0x00, 0x00, 0x00, 0x00, 0x00,
    0x00, 0x00, 0x00, 0x00, 0x00, 0x00, 0x00, 0x00, 0x00, 0x00, 0x00, 0x00,
    0x00, 0x00, 0x00, 0x00, 0x00, 0x00, 0x00, 0x00, 0x00, 0x00, 0x00, 0x00,
    0x00, 0x00, 0x00, 0x00, 0x00, 0x00, 0x00, 0x00, 0x00, 0x00, 0x00, 0x00,
    0x00, 0x00, 0x00, 0x00, 0x00, 0x00, 0x00, 0x00, 0x00, 0x00, 0x00, 0x00,
    0x00, 0x00, 0x00, 0x00, 0x00, 0x00, 0x00, 0x00, 0x00, 0x00, 0x00, 0x00,
    0x00, 0x00, 0x00, 0x00, 0x00, 0x00, 0x00, 0x00, 0x00, 0x00, 0x00, 0x00,
    0x00, 0x00, 0x00, 0x00, 0x00, 0x00, 0x00, 0x00, 0x00, 0x00, 0x00, 0x00,
    0x00, 0x00, 0x00, 0x00, 0x00, 0x00, 0x00, 0x00, 0x00, 0x00, 0x00, 0x00,
    0x00, 0x00, 0x00, 0x00, 0x00, 0x00, 0x00, 0x00, 0x00, 0x00, 0x00, 0x00,
    0x00, 0x00, 0x00, 0x00, 0x00, 0x00, 0x00, 0x00, 0x00, 0x00, 0x00, 0x00,
    0x00, 0x00, 0x00, 0x00, 0x00, 0x00, 0x00, 0x00, 0x00, 0x00, 0x00, 0x00,
    0x00, 0x00, 0x00, 0x00, 0x00, 0x00, 0x00, 0x00, 0x00, 0x00, 0x00, 0x00,
    0x00, 0x00, 0x00, 0x00, 0x00, 0x00, 0x00, 0x00, 0x00, 0x00, 0x00, 0x00,
    0x00, 0x00, 0x00, 0x00, 0x00, 0x00, 0x00, 0x00, 0x00, 0x00, 0x00, 0x00,
    0x00, 0x00, 0x00, 0x00, 0x00, 0x00, 0x00, 0x00, 0x00, 0x00, 0x00, 0x00,
    0x00, 0x00, 0x00, 0x00, 0x00, 0x00, 0x00, 0x00, 0x00, 0x00, 0x00, 0x00,
    0x00, 0x00, 0x00, 0x00, 0x00, 0x00, 0x00, 0x00, 0x00, 0x00, 0x00, 0x00,
    0x00, 0x00, 0x00, 0x00, 0x00, 0x00, 0x00, 0x00, 0x00, 0x00, 0x00, 0x00,
    0x00, 0x00, 0x00, 0x00, 0x00, 0x00, 0x00, 0x00, 0x00, 0x00, 0x00, 0x00,
    0x00, 0x00, 0x00, 0x00, 0x00, 0x00, 0x00, 0x00, 0x00, 0x00, 0x00, 0x00,
    0x00, 0x00, 0x00, 0x00, 0x00, 0x00, 0x00, 0x00, 0x00, 0x00, 0x00, 0x00,
    0x00, 0x00, 0x00, 0x00, 0x00, 0x00, 0x00, 0x00, 0x00, 0x00, 0x00, 0x00,
    0x00, 0x00, 0x00, 0x00, 0x00, 0x00, 0x00, 0x00, 0x00, 0x00, 0x00, 0x00,
    0x00, 0x00, 0x00, 0x00, 0x00, 0x00, 0x00, 0x00, 0x00, 0x00, 0x00, 0x00,
    0x00, 0x00, 0x00, 0x00, 0x00, 0x00, 0x00, 0x00, 0x00, 0x00, 0x00, 0x00,
    0x00, 0x00, 0x00, 0x00, 0x00, 0x00, 0x00, 0x00, 0x00, 0x00, 0x00, 0x00,
    0x00, 0x00, 0x00, 0x00, 0x00, 0x00, 0x00, 0x00, 0x00, 0x00, 0x00, 0x00,
    0x00, 0x00, 0x00, 0x00, 0x00, 0x00, 0x00, 0x00, 0x00, 0x00, 0x00, 0x00,
    0x00, 0x00, 0x00, 0x00, 0x00, 0x00, 0x00, 0x00, 0x00, 0x00, 0x00, 0x00,
    0x00, 0x00, 0x00, 0x00, 0x00, 0x00, 0x00, 0x00, 0x00, 0x00, 0x00, 0x00,
    0x00, 0x00, 0x00, 0x00, 0x00, 0x00, 0x00, 0x00, 0x00, 0x00, 0x00, 0x00,
    0x00, 0x00, 0x00, 0x00, 0x00, 0x00, 0x00, 0x00, 0x00, 0x00, 0x00, 0x00,
    0x00, 0x00, 0x00, 0x00, 0x00, 0x00, 0x00, 0x00, 0x00, 0x00, 0x00, 0x00,
    0x00, 0x00, 0x00, 0x00, 0x00, 0x00, 0x00, 0x00, 0x00, 0x00, 0x00, 0x00,
    0x00, 0x00, 0x00, 0x00, 0x00, 0x00, 0x00, 0x00, 0x00, 0x00, 0x00, 0x00,
    0x00, 0x00, 0x00, 0x00, 0x00, 0x00, 0x00, 0x00, 0x00, 0x00, 0x00, 0x00,
    0x00, 0x00, 0x00, 0x00, 0x00, 0x00, 0x00, 0x00, 0x00, 0x00, 0x00, 0x00,
    0x00, 0x00, 0x00, 0x00, 0x00, 0x00, 0x00, 0x00, 0x00, 0x00, 0x00, 0x00,
    0x00, 0x00, 0x00, 0x00, 0x00, 0x00, 0x00, 0x00, 0x00, 0x00, 0x00, 0x00,
    0x00, 0x00, 0x00, 0x00, 0x00, 0x00, 0x00, 0x00, 0x00, 0x00, 0x00, 0x00,
    0x00, 0x00, 0x00, 0x00, 0x00, 0x00, 0x00, 0x00, 0x00, 0x00, 0x00, 0x00,
    0x00, 0x00, 0x00, 0x00, 0x00, 0x00, 0x00, 0x00, 0x00, 0x00, 0x00, 0x00,
    0x00, 0x00, 0x00, 0x00, 0x00, 0x00, 0x00, 0x00, 0x00, 0x00, 0x00, 0x00,
    0x00, 0x00, 0x00, 0x00, 0x00, 0x00, 0x00, 0x00, 0x00, 0x00, 0x00, 0x00,
    0x00, 0x00, 0x00, 0x00, 0x00, 0x00, 0x00, 0x00, 0x00, 0x00, 0x00, 0x00,
    0x00, 0x00, 0x00, 0x00, 0x00, 0x00, 0x00, 0x00, 0x00, 0x00, 0x00, 0x00,
    0x00, 0x00, 0x00, 0x00, 0x00, 0x00, 0x00, 0x00, 0x00, 0x00, 0x00, 0x00,
    0x00, 0x00, 0x00, 0x00, 0x00, 0x00, 0x00, 0x00, 0x00, 0x00, 0x00, 0x00,
    0x00, 0x00, 0x00, 0x00, 0x00, 0x00, 0x00, 0x00, 0x00, 0x00, 0x00, 0x00,
    0x00, 0x00, 0x00, 0x00, 0x00, 0x00, 0x00, 0x00, 0x00, 0x00, 0x00, 0x00,
    0x00, 0x00, 0x00, 0x00, 0x00, 0x00, 0x00, 0x00, 0x00, 0x00, 0x00, 0x00,
    0x00, 0x00, 0x00, 0x00, 0x00, 0x00, 0x00, 0x00, 0x00, 0x00, 0x00, 0x00,
    0x00, 0x00, 0x00, 0x00, 0x00, 0x00, 0x00, 0x00, 0x00, 0x00, 0x00, 0x00,
    0x00, 0x00, 0x00, 0x00, 0x00, 0x00, 0x00, 0x00, 0x00, 0x00, 0x00, 0x00,
    0x00, 0x00, 0x00, 0x00, 0x00, 0x00, 0x00, 0x00, 0x00, 0x00, 0x00, 0x00,
    0x00, 0x00, 0x00, 0x00, 0x00, 0x00, 0x00, 0x00, 0x00, 0x00, 0x00, 0x00,
    0x00, 0x00, 0x00, 0x00, 0x00, 0x00, 0x00, 0x00, 0x00, 0x00, 0x00, 0x00,
    0x00, 0x00, 0x00, 0x00, 0x00, 0x00, 0x00, 0x00, 0x00, 0x00, 0x00, 0x00,
    0x00, 0x00, 0x00, 0x00, 0x00, 0x00, 0x00, 0x00, 0x00, 0x00, 0x00, 0x00,
    0x00, 0x00, 0x00, 0x00, 0x00, 0x00, 0x00, 0x00, 0x00, 0x00, 0x00, 0x00,
    0x00, 0x00, 0x00, 0x00, 0x00, 0x00, 0x00, 0x00, 0x00, 0x00, 0x00, 0x00,
    0x00, 0x00, 0x00, 0x00, 0x00, 0x00, 0x00, 0x00, 0x00, 0x00, 0x00, 0x00,
    0x00, 0x00, 0x00, 0x00, 0x00, 0x00, 0x00, 0x00, 0x00, 0x00, 0x00, 0x00,
    0x00, 0x00, 0x00, 0x00, 0x00, 0x00, 0x00, 0x00, 0x00, 0x00, 0x00, 0x00,
    0x00, 0x00, 0x00, 0x00, 0x00, 0x00, 0x00, 0x00, 0x00, 0x00, 0x00, 0x00,
    0x00, 0x00, 0x00, 0x00, 0x00, 0x00, 0x00, 0x00, 0x00, 0x00, 0x00, 0x00,
    0x00, 0x00, 0x00, 0x00, 0x00, 0x00, 0x00, 0x00, 0x00, 0x00, 0x00, 0x00,
    0x00, 0x00, 0x00, 0x00, 0x00, 0x00, 0x00, 0x00, 0x00, 0x00, 0x00, 0x00,
    0x00, 0x00, 0x00, 0x00, 0x00, 0x00, 0x00, 0x00, 0x00, 0x00, 0x00, 0x00,
    0x00, 0x00, 0x00, 0x00, 0x00, 0x00, 0x00, 0x00, 0x00, 0x00, 0x00, 0x00,
    0x00, 0x00, 0x00, 0x00, 0x00, 0x00, 0x00, 0x00, 0x00, 0x00, 0x00, 0x00,
    0x00, 0x00, 0x00, 0x00, 0x00, 0x00, 0x00, 0x00, 0x00, 0x00, 0x00, 0x00,
    0x00, 0x00, 0x00, 0x00, 0x00, 0x00, 0x00, 0x00, 0x00, 0x00, 0x00, 0x00,
    0x00, 0x00, 0x00, 0x00, 0x00, 0x00, 0x00, 0x00, 0x00, 0x00, 0x00, 0x00,
    0x00, 0x00, 0x00, 0x00, 0x00, 0x00, 0x00, 0x00, 0x00, 0x00, 0x00, 0x00,
    0x00, 0x00, 0x00, 0x00, 0x00, 0x00, 0x00, 0x00, 0x00, 0x00, 0x00, 0x00,
    0x00, 0x00, 0x00, 0x00, 0x00, 0x00, 0x00, 0x00, 0x00, 0x00, 0x00, 0x00,
    0x00, 0x00, 0x00, 0x00, 0x00, 0x00, 0x00, 0x00, 0x00, 0x00, 0x00, 0x00,
    0x00, 0x00, 0x00, 0x00, 0x00, 0x00, 0x00, 0x00, 0x00, 0x00, 0x00, 0x00,
    0x00, 0x00, 0x00, 0x00, 0x00, 0x00, 0x00, 0x00, 0x00, 0x00, 0x00, 0x00,
    0x00, 0x00, 0x00, 0x00, 0x00, 0x00, 0x00, 0x00, 0x00, 0x00, 0x00, 0x00,
    0x00, 0x00, 0x00, 0x00, 0x00, 0x00, 0x00, 0x00, 0x00, 0x00, 0x00, 0x00,
    0x00, 0x00, 0x00, 0x00, 0x00, 0x00, 0x00, 0x00, 0x00, 0x00, 0x00, 0x00,
    0x00, 0x00, 0x00, 0x00, 0x00, 0x00, 0x00, 0x00, 0x00, 0x00, 0x00, 0x00,
    0x00, 0x00, 0x00, 0x00, 0x00, 0x00, 0x00, 0x00, 0x00, 0x00, 0x00, 0x00,
    0x00, 0x00, 0x00, 0x00, 0x00, 0x00, 0x00, 0x00, 0x00, 0x00, 0x00, 0x00,
    0x00, 0x00, 0x00, 0x00, 0x00, 0x00, 0x00, 0x00, 0x00, 0x00, 0x00, 0x00,
    0x00, 0x00, 0x00, 0x00, 0x00, 0x00, 0x00, 0x00, 0x00, 0x00, 0x00, 0x00,
    0x00, 0x00, 0x00, 0x00, 0x00, 0x00, 0x00, 0x00, 0x00, 0x00, 0x00, 0x00,
    0x00, 0x00, 0x00, 0x00, 0x00, 0x00, 0x00, 0x00, 0x00, 0x00, 0x00, 0x00,
    0x00, 0x00, 0x00, 0x00, 0x00, 0x00, 0x00, 0x00, 0x00, 0x00, 0x00, 0x00,
    0x00, 0x00, 0x00, 0x00, 0x00, 0x00, 0x00, 0x00, 0x00, 0x00, 0x00, 0x00,
    0x00, 0x00, 0x00, 0x00, 0x00, 0x00, 0x00, 0x00, 0x00, 0x00, 0x00, 0x00,
    0x00, 0x00, 0x00, 0x00, 0x00, 0x00, 0x00, 0x00, 0x00, 0x00, 0x00, 0x00,
    0x00, 0x00, 0x00, 0x00, 0x00, 0x00, 0x00, 0x00, 0x00, 0x00, 0x00, 0x00,
    0x00, 0x00, 0x00, 0x00, 0x00, 0x00, 0x00, 0x00, 0x00, 0x00, 0x00, 0x00,
    0x00, 0x00, 0x00, 0x00, 0x00, 0x00, 0x00, 0x00, 0x00, 0x00, 0x00, 0x00,
    0x00, 0x00, 0x00, 0x00, 0x00, 0x00, 0x00, 0x00, 0x00, 0x00, 0x00, 0x00,
    0x00, 0x00, 0x00, 0x00, 0x00, 0x00, 0x00, 0x00, 0x00, 0x00, 0x00, 0x00,
    0x00, 0x00, 0x00, 0x00, 0x00, 0x00, 0x00, 0x00, 0x00, 0x00, 0x00, 0x00,
    0x00, 0x00, 0x00, 0x00, 0x00, 0x00, 0x00, 0x00, 0x00, 0x00, 0x00, 0x00,
    0x00, 0x00, 0x00, 0x00, 0x00, 0x00, 0x00, 0x00, 0x00, 0x00, 0x00, 0x00,
    0x00, 0x00, 0x00, 0x00, 0x00, 0x00, 0x00, 0x00, 0x00, 0x00, 0x00, 0x00,
    0x00, 0x00, 0x00, 0x00, 0x00, 0x00, 0x00, 0x00, 0x00, 0x00, 0x00, 0x00,
    0x00, 0x00, 0x00, 0x00, 0x00, 0x00, 0x00, 0x00, 0x00, 0x00, 0x00, 0x00,
    0x00, 0x00, 0x00, 0x00, 0x00, 0x00, 0x00, 0x00, 0x00, 0x00, 0x00, 0x00,
    0x00, 0x00, 0x00, 0x00, 0x00, 0x00, 0x00, 0x00, 0x00, 0x00, 0x00, 0x00,
    0x00, 0x00, 0x00, 0x00, 0x00, 0x00, 0x00, 0x00, 0x00, 0x00, 0x00, 0x00,
    0x00, 0x00, 0x00, 0x00, 0x00, 0x00, 0x00, 0x00, 0x00, 0x00, 0x00, 0x00,
    0x00, 0x00, 0x00, 0x00, 0x00, 0x00, 0x00, 0x00, 0x00, 0x00, 0x00, 0x00,
    0x00, 0x00, 0x00, 0x00, 0x00, 0x00, 0x00, 0x00, 0x00, 0x00, 0x00, 0x00,
    0x00, 0x00, 0x00, 0x00, 0x00, 0x00, 0x00, 0x00, 0x00, 0x00, 0x00, 0x00,
    0x00, 0x00, 0x00, 0x00, 0x00, 0x00, 0x00, 0x00, 0x00, 0x00, 0x00, 0x00,
    0x00, 0x00, 0x00, 0x00, 0x00, 0x00, 0x00, 0x00, 0x00, 0x00, 0x00, 0x00,
    0x00, 0x00, 0x00, 0x00, 0x00, 0x00, 0x00, 0x00, 0x00, 0x00, 0x00, 0x00,
    0x00, 0x00, 0x00, 0x00, 0x00, 0x00, 0x00, 0x00, 0x00, 0x00, 0x00, 0x00,
    0x00, 0x00, 0x00, 0x00, 0x00, 0x00, 0x00, 0x00, 0x00, 0x00, 0x00, 0x00,
    0x00, 0x00, 0x00, 0x00, 0x00, 0x00, 0x00, 0x00, 0x00, 0x00, 0x00, 0x00,
    0x00, 0x00, 0x00, 0x00, 0x00, 0x00, 0x00, 0x00, 0x00, 0x00, 0x00, 0x00,
    0x00, 0x00, 0x00, 0x00, 0x00, 0x00, 0x00, 0x00, 0x00, 0x00, 0x00, 0x00,
    0x00, 0x00, 0x00, 0x00, 0x00, 0x00, 0x00, 0x00, 0x00, 0x00, 0x00, 0x00,
    0x00, 0x00, 0x00, 0x00, 0x00, 0x00, 0x00, 0x00, 0x00, 0x00, 0x00, 0x00,
    0x00, 0x00, 0x00, 0x00, 0x00, 0x00, 0x00, 0x00, 0x00, 0x00, 0x00, 0x00,
    0x00, 0x00, 0x00, 0x00, 0x00, 0x00, 0x00, 0x00, 0x00, 0x00, 0x00, 0x00,
    0x00, 0x00, 0x00, 0x00, 0x00, 0x00, 0x00, 0x00, 0x00, 0x00, 0x00, 0x00,
    0x00, 0x00, 0x00, 0x00, 0x00, 0x00, 0x00, 0x00, 0x00, 0x00, 0x00, 0x00,
    0x00, 0x00, 0x00, 0x00, 0x00, 0x00, 0x00, 0x00, 0x00, 0x00, 0x00, 0x00,
    0x00, 0x00, 0x00, 0x00, 0x00, 0x00, 0x00, 0x00, 0x00, 0x00, 0x00, 0x00,
    0x00, 0x00, 0x00, 0x00, 0x00, 0x00, 0x00, 0x00, 0x00, 0x00, 0x00, 0x00,
    0x00, 0x00, 0x00, 0x00, 0x00, 0x00, 0x00, 0x00, 0x00, 0x00, 0x00, 0x00,
    0x00, 0x00, 0x00, 0x00, 0x00, 0x00, 0x00, 0x00, 0x00, 0x00, 0x00, 0x00,
    0x00, 0x00, 0x00, 0x00, 0x00, 0x00, 0x00, 0x00, 0x00, 0x00, 0x00, 0x00,
    0x00, 0x00, 0x00, 0x00, 0x00, 0x00, 0x00, 0x00, 0x00, 0x00, 0x00, 0x00,
    0x00, 0x00, 0x00, 0x00, 0x00, 0x00, 0x00, 0x00, 0x00, 0x00, 0x00, 0x00,
    0x00, 0x00, 0x00, 0x00, 0x00, 0x00, 0x00, 0x00, 0x00, 0x00, 0x00, 0x00,
    0x00, 0x00, 0x00, 0x00, 0x00, 0x00, 0x00, 0x00, 0x00, 0x00, 0x00, 0x00,
    0x00, 0x00, 0x00, 0x00, 0x00, 0x00, 0x00, 0x00, 0x00, 0x00, 0x00, 0x00,
    0x00, 0x00, 0x00, 0x00, 0x00, 0x00, 0x00, 0x00, 0x00, 0x00, 0x00, 0x00,
    0x00, 0x00, 0x00, 0x00, 0x00, 0x00, 0x00, 0x00, 0x00, 0x00, 0x00, 0x00,
    0x00, 0x00, 0x00, 0x00, 0x00, 0x00, 0x00, 0x00, 0x00, 0x00, 0x00, 0x00,
    0x00, 0x00, 0x00, 0x00, 0x00, 0x00, 0x00, 0x00, 0x00, 0x00, 0x00, 0x00,
    0x00, 0x00, 0x00, 0x00, 0x00, 0x00, 0x00, 0x00, 0x00, 0x00, 0x00, 0x00,
    0x00, 0x00, 0x00, 0x00, 0x00, 0x00, 0x00, 0x00, 0x00, 0x00, 0x00, 0x00,
    0x00, 0x00, 0x00, 0x00, 0x00, 0x00, 0x00, 0x00, 0x00, 0x00, 0x00, 0x00,
    0x00, 0x00, 0x00, 0x00, 0x00, 0x00, 0x00, 0x00, 0x00, 0x00, 0x00, 0x00,
    0x00, 0x00, 0x00, 0x00, 0x00, 0x00, 0x00, 0x00, 0x00, 0x00, 0x00, 0x00,
    0x00, 0x00, 0x00, 0x00, 0x00, 0x00, 0x00, 0x00, 0x00, 0x00, 0x00, 0x00,
    0x00, 0x00, 0x00, 0x00, 0x00, 0x00, 0x00, 0x00, 0x00, 0x00, 0x00, 0x00,
    0x00, 0x00, 0x00, 0x00, 0x00, 0x00, 0x00, 0x00, 0x00, 0x00, 0x00, 0x00,
    0x00, 0x00, 0x00, 0x00, 0x00, 0x00, 0x00, 0x00, 0x00, 0x00, 0x00, 0x00,
    0x00, 0x00, 0x00, 0x00, 0x00, 0x00, 0x00, 0x00, 0x00, 0x00, 0x00, 0x00,
    0x00, 0x00, 0x00, 0x00, 0x00, 0x00, 0x00, 0x00, 0x00, 0x00, 0x00, 0x00,
    0x00, 0x00, 0x00, 0x00, 0x00, 0x00, 0x00, 0x00, 0x00, 0x00, 0x00, 0x00,
    0x00, 0x00, 0x00, 0x00, 0x00, 0x00, 0x00, 0x00, 0x00, 0x00, 0x00, 0x00,
    0x00, 0x00, 0x00, 0x00, 0x00, 0x00, 0x00, 0x00, 0x00, 0x00, 0x00, 0x00,
    0x00, 0x00, 0x00, 0x00, 0x00, 0x00, 0x00, 0x00, 0x00, 0x00, 0x00, 0x00,
    0x00, 0x00, 0x00, 0x00, 0x00, 0x00, 0x00, 0x00, 0x00, 0x00, 0x00, 0x00,
    0x00, 0x00, 0x00, 0x00, 0x00, 0x00, 0x00, 0x00, 0x00, 0x00, 0x00, 0x00,
    0x00, 0x00, 0x00, 0x00, 0x00, 0x00, 0x00, 0x00, 0x00, 0x00, 0x00, 0x00,
    0x00, 0x00, 0x00, 0x00, 0x00, 0x00, 0x00, 0x00, 0x00, 0x00, 0x00, 0x00,
    0x00, 0x00, 0x00, 0x00, 0x00, 0x00, 0x00, 0x00, 0x00, 0x00, 0x00, 0x00,
    0x00, 0x00, 0x00, 0x00, 0x00, 0x00, 0x00, 0x00, 0x00, 0x00, 0x00, 0x00,
    0x00, 0x00, 0x00, 0x00, 0x00, 0x00, 0x00, 0x00, 0x00, 0x00, 0x00, 0x00,
    0x00, 0x00, 0x00, 0x00, 0x00, 0x00, 0x00, 0x00, 0x00, 0x00, 0x00, 0x00,
    0x00, 0x00, 0x00, 0x00, 0x00, 0x00, 0x00, 0x00, 0x00, 0x00, 0x00, 0x00,
    0x00, 0x00, 0x00, 0x00, 0x00, 0x00, 0x00, 0x00, 0x00, 0x00, 0x00, 0x00,
    0x00, 0x00, 0x00, 0x00, 0x00, 0x00, 0x00, 0x00, 0x00, 0x00, 0x00, 0x00,
    0x00, 0x00, 0x00, 0x00, 0x00, 0x00, 0x00, 0x00, 0x00, 0x00, 0x00, 0x00,
    0x00, 0x00, 0x00, 0x00, 0x00, 0x00, 0x00, 0x00, 0x00, 0x00, 0x00, 0x00,
    0x00, 0x00, 0x00, 0x00, 0x00, 0x00, 0x00, 0x00, 0x00, 0x00, 0x00, 0x00,
    0x00, 0x00, 0x00, 0x00, 0x00, 0x00, 0x00, 0x00, 0x00, 0x00, 0x00, 0x00,
    0x00, 0x00, 0x00, 0x00, 0x00, 0x00, 0x00, 0x00, 0x00, 0x00, 0x00, 0x00,
    0x00, 0x00, 0x00, 0x00, 0x00, 0x00, 0x00, 0x00, 0x00, 0x00, 0x00, 0x00,
    0x00, 0x00, 0x00, 0x00, 0x00, 0x00, 0x00, 0x00, 0x00, 0x00, 0x00, 0x00,
    0x00, 0x00, 0x00, 0x00, 0x00, 0x00, 0x00, 0x00, 0x00, 0x00, 0x00, 0x00,
    0x00, 0x00, 0x00, 0x00, 0x00, 0x00, 0x00, 0x00, 0x00, 0x00, 0x00, 0x00,
    0x00, 0x00, 0x00, 0x00, 0x00, 0x00, 0x00, 0x00, 0x00, 0x00, 0x00, 0x00,
    0x00, 0x00, 0x00, 0x00, 0x00, 0x00, 0x00, 0x00, 0x00, 0x00, 0x00, 0x00,
    0x00, 0x00, 0x00, 0x00, 0x00, 0x00, 0x00, 0x00, 0x00, 0x00, 0x00, 0x00,
    0x00, 0x00, 0x00, 0x00, 0x00, 0x00, 0x00, 0x00, 0x00, 0x00, 0x00, 0x00,
    0x00, 0x00, 0x00, 0x00, 0x00, 0x00, 0x00, 0x00, 0x00, 0x00, 0x00, 0x00,
    0x00, 0x00, 0x00, 0x00, 0x00, 0x00, 0x00, 0x00, 0x00, 0x00, 0x00, 0x00,
    0x00, 0x00, 0x00, 0x00, 0x00, 0x00, 0x00, 0x00, 0x00, 0x00, 0x00, 0x00,
    0x00, 0x00, 0x00, 0x00, 0x00, 0x00, 0x00, 0x00, 0x00, 0x00, 0x00, 0x00,
    0x00, 0x00, 0x00, 0x00, 0x00, 0x00, 0x00, 0x00, 0x00, 0x00, 0x00, 0x00,
    0x00, 0x00, 0x00, 0x00, 0x00, 0x00, 0x00, 0x00, 0x00, 0x00, 0x00, 0x00,
    0x00, 0x00, 0x00, 0x00, 0x00, 0x00, 0x00, 0x00, 0x00, 0x00, 0x00, 0x00,
    0x00, 0x00, 0x00, 0x00, 0x00, 0x00, 0x00, 0x00, 0x00, 0x00, 0x00, 0x00,
    0x00, 0x00, 0x00, 0x00, 0x00, 0x00, 0x00, 0x00, 0x00, 0x00, 0x00, 0x00,
    0x00, 0x00, 0x00, 0x00, 0x00, 0x00, 0x00, 0x00, 0x00, 0x00, 0x00, 0x00,
    0x00, 0x00, 0x00, 0x00, 0x00, 0x00, 0x00, 0x00, 0x00, 0x00, 0x00, 0x00,
    0x00, 0x00, 0x00, 0x00, 0x00, 0x00, 0x00, 0x00, 0x00, 0x00, 0x00, 0x00,
    0x00, 0x00, 0x00, 0x00, 0x00, 0x00, 0x00, 0x00, 0x00, 0x00, 0x00, 0x00,
    0x00, 0x00, 0x00, 0x00, 0x00, 0x00, 0x00, 0x00, 0x00, 0x00, 0x00, 0x00,
    0x00, 0x00, 0x00, 0x00, 0x00, 0x00, 0x00, 0x00, 0x00, 0x00, 0x00, 0x00,
    0x00, 0x00, 0x00, 0x00, 0x00, 0x00, 0x00, 0x00, 0x00, 0x00, 0x00, 0x00,
    0x00, 0x00, 0x00, 0x00, 0x00, 0x00, 0x00, 0x00, 0x00, 0x00, 0x00, 0x00,
    0x00, 0x00, 0x00, 0x00, 0x00, 0x00, 0x00, 0x00, 0x00, 0x00, 0x00, 0x00,
    0x00, 0x00, 0x00, 0x00, 0x00, 0x00, 0x00, 0x00, 0x00, 0x00, 0x00, 0x00,
    0x00, 0x00, 0x00, 0x00, 0x00, 0x00, 0x00, 0x00, 0x00, 0x00, 0x00, 0x00,
    0x00, 0x00, 0x00, 0x00, 0x00, 0x00, 0x00, 0x00, 0x00, 0x00, 0x00, 0x00,
    0x00, 0x00, 0x00, 0x00, 0x00, 0x00, 0x00, 0x00, 0x00, 0x00, 0x00, 0x00,
    0x00, 0x00, 0x00, 0x00, 0x00, 0x00, 0x00, 0x00, 0x00, 0x00, 0x00, 0x00,
    0x00, 0x00, 0x00, 0x00, 0x00, 0x00, 0x00, 0x00, 0x00, 0x00, 0x00, 0x00,
    0x00, 0x00, 0x00, 0x00, 0x00, 0x00, 0x00, 0x00, 0x00, 0x00, 0x00, 0x00,
    0x00, 0x00, 0x00, 0x00, 0x00, 0x00, 0x00, 0x00, 0x00, 0x00, 0x00, 0x00,
    0x00, 0x00, 0x00, 0x00, 0x00, 0x00, 0x00, 0x00, 0x00, 0x00, 0x00, 0x00,
    0x00, 0x00, 0x00, 0x00, 0x00, 0x00, 0x00, 0x00, 0x00, 0x00, 0x00, 0x00,
    0x00, 0x00, 0x00, 0x00, 0x00, 0x00, 0x00, 0x00, 0x00, 0x00, 0x00, 0x00,
    0x00, 0x00, 0x00, 0x00, 0x00, 0x00, 0x00, 0x00, 0x00, 0x00, 0x00, 0x00,
    0x00, 0x00, 0x00, 0x00, 0x00, 0x00, 0x00, 0x00, 0x00, 0x00, 0x00, 0x00,
    0x00, 0x00, 0x00, 0x00, 0x00, 0x00, 0x00, 0x00, 0x00, 0x00, 0x00, 0x00,
    0x00, 0x00, 0x00, 0x00, 0x00, 0x00, 0x00, 0x00, 0x00, 0x00, 0x00, 0x00,
    0x00, 0x00, 0x00, 0x00, 0x00, 0x00, 0x00, 0x00, 0x00, 0x00, 0x00, 0x00,
    0x00, 0x00, 0x00, 0x00, 0x00, 0x00, 0x00, 0x00, 0x00, 0x00, 0x00, 0x00,
    0x00, 0x00, 0x00, 0x00, 0x00, 0x00, 0x00, 0x00, 0x00, 0x00, 0x00, 0x00,
    0x00, 0x00, 0x00, 0x00, 0x00, 0x00, 0x00, 0x00, 0x00, 0x00, 0x00, 0x00,
    0x00, 0x00, 0x00, 0x00, 0x00, 0x00, 0x00, 0x00, 0x00, 0x00, 0x00, 0x00,
    0x00, 0x00, 0x00, 0x00, 0x00, 0x00, 0x00, 0x00, 0x00, 0x00, 0x00, 0x00,
    0x00, 0x00, 0x00, 0x00, 0x00, 0x00, 0x00, 0x00, 0x00, 0x00, 0x00, 0x00,
    0x00, 0x00, 0x00, 0x00, 0x00, 0x00, 0x00, 0x00, 0x00, 0x00, 0x00, 0x00,
    0x00, 0x00, 0x00, 0x00, 0x00, 0x00, 0x00, 0x00, 0x00, 0x00, 0x00, 0x00,
    0x00, 0x00, 0x00, 0x00, 0x00, 0x00, 0x00, 0x00, 0x00, 0x00, 0x00, 0x00,
    0x00, 0x00, 0x00, 0x00, 0x00, 0x00, 0x00, 0x00, 0x00, 0x00, 0x00, 0x00,
    0x00, 0x00, 0x00, 0x00, 0x00, 0x00, 0x00, 0x00, 0x00, 0x00, 0x00, 0x00,
    0x00, 0x00, 0x00, 0x00, 0x00, 0x00, 0x00, 0x00, 0x00, 0x00, 0x00, 0x00,
    0x00, 0x00, 0x00, 0x00, 0x00, 0x00, 0x00, 0x00, 0x00, 0x00, 0x00, 0x00,
    0x00, 0x00, 0x00, 0x00, 0x00, 0x00, 0x00, 0x00, 0x00, 0x00, 0x00, 0x00,
    0x00, 0x00, 0x00, 0x00, 0x00, 0x00, 0x00, 0x00, 0x00, 0x00, 0x00, 0x00,
    0x00, 0x00, 0x00, 0x00, 0x00, 0x00, 0x00, 0x00, 0x00, 0x00, 0x00, 0x00,
    0x00, 0x00, 0x00, 0x00, 0x00, 0x00, 0x00, 0x00, 0x00, 0x00, 0x00, 0x00,
    0x00, 0x00, 0x00, 0x00, 0x00, 0x00, 0x00, 0x00, 0x00, 0x00, 0x00, 0x00,
    0x00, 0x00, 0x00, 0x00, 0x00, 0x00, 0x00, 0x00, 0x00, 0x00, 0x00, 0x00,
    0x00, 0x00, 0x00, 0x00, 0x00, 0x00, 0x00, 0x00, 0x00, 0x00, 0x00, 0x00,
    0x00, 0x00, 0x00, 0x00, 0x00, 0x00, 0x00, 0x00, 0x00, 0x00, 0x00, 0x00,
    0x00, 0x00, 0x00, 0x00, 0x00, 0x00, 0x00, 0x00, 0x00, 0x00, 0x00, 0x00,
    0x00, 0x00, 0x00, 0x00, 0x00, 0x00, 0x00, 0x00, 0x00, 0x00, 0x00, 0x00,
    0x00, 0x00, 0x00, 0x00, 0x00, 0x00, 0x00, 0x00, 0x00, 0x00, 0x00, 0x00,
    0x00, 0x00, 0x00, 0x00, 0x00, 0x00, 0x00, 0x00, 0x00, 0x00, 0x00, 0x00,
    0x00, 0x00, 0x00, 0x00, 0x00, 0x00, 0x00, 0x00, 0x00, 0x00, 0x00, 0x00,
    0x00, 0x00, 0x00, 0x00, 0x00, 0x00, 0x00, 0x00, 0x00, 0x00, 0x00, 0x00,
    0x00, 0x00, 0x00, 0x00, 0x00, 0x00, 0x00, 0x00, 0x00, 0x00, 0x00, 0x00,
    0x00, 0x00, 0x00, 0x00, 0x00, 0x00, 0x00, 0x00, 0x00, 0x00, 0x00, 0x00,
    0x00, 0x00, 0x00, 0x00, 0x00, 0x00, 0x00, 0x00, 0x00, 0x00, 0x00, 0x00,
    0x00, 0x00, 0x00, 0x00, 0x00, 0x00, 0x00, 0x00, 0x00, 0x00, 0x00, 0x00,
    0x00, 0x00, 0x00, 0x00, 0x00, 0x00, 0x00, 0x00, 0x00, 0x00, 0x00, 0x00,
    0x00, 0x00, 0x00, 0x00, 0x00, 0x00, 0x00, 0x00, 0x00, 0x00, 0x00, 0x00,
    0x00, 0x00, 0x00, 0x00, 0x00, 0x00, 0x00, 0x00, 0x00, 0x00, 0x00, 0x00,
    0x00, 0x00, 0x00, 0x00, 0x00, 0x00, 0x00, 0x00, 0x00, 0x00, 0x00, 0x00,
};

unsigned char _matrix300_Graphics[1024] = {
    0x67, 0x1b, 0x83, 0xe3, 0x63, 0x0f, 0x87, 0xe7, 0x67, 0x1b, 0x83, 0xe3,
    0x63, 0x0f, 0x87, 0xe7, 0x67, 0x1b, 0x83, 0xe3, 0x63, 0x0f, 0x87, 0xe7,
    0x67, 0x1b, 0x83, 0xe3, 0x63, 0x0f, 0x87, 0xe7, 0xbb, 0xdb, 0x5b, 0x23,
    0xaf, 0xcf, 0x4f, 0x27, 0xbb, 0xdb, 0x5b, 0x23, 0xaf, 0xcf, 0x4f, 0x27,
    0xbb, 0xdb, 0x5b, 0x23, 0xaf, 0xcf, 0x4f, 0x27, 0xbb, 0xdb, 0x5b, 0x23,
    0xaf, 0xcf, 0x4f, 0x27, 0x9b, 0xfb, 0x7b, 0x0b, 0x8f, 0xef, 0x6f, 0x00,
    0x9b, 0xfb, 0x7b, 0x0b, 0x8f, 0xef, 0x6f, 0x00, 0x9b, 0xfb, 0x7b, 0x0b,
    0x8f, 0xef, 0x6f, 0x00, 0x9b, 0xfb, 0x7b, 0x0b, 0x8f, 0xef, 0x6f, 0x00,
    0x3f, 0x3b, 0xab, 0xcb, 0x4b, 0x2f, 0x9f, 0xbf, 0x3f, 0x3b, 0xab, 0xcb,
    0x4b, 0x2f, 0x9f, 0xbf, 0x3f, 0x3b, 0xab, 0xcb, 0x4b, 0x2f, 0x9f, 0xbf,
    0x3f, 0x3b, 0xab, 0xcb, 0x4b, 0x2f, 0x9f, 0xbf, 0x5f, 0x13, 0x8b, 0xeb,
    0x6b, 0x17, 0x7f, 0xdf, 0x5f, 0x13, 0x8b, 0xeb, 0x6b, 0x17, 0x7f, 0xdf,
    0x5f, 0x13, 0x8b, 0xeb, 0x6b, 0x17, 0x7f, 0xdf, 0x5f, 0x13, 0x8b, 0xeb,
    0x6b, 0x17, 0x7f, 0xdf, 0xb3, 0xd3, 0x53, 0x2b, 0xb7, 0xd7, 0x57, 0x1f,
    0xb3, 0xd3, 0x53, 0x2b, 0xb7, 0xd7, 0x57, 0x1f, 0xb3, 0xd3, 0x53, 0x2b,
    0xb7, 0xd7, 0x57, 0x1f, 0xb3, 0xd3, 0x53, 0x2b, 0xb7, 0xd7, 0x57, 0x1f,
    0x93, 0xf3, 0x73, 0x03, 0x97, 0xf7, 0x77, 0x07, 0x93, 0xf3, 0x73, 0x03,
    0x97, 0xf7, 0x77, 0x07, 0x93, 0xf3, 0x73, 0x03, 0x97, 0xf7, 0x77, 0x07,
    0x93, 0xf3, 0x73, 0x03, 0x97, 0xf7, 0x77, 0x07, 0x47, 0x33, 0xa3, 0xc3,
    0x43, 0x37, 0xa7, 0xc7, 0x47, 0x33, 0xa3, 0xc3, 0x43, 0x37, 0xa7, 0xc7,
    0x47, 0x33, 0xa3, 0xc3, 0x43, 0x37, 0xa7, 0xc7, 0x47, 0x33, 0xa3, 0xc3,
    0x43, 0x37, 0xa7, 0xc7, 0x67, 0x1b, 0x83, 0xe3, 0x63, 0x0f, 0x87, 0xe7,
    0x67, 0x1b, 0x83, 0xe3, 0x63, 0x0f, 0x87, 0xe7, 0x67, 0x1b, 0x83, 0xe3,
    0x63, 0x0f, 0x87, 0xe7, 0x67, 0x1b, 0x83, 0xe3, 0x63, 0x0f, 0x87, 0xe7,
    0xbb, 0xdb, 0x5b, 0x23, 0xaf, 0xcf, 0x4f, 0x27, 0xbb, 0xdb, 0x5b, 0x23,
    0xaf, 0xcf, 0x4f, 0x27, 0xbb, 0xdb, 0x5b, 0x23, 0xaf, 0xcf, 0x4f, 0x27,
    0xbb, 0xdb, 0x5b, 0x23, 0xaf, 0xcf, 0x4f, 0x27, 0x9b, 0xfb, 0x7b, 0x0b,
    0x8f, 0xef, 0x6f, 0x00, 0x9b, 0xfb, 0x7b, 0x0b, 0x8f, 0xef, 0x6f, 0x00,
    0x9b, 0xfb, 0x7b, 0x0b, 0x8f, 0xef, 0x6f, 0x00, 0x9b, 0xfb, 0x7b, 0x0b,
    0x8f, 0xef, 0x6f, 0x00, 0x3f, 0x3b, 0xab, 0xcb, 0x4b, 0x2f, 0x9f, 0xbf,
    0x3f, 0x3b, 0xab, 0xcb, 0x4b, 0x2f, 0x9f, 0xbf, 0x3f, 0x3b, 0xab, 0xcb,
    0x4b, 0x2f, 0x9f, 0xbf, 0x3f, 0x3b, 0xab, 0xcb, 0x4b, 0x2f, 0x9f, 0xbf,
    0x5f, 0x13, 0x8b, 0xeb, 0x6b, 0x17, 0x7f, 0xdf, 0x5f, 0x13, 0x8b, 0xeb,
    0x6b, 0x17, 0x7f, 0xdf, 0x5f, 0x13, 0x8b, 0xeb, 0x6b, 0x17, 0x7f, 0xdf,
    0x5f, 0x13, 0x8b, 0xeb, 0x6b, 0x17, 0x7f, 0xdf, 0xb3, 0xd3, 0x53, 0x2b,
    0xb7, 0xd7, 0x57, 0x1f, 0xb3, 0xd3, 0x53, 0x2b, 0xb7, 0xd7, 0x57, 0x1f,
    0xb3, 0xd3, 0x53, 0x2b, 0xb7, 0xd7, 0x57, 0x1f, 0xb3, 0xd3, 0x53, 0x2b,
    0xb7, 0xd7, 0x57, 0x1f, 0x93, 0xf3, 0x73, 0x03, 0x97, 0xf7, 0x77, 0x07,
    0x93, 0xf3, 0x73, 0x03, 0x97, 0xf7, 0x77, 0x07, 0x93, 0xf3, 0x73, 0x03,
    0x97, 0xf7, 0x77, 0x07, 0x93, 0xf3, 0x73, 0x03, 0x97, 0xf7, 0x77, 0x07,
    0x47, 0x33, 0xa3, 0xc3, 0x43, 0x37, 0xa7, 0xc7, 0x47, 0x33, 0xa3, 0xc3,
    0x43, 0x37, 0xa7, 0xc7, 0x47, 0x33, 0xa3, 0xc3, 0x43, 0x37, 0xa7, 0xc7,
    0x47, 0x33, 0xa3, 0xc3, 0x43, 0x37, 0xa7, 0xc7, 0x67, 0x1b, 0x83, 0xe3,
    0x63, 0x0f, 0x87, 0xe7, 0x67, 0x1b, 0x83, 0xe3, 0x63, 0x0f, 0x87, 0xe7,
    0x67, 0x1b, 0x83, 0xe3, 0x63, 0x0f, 0x87, 0xe7, 0x67, 0x1b, 0x83, 0xe3,
    0x63, 0x0f, 0x87, 0xe7, 0xbb, 0xdb, 0x5b, 0x23, 0xaf, 0xcf, 0x4f, 0x27,
    0xbb, 0xdb, 0x5b, 0x23, 0xaf, 0xcf, 0x4f, 0x27, 0xbb, 0xdb, 0x5b, 0x23,
    0xaf, 0xcf, 0x4f, 0x27, 0xbb, 0xdb, 0x5b, 0x23, 0xaf, 0xcf, 0x4f, 0x27,
    0x9b, 0xfb, 0x7b, 0x0b, 0x8f, 0xef, 0x6f, 0x00, 0x9b, 0xfb, 0x7b, 0x0b,
    0x8f, 0xef, 0x6f, 0x00, 0x9b, 0xfb, 0x7b, 0x0b, 0x8f, 0xef, 0x6f, 0x00,
    0x9b, 0xfb, 0x7b, 0x0b, 0x8f, 0xef, 0x6f, 0x00, 0x3f, 0x3b, 0xab, 0xcb,
    0x4b, 0x2f, 0x9f, 0xbf, 0x3f, 0x3b, 0xab, 0xcb, 0x4b, 0x2f, 0x9f, 0xbf,
    0x3f, 0x3b, 0xab, 0xcb, 0x4b, 0x2f, 0x9f, 0xbf, 0x3f, 0x3b, 0xab, 0xcb,
    0x4b, 0x2f, 0x9f, 0xbf, 0x5f, 0x13, 0x8b, 0xeb, 0x6b, 0x17, 0x7f, 0xdf,
    0x5f, 0x13, 0x8b, 0xeb, 0x6b, 0x17, 0x7f, 0xdf, 0x5f, 0x13, 0x8b, 0xeb,
    0x6b, 0x17, 0x7f, 0xdf, 0x5f, 0x13, 0x8b, 0xeb, 0x6b, 0x17, 0x7f, 0xdf,
    0xb3, 0xd3, 0x53, 0x2b, 0xb7, 0xd7, 0x57, 0x1f, 0xb3, 0xd3, 0x53, 0x2b,
    0xb7, 0xd7, 0x57, 0x1f, 0xb3, 0xd3, 0x53, 0x2b, 0xb7, 0xd7, 0x57, 0x1f,
    0xb3, 0xd3, 0x53, 0x2b, 0xb7, 0xd7, 0x57, 0x1f, 0x93, 0xf3, 0x73, 0x03,
    0x97, 0xf7, 0x77, 0x07, 0x93, 0xf3, 0x73, 0x03, 0x97, 0xf7, 0x77, 0x07,
    0x93, 0xf3, 0x73, 0x03, 0x97, 0xf7, 0x77, 0x07, 0x93, 0xf3, 0x73, 0x03,
    0x97, 0xf7, 0x77, 0x07, 0x47, 0x33, 0xa3, 0xc3, 0x43, 0x37, 0xa7, 0xc7,
    0x47, 0x33, 0xa3, 0xc3, 0x43, 0x37, 0xa7, 0xc7, 0x47, 0x33, 0xa3, 0xc3,
    0x43, 0x37, 0xa7, 0xc7, 0x47, 0x33, 0xa3, 0xc3, 0x43, 0x37, 0xa7, 0xc7,
    0x67, 0x1b, 0x83, 0xe3, 0x63, 0x0f, 0x87, 0xe7, 0x67, 0x1b, 0x83, 0xe3,
    0x63, 0x0f, 0x87, 0xe7, 0x67, 0x1b, 0x83, 0xe3, 0x63, 0x0f, 0x87, 0xe7,
    0x67, 0x1b, 0x83, 0xe3, 0x63, 0x0f, 0x87, 0xe7, 0xbb, 0xdb, 0x5b, 0x23,
    0xaf, 0xcf, 0x4f, 0x27, 0xbb, 0xdb, 0x5b, 0x23, 0xaf, 0xcf, 0x4f, 0x27,
    0xbb, 0xdb, 0x5b, 0x23, 0xaf, 0xcf, 0x4f, 0x27, 0xbb, 0xdb, 0x5b, 0x23,
    0xaf, 0xcf, 0x4f, 0x27, 0x9b, 0xfb, 0x7b, 0x0b, 0x8f, 0xef, 0x6f, 0x00,
    0x9b, 0xfb, 0x7b, 0x0b, 0x8f, 0xef, 0x6f, 0x00, 0x9b, 0xfb, 0x7b, 0x0b,
    0x8f, 0xef, 0x6f, 0x00, 0x9b, 0xfb, 0x7b, 0x0b, 0x8f, 0xef, 0x6f, 0x00,
    0x3f, 0x3b, 0xab, 0xcb, 0x4b, 0x2f, 0x9f, 0xbf, 0x3f, 0x3b, 0xab, 0xcb,
    0x4b, 0x2f, 0x9f, 0xbf, 0x3f, 0x3b, 0xab, 0xcb, 0x4b, 0x2f, 0x9f, 0xbf,
    0x3f, 0x3b, 0xab, 0xcb, 0x4b, 0x2f, 0x9f, 0xbf, 0x5f, 0x13, 0x8b, 0xeb,
    0x6b, 0x17, 0x7f, 0xdf, 0x5f, 0x13, 0x8b, 0xeb, 0x6b, 0x17, 0x7f, 0xdf,
    0x5f, 0x13, 0x8b, 0xeb, 0x6b, 0x17, 0x7f, 0xdf, 0x5f, 0x13, 0x8b, 0xeb,
    0x6b, 0x17, 0x7f, 0xdf, 0xb3, 0xd3, 0x53, 0x2b, 0xb7, 0xd7, 0x57, 0x1f,
    0xb3, 0xd3, 0x53, 0x2b, 0xb7, 0xd7, 0x57, 0x1f, 0xb3, 0xd3, 0x53, 0x2b,
    0xb7, 0xd7, 0x57, 0x1f, 0xb3, 0xd3, 0x53, 0x2b, 0xb7, 0xd7, 0x57, 0x1f,
    0x93, 0xf3, 0x73, 0x03, 0x97, 0xf7, 0x77, 0x07, 0x93, 0xf3, 0x73, 0x03,
    0x97, 0xf7, 0x77, 0x07, 0x93, 0xf3, 0x73, 0x03, 0x97, 0xf7, 0x77, 0x07,
    0x93, 0xf3, 0x73, 0x03, 0x97, 0xf7, 0x77, 0x07, 0x47, 0x33, 0xa3, 0xc3,
    0x43, 0x37, 0xa7, 0xc7, 0x47, 0x33, 0xa3, 0xc3, 0x43, 0x37, 0xa7, 0xc7,
    0x47, 0x33, 0xa3, 0xc3, 0x43, 0x37, 0xa7, 0xc7, 0x47, 0x33, 0xa3, 0xc3,
    0x43, 0x37, 0xa7, 0xc7,
};

unsigned char _matrix300_Text[1024] = {
    0xfb, 0x7b, 0xcb, 0x4b, 0xef, 0x6f, 0xbf, 0x3f, 0xfb, 0x7b, 0xcb, 0x4b,
    0xef, 0x6f, 0xbf, 0x3f, 0xfb, 0x7b, 0xcb, 0x4b, 0xef, 0x6f, 0xbf, 0x3f,
    0xfb, 0x7b, 0xcb, 0x4b, 0xef, 0x6f, 0xbf, 0x3f, 0x00, 0xbb, 0x3b, 0x8b,
    0x0b, 0xaf, 0x2f, 0x7f, 0x00, 0xbb, 0x3b, 0x8b, 0x0b, 0xaf, 0x2f, 0x7f,
    0x00, 0xbb, 0x3b, 0x8b, 0x0b, 0xaf, 0x2f, 0x7f, 0x00, 0xbb, 0x3b, 0x8b,
    0x0b, 0xaf, 0x2f, 0x7f, 0xdb, 0x5b, 0xeb, 0x6b, 0xcf, 0x4f, 0xdf, 0x5f,
    0xdb, 0x5b, 0xeb, 0x6b, 0xcf, 0x4f, 0xdf, 0x5f, 0xdb, 0x5b, 0xeb, 0x6b,
    0xcf, 0x4f, 0xdf, 0x5f, 0xdb, 0x5b, 0xeb, 0x6b, 0xcf, 0x4f, 0xdf, 0x5f,
    0x1f, 0x9b, 0x1b, 0xab, 0x2b, 0x8f, 0x0f, 0x9f, 0x1f, 0x9b, 0x1b, 0xab,
    0x2b, 0x8f, 0x0f, 0x9f, 0x1f, 0x9b, 0x1b, 0xab, 0x2b, 0x8f, 0x0f, 0x9f,
    0x1f, 0x9b, 0x1b, 0xab, 0x2b, 0x8f, 0x0f, 0x9f, 0xf3, 0x73, 0xc3, 0x43,
    0xf7, 0x77, 0xc7, 0x47, 0xf3, 0x73, 0xc3, 0x43, 0xf7, 0x77, 0xc7, 0x47,
    0xf3, 0x73, 0xc3, 0x43, 0xf7, 0x77, 0xc7, 0x47, 0xf3, 0x73, 0xc3, 0x43,
    0xf7, 0x77, 0xc7, 0x47, 0x07, 0xb3, 0x33, 0x83, 0x03, 0xb7, 0x37, 0x87,
    0x07, 0xb3, 0x33, 0x83, 0x03, 0xb7, 0x37, 0x87, 0x07, 0xb3, 0x33, 0x83,
    0x03, 0xb7, 0x37, 0x87, 0x07, 0xb3, 0x33, 0x83, 0x03, 0xb7, 0x37, 0x87,
    0xd3, 0x53, 0xe3, 0x63, 0xd7, 0x57, 0xe7, 0x67, 0xd3, 0x53, 0xe3, 0x63,
    0xd7, 0x57, 0xe7, 0x67, 0xd3, 0x53, 0xe3, 0x63, 0xd7, 0x57, 0xe7, 0x67,
    0xd3, 0x53, 0xe3, 0x63, 0xd7, 0x57, 0xe7, 0x67, 0x27, 0x93, 0x13, 0xa3,
    0x23, 0x97, 0x17, 0xa7, 0x27, 0x93, 0x13, 0xa3, 0x23, 0x97, 0x17, 0xa7,
    0x27, 0x93, 0x13, 0xa3, 0x23, 0x97, 0x17, 0xa7, 0x27, 0x93, 0x13, 0xa3,
    0x23, 0x97, 0x17, 0xa7, 0xfb, 0x7b, 0xcb, 0x4b, 0xef, 0x6f, 0xbf, 0x3f,
    0xfb, 0x7b, 0xcb, 0x4b, 0xef, 0x6f, 0xbf, 0x3f, 0xfb, 0x7b, 0xcb, 0x4b,
    0xef, 0x6f, 0xbf, 0x3f, 0xfb, 0x7b, 0xcb, 0x4b, 0xef, 0x6f, 0xbf, 0x3f,
    0x00, 0xbb, 0x3b, 0x8b, 0x0b, 0xaf, 0x2f, 0x7f, 0x00, 0xbb, 0x3b, 0x8b,
    0x0b, 0xaf, 0x2f, 0x7f, 0x00, 0xbb, 0x3b, 0x8b, 0x0b, 0xaf, 0x2f, 0x7f,
    0x00, 0xbb, 0x3b, 0x8b, 0x0b, 0xaf, 0x2f, 0x7f, 0xdb, 0x5b, 0xeb, 0x6b,
    0xcf, 0x4f, 0xdf, 0x5f, 0xdb, 0x5b, 0xeb, 0x6b, 0xcf, 0x4f, 0xdf, 0x5f,
    0xdb, 0x5b, 0xeb, 0x6b, 0xcf, 0x4f, 0xdf, 0x5f, 0xdb, 0x5b, 0xeb, 0x6b,
    0xcf, 0x4f, 0xdf, 0x5f, 0x1f, 0x9b, 0x1b, 0xab, 0x2b, 0x8f, 0x0f, 0x9f,
    0x1f, 0x9b, 0x1b, 0xab, 0x2b, 0x8f, 0x0f, 0x9f, 0x1f, 0x9b, 0x1b, 0xab,
    0x2b, 0x8f, 0x0f, 0x9f, 0x1f, 0x9b, 0x1b, 0xab, 0x2b, 0x8f, 0x0f, 0x9f,
    0xf3, 0x73, 0xc3, 0x43, 0xf7, 0x77, 0xc7, 0x47, 0xf3, 0x73, 0xc3, 0x43,
    0xf7, 0x77, 0xc7, 0x47, 0xf3, 0x73, 0xc3, 0x43, 0xf7, 0x77, 0xc7, 0x47,
    0xf3, 0x73, 0xc3, 0x43, 0xf7, 0x77, 0xc7, 0x47, 0x07, 0xb3, 0x33, 0x83,
    0x03, 0xb7, 0x37, 0x87, 0x07, 0xb3, 0x33, 0x83, 0x03, 0xb7, 0x37, 0x87,
    0x07, 0xb3, 0x33, 0x83, 0x03, 0xb7, 0x37, 0x87, 0x07, 0xb3, 0x33, 0x83,
    0x03, 0xb7, 0x37, 0x87, 0xd3, 0x53, 0xe3, 0x63, 0xd7, 0x57, 0xe7, 0x67,
    0xd3, 0x53, 0xe3, 0x63, 0xd7, 0x57, 0xe7, 0x67, 0xd3, 0x53, 0xe3, 0x63,
    0xd7, 0x57, 0xe7, 0x67, 0xd3, 0x53, 0xe3, 0x63, 0xd7, 0x57, 0xe7, 0x67,
    0x27, 0x93, 0x13, 0xa3, 0x23, 0x97, 0x17, 0xa7, 0x27, 0x93, 0x13, 0xa3,
    0x23, 0x97, 0x17, 0xa7, 0x27, 0x93, 0x13, 0xa3, 0x23, 0x97, 0x17, 0xa7,
    0x27, 0x93, 0x13, 0xa3, 0x23, 0x97, 0x17, 0xa7, 0xfb, 0x7b, 0xcb, 0x4b,
    0xef, 0x6f, 0xbf, 0x3f, 0xfb, 0x7b, 0xcb, 0x4b, 0xef, 0x6f, 0xbf, 0x3f,
    0xfb, 0x7b, 0xcb, 0x4b, 0xef, 0x6f, 0xbf, 0x3f, 0xfb, 0x7b, 0xcb, 0x4b,
    0xef, 0x6f, 0xbf, 0x3f, 0x00, 0xbb, 0x3b, 0x8b, 0x0b, 0xaf, 0x2f, 0x7f,
    0x00, 0xbb, 0x3b, 0x8b, 0x0b, 0xaf, 0x2f, 0x7f, 0x00, 0xbb, 0x3b, 0x8b,
    0x0b, 0xaf, 0x2f, 0x7f, 0x00, 0xbb, 0x3b, 0x8b, 0x0b, 0xaf, 0x2f, 0x7f,
    0xdb, 0x5b, 0xeb, 0x6b, 0xcf, 0x4f, 0xdf, 0x5f, 0xdb, 0x5b, 0xeb, 0x6b,
    0xcf, 0x4f, 0xdf, 0x5f, 0xdb, 0x5b, 0xeb, 0x6b, 0xcf, 0x4f, 0xdf, 0x5f,
    0xdb, 0x5b, 0xeb, 0x6b, 0xcf, 0x4f, 0xdf, 0x5f, 0x1f, 0x9b, 0x1b, 0xab,
    0x2b, 0x8f, 0x0f, 0x9f, 0x1f, 0x9b, 0x1b, 0xab, 0x2b, 0x8f, 0x0f, 0x9f,
    0x1f, 0x9b, 0x1b, 0xab, 0x2b, 0x8f, 0x0f, 0x9f, 0x1f, 0x9b, 0x1b, 0xab,
    0x2b, 0x8f, 0x0f, 0x9f, 0xf3, 0x73, 0xc3, 0x43, 0xf7, 0x77, 0xc7, 0x47,
    0xf3, 0x73, 0xc3, 0x43, 0xf7, 0x77, 0xc7, 0x47, 0xf3, 0x73, 0xc3, 0x43,
    0xf7, 0x77, 0xc7, 0x47, 0xf3, 0x73, 0xc3, 0x43, 0xf7, 0x77, 0xc7, 0x47,
    0x07, 0xb3, 0x33, 0x83, 0x03, 0xb7, 0x37, 0x87, 0x07, 0xb3, 0x33, 0x83,
    0x03, 0xb7, 0x37, 0x87, 0x07, 0xb3, 0x33, 0x83, 0x03, 0xb7, 0x37, 0x87,
    0x07, 0xb3, 0x33, 0x83, 0x03, 0xb7, 0x37, 0x87, 0xd3, 0x53, 0xe3, 0x63,
    0xd7, 0x57, 0xe7, 0x67, 0xd3, 0x53, 0xe3, 0x63, 0xd7, 0x57, 0xe7, 0x67,
    0xd3, 0x53, 0xe3, 0x63, 0xd7, 0x57, 0xe7, 0x67, 0xd3, 0x53, 0xe3, 0x63,
    0xd7, 0x57, 0xe7, 0x67, 0x27, 0x93, 0x13, 0xa3, 0x23, 0x97, 0x17, 0xa7,
    0x27, 0x93, 0x13, 0xa3, 0x23, 0x97, 0x17, 0xa7, 0x27, 0x93, 0x13, 0xa3,
    0x23, 0x97, 0x17, 0xa7, 0x27, 0x93, 0x13, 0xa3, 0x23, 0x97, 0x17, 0xa7,
    0xfb, 0x7b, 0xcb, 0x4b, 0xef, 0x6f, 0xbf, 0x3f, 0xfb, 0x7b, 0xcb, 0x4b,
    0xef, 0x6f, 0xbf, 0x3f, 0xfb, 0x7b, 0xcb, 0x4b, 0xef, 0x6f, 0xbf, 0x3f,
    0xfb, 0x7b, 0xcb, 0x4b, 0xef, 0x6f, 0xbf, 0x3f, 0x00, 0xbb, 0x3b, 0x8b,
    0x0b, 0xaf, 0x2f, 0x7f, 0x00, 0xbb, 0x3b, 0x8b, 0x0b, 0xaf, 0x2f, 0x7f,
    0x00, 0xbb, 0x3b, 0x8b, 0x0b, 0xaf, 0x2f, 0x7f, 0x00, 0xbb, 0x3b, 0x8b,
    0x0b, 0xaf, 0x2f, 0x7f, 0xdb, 0x5b, 0xeb, 0x6b, 0xcf, 0x4f, 0xdf, 0x5f,
    0xdb, 0x5b, 0xeb, 0x6b, 0xcf, 0x4f, 0xdf, 0x5f, 0xdb, 0x5b, 0xeb, 0x6b,
    0xcf, 0x4f, 0xdf, 0x5f, 0xdb, 0x5b, 0xeb, 0x6b, 0xcf, 0x4f, 0xdf, 0x5f,
    0x1f, 0x9b, 0x1b, 0xab, 0x2b, 0x8f, 0x0f, 0x9f, 0x1f, 0x9b, 0x1b, 0xab,
    0x2b, 0x8f, 0x0f, 0x9f, 0x1f, 0x9b, 0x1b, 0xab, 0x2b, 0x8f, 0x0f, 0x9f,
    0x1f, 0x9b, 0x1b, 0xab, 0x2b, 0x8f, 0x0f, 0x9f, 0xf3, 0x73, 0xc3, 0x43,
    0xf7, 0x77, 0xc7, 0x47, 0xf3, 0x73, 0xc3, 0x43, 0xf7, 0x77, 0xc7, 0x47,
    0xf3, 0x73, 0xc3, 0x43, 0xf7, 0x77, 0xc7, 0x47, 0xf3, 0x73, 0xc3, 0x43,
    0xf7, 0x77, 0xc7, 0x47, 0x07, 0xb3, 0x33, 0x83, 0x03, 0xb7, 0x37, 0x87,
    0x07, 0xb3, 0x33, 0x83, 0x03, 0xb7, 0x37, 0x87, 0x07, 0xb3, 0x33, 0x83,
    0x03, 0xb7, 0x37, 0x87, 0x07, 0xb3, 0x33, 0x83, 0x03, 0xb7, 0x37, 0x87,
    0xd3, 0x53, 0xe3, 0x63, 0xd7, 0x57, 0xe7, 0x67, 0xd3, 0x53, 0xe3, 0x63,
    0xd7, 0x57, 0xe7, 0x67, 0xd3, 0x53, 0xe3, 0x63, 0xd7, 0x57, 0xe7, 0x67,
    0xd3, 0x53, 0xe3, 0x63, 0xd7, 0x57, 0xe7, 0x67, 0x27, 0x93, 0x13, 0xa3,
    0x23, 0x97, 0x17, 0xa7, 0x27, 0x93, 0x13, 0xa3, 0x23, 0x97, 0x17, 0xa7,
    0x27, 0x93, 0x13, 0xa3, 0x23, 0x97, 0x17, 0xa7, 0x27, 0x93, 0x13, 0xa3,
    0x23, 0x97, 0x17, 0xa7,
};

unsigned char _matrix600_Graphics[1024] = {
    0x3c, 0x59, 0xd7, 0xea, 0xfe, 0xfe, 0x2b, 0x35, 0x3f, 0x5b, 0xd9, 0xec,
    0xfd, 0xfd, 0x28, 0x32, 0x3b, 0x58, 0xd6, 0xe9, 0xfe, 0xfe, 0x2b, 0x34,
    0x3e, 0x5b, 0xd8, 0xec, 0xfd, 0xfd, 0x29, 0x32, 0x76, 0x80, 0xe0, 0xf4,
    0xfe, 0xfe, 0x65, 0x6f, 0x78, 0x82, 0xe3, 0xf6, 0xfd, 0xfd, 0x62, 0x6c,
    0x75, 0x7f, 0xe0, 0xf3, 0xfe, 0xfe, 0x65, 0x6e, 0x78, 0x82, 0xe2, 0xf5,
    0xfd, 0xfd, 0x63, 0x6c, 0xb4, 0xbd, 0x00, 0x00, 0x1d, 0x4d, 0x91, 0x9a,
    0xb7, 0xc1, 0x00, 0x00, 0x18, 0x49, 0x8c, 0x96, 0xb3, 0xbd, 0x00, 0x00,
    0x1c, 0x4c, 0x90, 0x9a, 0xb7, 0xc0, 0x00, 0x00, 0x19, 0x49, 0x8d, 0x97,
    0xc7, 0xd1, 0x09, 0x13, 0x26, 0x57, 0xa4, 0xae, 0xcb, 0xd4, 0x05, 0x0f,
    0x22, 0x52, 0xa0, 0xa9, 0xc6, 0xd0, 0x09, 0x12, 0x26, 0x56, 0xa3, 0xad,
    0xca, 0xd4, 0x06, 0x0f, 0x23, 0x53, 0xa0, 0xaa, 0xfc, 0xfc, 0x30, 0x3a,
    0x43, 0x60, 0xde, 0xf1, 0xfb, 0xfb, 0x2c, 0x35, 0x3f, 0x5c, 0xda, 0xed,
    0xfc, 0xfc, 0x2f, 0x39, 0x43, 0x60, 0xdd, 0xf1, 0xfb, 0xfb, 0x2c, 0x36,
    0x40, 0x5d, 0xda, 0xee, 0xfc, 0xfc, 0x6a, 0x74, 0x7d, 0x87, 0xe8, 0xfa,
    0xfb, 0xfb, 0x66, 0x6f, 0x79, 0x83, 0xe3, 0xf7, 0xfc, 0xfc, 0x69, 0x73,
    0x7d, 0x86, 0xe7, 0xfa, 0xfb, 0xfb, 0x66, 0x70, 0x7a, 0x83, 0xe4, 0xf7,
    0x17, 0x47, 0x8b, 0x94, 0xb1, 0xbb, 0x00, 0x00, 0x14, 0x44, 0x88, 0x91,
    0xae, 0xb8, 0x00, 0x00, 0x16, 0x46, 0x8a, 0x94, 0xb1, 0xba, 0x00, 0x00,
    0x14, 0x45, 0x88, 0x92, 0xaf, 0xb8, 0x00, 0x00, 0x20, 0x51, 0x9e, 0xa8,
    0xc5, 0xce, 0x01, 0x0a, 0x1d, 0x4e, 0x9b, 0xa5, 0xc2, 0xcb, 0x03, 0x0c,
    0x20, 0x50, 0x9d, 0xa7, 0xc4, 0xce, 0x02, 0x0b, 0x1e, 0x4e, 0x9c, 0xa5,
    0xc2, 0xcc, 0x03, 0x0d, 0x3d, 0x5a, 0xd8, 0xeb, 0xfd, 0xfd, 0x27, 0x31,
    0x3a, 0x57, 0xd5, 0xe8, 0xfe, 0xfe, 0x29, 0x33, 0x3d, 0x5a, 0xd7, 0xeb,
    0xfd, 0xfd, 0x28, 0x31, 0x3b, 0x58, 0xd5, 0xe9, 0xfe, 0xfe, 0x2a, 0x34,
    0x77, 0x81, 0xe2, 0xf5, 0xfd, 0xfd, 0x61, 0x6b, 0x74, 0x7e, 0xdf, 0xf2,
    0xfe, 0xfe, 0x63, 0x6d, 0x77, 0x80, 0xe1, 0xf4, 0xfd, 0xfd, 0x62, 0x6b,
    0x75, 0x7f, 0xdf, 0xf2, 0xfe, 0xfe, 0x64, 0x6e, 0xb6, 0xc0, 0x00, 0x00,
    0x1a, 0x4a, 0x8e, 0x97, 0xb4, 0xbe, 0x00, 0x00, 0x1b, 0x4b, 0x8f, 0x98,
    0xb5, 0xbf, 0x00, 0x00, 0x1a, 0x4b, 0x8e, 0x98, 0xb5, 0xbf, 0x00, 0x00,
    0x1b, 0x4c, 0x8f, 0x99, 0xc9, 0xd3, 0x06, 0x10, 0x23, 0x54, 0xa1, 0xab,
    0xc8, 0xd1, 0x08, 0x11, 0x25, 0x55, 0xa2, 0xac, 0xc9, 0xd2, 0x07, 0x11,
    0x24, 0x54, 0xa2, 0xab, 0xc8, 0xd2, 0x08, 0x12, 0x25, 0x55, 0xa3, 0xac,
    0xfb, 0xfb, 0x2d, 0x37, 0x40, 0x5d, 0xdb, 0xee, 0xfc, 0xfc, 0x2e, 0x38,
    0x42, 0x5f, 0xdc, 0xef, 0xfb, 0xfb, 0x2e, 0x37, 0x41, 0x5e, 0xdc, 0xef,
    0xfc, 0xfc, 0x2f, 0x38, 0x42, 0x5f, 0xdd, 0xf0, 0xfb, 0xfb, 0x67, 0x71,
    0x7a, 0x84, 0xe5, 0xf8, 0xfc, 0xfc, 0x68, 0x72, 0x7c, 0x85, 0xe6, 0xf9,
    0xfb, 0xfb, 0x68, 0x71, 0x7b, 0x85, 0xe5, 0xf9, 0xfc, 0xfc, 0x69, 0x72,
    0x7c, 0x86, 0xe6, 0xfa, 0x15, 0x45, 0x89, 0x92, 0xaf, 0xb9, 0x00, 0x00,
    0x17, 0x48, 0x8b, 0x95, 0xb2, 0xbc, 0x00, 0x00, 0x15, 0x46, 0x89, 0x93,
    0xb0, 0xba, 0x00, 0x00, 0x18, 0x48, 0x8c, 0x95, 0xb2, 0xbc, 0x00, 0x00,
    0x1f, 0x4f, 0x9c, 0xa6, 0xc3, 0xcc, 0x04, 0x0e, 0x21, 0x51, 0x9f, 0xa8,
    0xc5, 0xcf, 0x02, 0x0c, 0x1f, 0x4f, 0x9d, 0xa6, 0xc3, 0xcd, 0x05, 0x0e,
    0x22, 0x52, 0x9f, 0xa9, 0xc6, 0xcf, 0x02, 0x0b, 0x3b, 0x58, 0xd6, 0xe9,
    0xfe, 0xfe, 0x2b, 0x34, 0x3e, 0x5b, 0xd8, 0xec, 0xfd, 0xfd, 0x29, 0x32,
    0x3c, 0x59, 0xd7, 0xea, 0xfe, 0xfe, 0x2b, 0x35, 0x3f, 0x5b, 0xd9, 0xec,
    0xfd, 0xfd, 0x28, 0x32, 0x75, 0x7f, 0xe0, 0xf3, 0xfe, 0xfe, 0x65, 0x6e,
    0x78, 0x82, 0xe2, 0xf5, 0xfd, 0xfd, 0x63, 0x6c, 0x76, 0x80, 0xe0, 0xf4,
    0xfe, 0xfe, 0x65, 0x6f, 0x78, 0x82, 0xe3, 0xf6, 0xfd, 0xfd, 0x62, 0x6c,
    0xb3, 0xbd, 0x00, 0x00, 0x1c, 0x4c, 0x90, 0x9a, 0xb7, 0xc0, 0x00, 0x00,
    0x19, 0x49, 0x8d, 0x97, 0xb4, 0xbd, 0x00, 0x00, 0x1b, 0x4c, 0x91, 0x9a,
    0xb7, 0xc1, 0x00, 0x00, 0x18, 0x49, 0x8c, 0x96, 0xc6, 0xd0, 0x09, 0x12,
    0x26, 0x56, 0xa3, 0xad, 0xca, 0xd4, 0x06, 0x0f, 0x23, 0x53, 0xa0, 0xaa,
    0xc7, 0xd1, 0x08, 0x12, 0x25, 0x55, 0xa4, 0xae, 0xcb, 0xd4, 0x05, 0x0f,
    0x22, 0x52, 0xa0, 0xa9, 0xfc, 0xfc, 0x2f, 0x39, 0x43, 0x60, 0xdd, 0xf1,
    0xfb, 0xfb, 0x2c, 0x36, 0x40, 0x5d, 0xda, 0xee, 0xfc, 0xfc, 0x2f, 0x38,
    0x42, 0x5f, 0xde, 0xf1, 0xfb, 0xfb, 0x2c, 0x35, 0x3f, 0x5c, 0xda, 0xed,
    0xfc, 0xfc, 0x69, 0x73, 0x7d, 0x86, 0xe7, 0xfa, 0xfb, 0xfb, 0x66, 0x70,
    0x7a, 0x83, 0xe4, 0xf7, 0xfc, 0xfc, 0x69, 0x72, 0x7c, 0x86, 0xe8, 0xfa,
    0xfb, 0xfb, 0x66, 0x6f, 0x79, 0x83, 0xe3, 0xf7, 0x16, 0x46, 0x8a, 0x94,
    0xb1, 0xba, 0x00, 0x00, 0x14, 0x45, 0x88, 0x92, 0xaf, 0xb8, 0x00, 0x00,
    0x17, 0x47, 0x8b, 0x94, 0xb1, 0xbb, 0x00, 0x00, 0x14, 0x44, 0x88, 0x91,
    0xae, 0xb8, 0x00, 0x00, 0x20, 0x50, 0x9d, 0xa7, 0xc4, 0xce, 0x02, 0x0b,
    0x1e, 0x4e, 0x9c, 0xa5, 0xc2, 0xcc, 0x03, 0x0d, 0x20, 0x51, 0x9e, 0xa8,
    0xc5, 0xce, 0x01, 0x0a, 0x1d, 0x4e, 0x9b, 0xa5, 0xc2, 0xcb, 0x03, 0x0c,
    0x3d, 0x5a, 0xd7, 0xeb, 0xfd, 0xfd, 0x28, 0x31, 0x3b, 0x58, 0xd5, 0xe9,
    0xfe, 0xfe, 0x2a, 0x34, 0x3d, 0x5a, 0xd8, 0xeb, 0xfd, 0xfd, 0x27, 0x31,
    0x3a, 0x57, 0xd5, 0xe8, 0xfe, 0xfe, 0x29, 0x33, 0x77, 0x80, 0xe1, 0xf4,
    0xfd, 0xfd, 0x62, 0x6b, 0x75, 0x7f, 0xdf, 0xf2, 0xfe, 0xfe, 0x64, 0x6e,
    0x77, 0x81, 0xe2, 0xf5, 0xfd, 0xfd, 0x61, 0x6b, 0x74, 0x7e, 0xdf, 0xf2,
    0xfe, 0xfe, 0x63, 0x6d, 0xb5, 0xbf, 0x00, 0x00, 0x1a, 0x4b, 0x8e, 0x98,
    0xb5, 0xbf, 0x00, 0x00, 0x1b, 0x4c, 0x8f, 0x99, 0xb6, 0xc0, 0x00, 0x00,
    0x1a, 0x4a, 0x8e, 0x97, 0xb4, 0xbe, 0x00, 0x00, 0x1b, 0x4b, 0x8f, 0x98,
    0xc9, 0xd2, 0x07, 0x11, 0x24, 0x54, 0xa2, 0xab, 0xc8, 0xd2, 0x08, 0x12,
    0x25, 0x55, 0xa3, 0xac, 0xc9, 0xd3, 0x06, 0x10, 0x23, 0x54, 0xa1, 0xab,
    0xc8, 0xd1, 0x08, 0x11, 0x25, 0x55, 0xa2, 0xac, 0xfb, 0xfb, 0x2e, 0x37,
    0x41, 0x5e, 0xdc, 0xef, 0xfc, 0xfc, 0x2f, 0x38, 0x42, 0x5f, 0xdd, 0xf0,
    0xfb, 0xfb, 0x2d, 0x37, 0x40, 0x5d, 0xdb, 0xee, 0xfc, 0xfc, 0x2e, 0x38,
    0x42, 0x5f, 0xdc, 0xef, 0xfb, 0xfb, 0x68, 0x71, 0x7b, 0x85, 0xe5, 0xf9,
    0xfc, 0xfc, 0x69, 0x72, 0x7c, 0x86, 0xe6, 0xfa, 0xfb, 0xfb, 0x67, 0x71,
    0x7a, 0x84, 0xe5, 0xf8, 0xfc, 0xfc, 0x68, 0x72, 0x7c, 0x85, 0xe6, 0xf9,
    0x15, 0x46, 0x89, 0x93, 0xb0, 0xba, 0x00, 0x00, 0x18, 0x48, 0x8c, 0x95,
    0xb2, 0xbc, 0x00, 0x00, 0x15, 0x45, 0x89, 0x92, 0xaf, 0xb9, 0x00, 0x00,
    0x17, 0x48, 0x8b, 0x95, 0xb2, 0xbc, 0x00, 0x00, 0x1f, 0x4f, 0x9d, 0xa6,
    0xc3, 0xcd, 0x05, 0x0e, 0x22, 0x52, 0x9f, 0xa9, 0xc6, 0xcf, 0x02, 0x0b,
    0x1f, 0x4f, 0x9c, 0xa6, 0xc3, 0xcc, 0x04, 0x0e, 0x21, 0x51, 0x9f, 0xa8,
    0xc5, 0xcf, 0x02, 0x0c,
};

unsigned char _matrix600_Text[1024] = {
    0x98, 0xeb, 0xeb, 0x65, 0xa3, 0xea, 0xea, 0x59, 0x9a, 0xeb, 0xeb, 0x60,
    0xa0, 0xea, 0xea, 0x57, 0x99, 0xeb, 0xeb, 0x65, 0xa4, 0xea, 0xea, 0x5a,
    0x9b, 0xeb, 0xeb, 0x61, 0xa2, 0xea, 0xea, 0x58, 0xfa, 0x00, 0x00, 0xcc,
    0xe7, 0x03, 0x03, 0xfb, 0xfb, 0x00, 0x00, 0xc7, 0xe6, 0x02, 0x02, 0xf9,
    0xf9, 0x00, 0x00, 0xc9, 0xe7, 0x03, 0x03, 0xfc, 0xfc, 0x00, 0x00, 0xc8,
    0xe6, 0x02, 0x02, 0xfa, 0xfa, 0x2b, 0x70, 0xf0, 0xf0, 0x48, 0x8c, 0xfb,
    0xfb, 0x30, 0x76, 0xef, 0xef, 0x46, 0x8a, 0xf9, 0xf9, 0x2c, 0x71, 0xf0,
    0xf0, 0x49, 0x8d, 0xfc, 0xfc, 0x31, 0x77, 0xef, 0xef, 0x47, 0x8a, 0xfa,
    0x2a, 0xae, 0xd4, 0x04, 0x04, 0xc4, 0xe5, 0x21, 0x21, 0xb4, 0xd9, 0x07,
    0x07, 0xc3, 0xe4, 0x2a, 0x2a, 0xaf, 0xd5, 0x04, 0x04, 0xc4, 0xe5, 0x23,
    0x23, 0xb5, 0xd9, 0x07, 0x07, 0xc3, 0xe4, 0x29, 0xad, 0xe9, 0xe9, 0x4c,
    0x8e, 0xed, 0xed, 0x67, 0xa7, 0xe9, 0xe9, 0x53, 0x95, 0xec, 0xec, 0x6f,
    0xad, 0xe9, 0xe9, 0x4d, 0x8f, 0xed, 0xed, 0x69, 0xa8, 0xe9, 0xe9, 0x54,
    0x96, 0xec, 0xec, 0x70, 0xe8, 0x01, 0x01, 0xf2, 0xf2, 0x00, 0x00, 0xcd,
    0xe8, 0x01, 0x01, 0xf5, 0xf5, 0x00, 0x00, 0xd2, 0xe8, 0x01, 0x01, 0xf2,
    0xf2, 0x00, 0x00, 0xce, 0xe8, 0x01, 0x01, 0xf6, 0xf6, 0x00, 0x00, 0xd3,
    0xf1, 0x3b, 0x80, 0xf2, 0xf2, 0x32, 0x78, 0xf1, 0xf1, 0x42, 0x86, 0xf5,
    0xf5, 0x38, 0x7e, 0xf1, 0xf1, 0x3d, 0x81, 0xf2, 0xf2, 0x32, 0x79, 0xf1,
    0xf1, 0x43, 0x87, 0xf6, 0xf6, 0x39, 0x7f, 0xf1, 0x0f, 0xbe, 0xdf, 0x11,
    0x11, 0xb6, 0xda, 0x08, 0x08, 0xc1, 0xe2, 0x1d, 0x1d, 0xbc, 0xde, 0x0d,
    0x0d, 0xbe, 0xdf, 0x13, 0x13, 0xb7, 0xdb, 0x08, 0x08, 0xc1, 0xe2, 0x1f,
    0x1f, 0xbd, 0xde, 0x0f, 0x9c, 0xeb, 0xeb, 0x5e, 0x9e, 0xea, 0xea, 0x55,
    0x97, 0xeb, 0xeb, 0x62, 0xa5, 0xea, 0xea, 0x5b, 0x9d, 0xeb, 0xeb, 0x5f,
    0x9f, 0xea, 0xea, 0x56, 0x98, 0xeb, 0xeb, 0x64, 0xa6, 0xea, 0xea, 0x5d,
    0xfd, 0x00, 0x00, 0xc6, 0xe6, 0x02, 0x02, 0xf7, 0xf7, 0x00, 0x00, 0xca,
    0xe7, 0x03, 0x03, 0xfe, 0xfe, 0x00, 0x00, 0xc6, 0xe6, 0x02, 0x02, 0xf8,
    0xf8, 0x00, 0x00, 0xcb, 0xe7, 0x03, 0x03, 0xfd, 0xfd, 0x2e, 0x74, 0xef,
    0xef, 0x44, 0x88, 0xf7, 0xf7, 0x2d, 0x72, 0xf0, 0xf0, 0x4a, 0x8b, 0xfe,
    0xfe, 0x2f, 0x75, 0xef, 0xef, 0x45, 0x89, 0xf8, 0xf8, 0x2e, 0x73, 0xf0,
    0xf0, 0x4b, 0x8b, 0xfd, 0x26, 0xb2, 0xd7, 0x06, 0x06, 0xc2, 0xe3, 0x27,
    0x27, 0xb0, 0xd6, 0x05, 0x05, 0xc5, 0xe5, 0x25, 0x25, 0xb3, 0xd8, 0x06,
    0x06, 0xc2, 0xe3, 0x27, 0x27, 0xb1, 0xd6, 0x05, 0x05, 0xc5, 0xe5, 0x26,
    0xa9, 0xe9, 0xe9, 0x50, 0x92, 0xec, 0xec, 0x6c, 0xab, 0xe9, 0xe9, 0x4e,
    0x90, 0xee, 0xee, 0x6a, 0xaa, 0xe9, 0xe9, 0x52, 0x94, 0xec, 0xec, 0x6e,
    0xac, 0xe9, 0xe9, 0x4f, 0x91, 0xee, 0xee, 0x6b, 0xe8, 0x01, 0x01, 0xf4,
    0xf4, 0x00, 0x00, 0xd1, 0xe8, 0x01, 0x01, 0xf3, 0xf3, 0x00, 0x00, 0xcf,
    0xe8, 0x01, 0x01, 0xf4, 0xf4, 0x00, 0x00, 0xd1, 0xe8, 0x01, 0x01, 0xf3,
    0xf3, 0x00, 0x00, 0xd0, 0xf1, 0x40, 0x84, 0xf4, 0xf4, 0x35, 0x7c, 0xf1,
    0xf1, 0x3f, 0x82, 0xf3, 0xf3, 0x33, 0x7a, 0xf1, 0xf1, 0x41, 0x85, 0xf4,
    0xf4, 0x37, 0x7d, 0xf1, 0xf1, 0x3f, 0x83, 0xf3, 0xf3, 0x34, 0x7b, 0xf1,
    0x0b, 0xc0, 0xe1, 0x19, 0x19, 0xba, 0xdd, 0x0a, 0x0a, 0xbf, 0xe8, 0x15,
    0x15, 0xb8, 0xdc, 0x09, 0x09, 0xc0, 0xe1, 0x1b, 0x1b, 0xbb, 0xdd, 0x0c,
    0x0c, 0xbf, 0xe0, 0x17, 0x17, 0xb9, 0xdc, 0x0b, 0x99, 0xeb, 0xeb, 0x66,
    0xa4, 0xea, 0xea, 0x5a, 0x9b, 0xeb, 0xeb, 0x61, 0xa2, 0xea, 0xea, 0x58,
    0x98, 0xeb, 0xeb, 0x65, 0xa3, 0xea, 0xea, 0x59, 0x9a, 0xeb, 0xeb, 0x60,
    0xa1, 0xea, 0xea, 0x57, 0xf9, 0x00, 0x00, 0xc9, 0xe7, 0x03, 0x03, 0xfc,
    0xfc, 0x00, 0x00, 0xc8, 0xe6, 0x02, 0x02, 0xfa, 0xfa, 0x00, 0x00, 0xcc,
    0xe7, 0x03, 0x03, 0xfb, 0xfb, 0x00, 0x00, 0xc7, 0xe6, 0x02, 0x02, 0xf9,
    0xf9, 0x2c, 0x71, 0xf0, 0xf0, 0x49, 0x8d, 0xfc, 0xfc, 0x31, 0x77, 0xef,
    0xef, 0x47, 0x8a, 0xfa, 0xfa, 0x2b, 0x70, 0xf0, 0xf0, 0x48, 0x8c, 0xfb,
    0xfb, 0x30, 0x76, 0xef, 0xef, 0x46, 0x8a, 0xf9, 0x29, 0xaf, 0xd5, 0x04,
    0x04, 0xc4, 0xe5, 0x24, 0x24, 0xb5, 0xd9, 0x07, 0x07, 0xc3, 0xe4, 0x2a,
    0x2a, 0xae, 0xd4, 0x04, 0x04, 0xc4, 0xe5, 0x22, 0x22, 0xb4, 0xd9, 0x07,
    0x07, 0xc3, 0xe4, 0x29, 0xad, 0xe9, 0xe9, 0x4d, 0x8f, 0xed, 0xed, 0x69,
    0xa8, 0xe9, 0xe9, 0x54, 0x96, 0xec, 0xec, 0x70, 0xad, 0xe9, 0xe9, 0x4c,
    0x8e, 0xed, 0xed, 0x68, 0xa7, 0xe9, 0xe9, 0x53, 0x95, 0xec, 0xec, 0x6f,
    0xe8, 0x01, 0x01, 0xf2, 0xf2, 0x00, 0x00, 0xce, 0xe8, 0x01, 0x01, 0xf6,
    0xf6, 0x00, 0x00, 0xd3, 0xe8, 0x01, 0x01, 0xf2, 0xf2, 0x00, 0x00, 0xcd,
    0xe8, 0x01, 0x01, 0xf5, 0xf5, 0x00, 0x00, 0xd2, 0xf1, 0x3e, 0x81, 0xf2,
    0xf2, 0x32, 0x79, 0xf1, 0xf1, 0x43, 0x87, 0xf6, 0xf6, 0x3a, 0x7f, 0xf1,
    0xf1, 0x3c, 0x80, 0xf2, 0xf2, 0x32, 0x78, 0xf1, 0xf1, 0x42, 0x86, 0xf5,
    0xf5, 0x39, 0x7e, 0xf1, 0x0e, 0xbe, 0xdf, 0x14, 0x14, 0xb7, 0xdb, 0x08,
    0x08, 0xc1, 0xe2, 0x20, 0x20, 0xbd, 0xde, 0x10, 0x10, 0xbe, 0xdf, 0x12,
    0x12, 0xb6, 0xda, 0x08, 0x08, 0xc1, 0xe2, 0x1e, 0x1e, 0xbc, 0xde, 0x0e,
    0x9d, 0xeb, 0xeb, 0x5f, 0x9f, 0xea, 0xea, 0x56, 0x98, 0xeb, 0xeb, 0x64,
    0xa6, 0xea, 0xea, 0x5d, 0x9c, 0xeb, 0xeb, 0x5e, 0x9e, 0xea, 0xea, 0x55,
    0x97, 0xeb, 0xeb, 0x63, 0xa5, 0xea, 0xea, 0x5c, 0xfe, 0x00, 0x00, 0xc6,
    0xe6, 0x02, 0x02, 0xf8, 0xf8, 0x00, 0x00, 0xcb, 0xe7, 0x03, 0x03, 0xfd,
    0xfd, 0x00, 0x00, 0xc6, 0xe6, 0x02, 0x02, 0xf7, 0xf7, 0x00, 0x00, 0xca,
    0xe7, 0x03, 0x03, 0xfe, 0xfe, 0x2f, 0x75, 0xef, 0xef, 0x45, 0x89, 0xf8,
    0xf8, 0x2e, 0x73, 0xf0, 0xf0, 0x4b, 0x8b, 0xfd, 0xfd, 0x2e, 0x74, 0xef,
    0xef, 0x44, 0x88, 0xf7, 0xf7, 0x2d, 0x72, 0xf0, 0xf0, 0x4a, 0x8b, 0xfe,
    0x25, 0xb3, 0xd8, 0x06, 0x06, 0xc2, 0xe3, 0x27, 0x27, 0xb1, 0xd6, 0x05,
    0x05, 0xc5, 0xe5, 0x26, 0x26, 0xb2, 0xd7, 0x06, 0x06, 0xc2, 0xe3, 0x27,
    0x27, 0xb0, 0xd6, 0x05, 0x05, 0xc5, 0xe5, 0x25, 0xaa, 0xe9, 0xe9, 0x52,
    0x94, 0xec, 0xec, 0x6e, 0xac, 0xe9, 0xe9, 0x4f, 0x91, 0xee, 0xee, 0x6b,
    0xa9, 0xe9, 0xe9, 0x51, 0x93, 0xec, 0xec, 0x6d, 0xab, 0xe9, 0xe9, 0x4e,
    0x90, 0xee, 0xee, 0x6a, 0xe8, 0x01, 0x01, 0xf4, 0xf4, 0x00, 0x00, 0xd1,
    0xe8, 0x01, 0x01, 0xf3, 0xf3, 0x00, 0x00, 0xd0, 0xe8, 0x01, 0x01, 0xf4,
    0xf4, 0x00, 0x00, 0xd1, 0xe8, 0x01, 0x01, 0xf3, 0xf3, 0x00, 0x00, 0xcf,
    0xf1, 0x41, 0x85, 0xf4, 0xf4, 0x37, 0x7d, 0xf1, 0xf1, 0x3f, 0x83, 0xf3,
    0xf3, 0x34, 0x7b, 0xf1, 0xf1, 0x40, 0x84, 0xf4, 0xf4, 0x36, 0x7c, 0xf1,
    0xf1, 0x3f, 0x82, 0xf3, 0xf3, 0x33, 0x7a, 0xf1, 0x09, 0xc0, 0xe1, 0x1c,
    0x1c, 0xbb, 0xdd, 0x0c, 0x0c, 0xbf, 0xe0, 0x18, 0x18, 0xb9, 0xdc, 0x0b,
    0x0b, 0xc0, 0xe1, 0x1a, 0x1a, 0xba, 0xdd, 0x0a, 0x0a, 0xbf, 0xe8, 0x16,
    0x16, 0xb8, 0xdc, 0x09,
};

unsigned char _matrixHQ1200_Graphics[1024] = {
    0x00, 0x00, 0x00, 0x00, 0x49, 0x4d, 0x6a, 0x6e, 0x8c, 0x90, 0xab, 0xaf,
    0xb3, 0xb7, 0xbb, 0xbf, 0x00, 0x00, 0x00, 0x00, 0x49, 0x4d, 0x6a, 0x6e,
    0x8c, 0x90, 0xab, 0xaf, 0xb3, 0xb7, 0xbb, 0xbf, 0x00, 0x00, 0x00, 0x00,
    0x4b, 0x4f, 0x6c, 0x70, 0x8e, 0x92, 0xad, 0xb1, 0xb5, 0xb9, 0xbd, 0xc1,
    0x00, 0x00, 0x00, 0x00, 0x4b, 0x4f, 0x6c, 0x70, 0x8e, 0x92, 0xad, 0xb1,
    0xb5, 0xb9, 0xbd, 0xc1, 0x03, 0x10, 0x19, 0x1f, 0x51, 0x55, 0x72, 0x76,
    0x94, 0x98, 0xc4, 0xcb, 0xd3, 0xd9, 0xde, 0xe3, 0x04, 0x12, 0x1b, 0x20,
    0x51, 0x55, 0x72, 0x76, 0x94, 0x98, 0xc5, 0xcc, 0xd4, 0xda, 0xde, 0xe3,
    0x08, 0x15, 0x1d, 0x23, 0x53, 0x57, 0x74, 0x78, 0x96, 0x9a, 0xc8, 0xcf,
    0xd6, 0xdc, 0xe0, 0xe4, 0x0a, 0x16, 0x22, 0x24, 0x53, 0x57, 0x74, 0x78,
    0x96, 0x9a, 0xc9, 0xd0, 0xd6, 0xdc, 0xe1, 0xe4, 0x27, 0x2b, 0x30, 0x34,
    0x59, 0x5d, 0x7a, 0x7e, 0x9c, 0xa0, 0xe5, 0xe9, 0xfd, 0xfd, 0xfd, 0xfd,
    0x27, 0x2b, 0x30, 0x34, 0x59, 0x5d, 0x7a, 0x7e, 0x9c, 0xa0, 0xe5, 0xe9,
    0xfa, 0xfa, 0xfa, 0xfa, 0x29, 0x2d, 0x32, 0x36, 0x5b, 0x5f, 0x7c, 0x80,
    0x9e, 0xa2, 0xe7, 0xeb, 0xfd, 0xfd, 0xfd, 0xfd, 0x29, 0x2d, 0x32, 0x36,
    0x5b, 0x5f, 0x7c, 0x80, 0x9e, 0xa2, 0xe7, 0xeb, 0xfa, 0xfa, 0xfa, 0xfa,
    0x38, 0x3d, 0x41, 0x45, 0x61, 0x66, 0x82, 0x86, 0xa3, 0xa7, 0xed, 0xf7,
    0xfd, 0xfd, 0xfd, 0xfd, 0x39, 0x3d, 0x41, 0x45, 0x61, 0x66, 0x82, 0x86,
    0xa3, 0xa7, 0xef, 0xf7, 0xfc, 0xfc, 0xfc, 0xfc, 0x3b, 0x3f, 0x43, 0x47,
    0x64, 0x68, 0x84, 0x88, 0xa5, 0xa9, 0xf4, 0xf7, 0xfd, 0xfd, 0xfd, 0xfd,
    0x3b, 0x3f, 0x43, 0x46, 0x64, 0x68, 0x84, 0x88, 0xa5, 0xa9, 0xf4, 0xf7,
    0xfc, 0xfc, 0xfc, 0xfc, 0x8a, 0x8f, 0xaa, 0xae, 0xb2, 0xb6, 0xba, 0xbe,
    0x00, 0x00, 0x00, 0x00, 0x4a, 0x4e, 0x6b, 0x6f, 0x8b, 0x8f, 0xaa, 0xae,
    0xb2, 0xb6, 0xba, 0xbe, 0x00, 0x00, 0x00, 0x01, 0x4a, 0x4e, 0x6b, 0x6f,
    0x8d, 0x91, 0xac, 0xb0, 0xb4, 0xb8, 0xbc, 0xc0, 0x00, 0x00, 0x00, 0x00,
    0x4c, 0x50, 0x6d, 0x71, 0x8d, 0x91, 0xac, 0xb0, 0xb4, 0xb8, 0xbc, 0xc0,
    0x00, 0x00, 0x00, 0x01, 0x4c, 0x50, 0x6d, 0x71, 0x93, 0x97, 0xc2, 0xc6,
    0xd5, 0xdb, 0xdd, 0xe2, 0x05, 0x13, 0x1c, 0x21, 0x52, 0x56, 0x73, 0x77,
    0x93, 0x97, 0xc2, 0xc6, 0xd5, 0xdb, 0xdd, 0xe2, 0x06, 0x14, 0x1c, 0x22,
    0x52, 0x56, 0x73, 0x77, 0x95, 0x99, 0xc7, 0xce, 0xd8, 0xdd, 0xdf, 0xe4,
    0x0c, 0x17, 0x1e, 0x25, 0x54, 0x58, 0x75, 0x79, 0x95, 0x99, 0xc6, 0xcd,
    0xd7, 0xdd, 0xdf, 0xe4, 0x0e, 0x18, 0x1e, 0x25, 0x54, 0x58, 0x75, 0x79,
    0x9b, 0x9f, 0xe6, 0xea, 0xfe, 0xfe, 0xfe, 0xfe, 0x28, 0x2c, 0x31, 0x35,
    0x5a, 0x5e, 0x7b, 0x7f, 0x9b, 0x9f, 0xe6, 0xea, 0xf9, 0xf9, 0xf9, 0xf9,
    0x28, 0x2c, 0x31, 0x35, 0x5a, 0x5e, 0x7b, 0x7f, 0x9d, 0xa1, 0xe8, 0xec,
    0xfe, 0xfe, 0xfe, 0xfe, 0x2a, 0x2e, 0x33, 0x37, 0x5c, 0x60, 0x7d, 0x81,
    0x9d, 0xa1, 0xe8, 0xec, 0xf9, 0xf9, 0xf9, 0xf9, 0x2a, 0x2f, 0x33, 0x37,
    0x5c, 0x60, 0x7d, 0x81, 0xa3, 0xa6, 0xf3, 0xf8, 0xfe, 0xfe, 0xfe, 0xfe,
    0x3a, 0x3d, 0x42, 0x46, 0x62, 0x67, 0x83, 0x87, 0xa3, 0xa6, 0xf1, 0xf8,
    0xfb, 0xfb, 0xfb, 0xfb, 0x3a, 0x3e, 0x42, 0x45, 0x63, 0x67, 0x83, 0x87,
    0xa4, 0xa8, 0xf5, 0xf8, 0xfe, 0xfe, 0xfe, 0xfe, 0x3c, 0x40, 0x44, 0x48,
    0x65, 0x69, 0x85, 0x89, 0xa4, 0xa8, 0xf5, 0xf8, 0xfb, 0xfb, 0xfb, 0xfb,
    0x3c, 0x40, 0x44, 0x48, 0x65, 0x69, 0x85, 0x89, 0x00, 0x00, 0x00, 0x00,
    0x49, 0x4d, 0x6a, 0x6e, 0x8c, 0x90, 0xab, 0xaf, 0xb3, 0xb7, 0xbb, 0xbf,
    0x00, 0x00, 0x00, 0x00, 0x49, 0x4d, 0x6a, 0x6e, 0x8c, 0x90, 0xab, 0xaf,
    0xb3, 0xb7, 0xbb, 0xbf, 0x00, 0x00, 0x00, 0x00, 0x4b, 0x4f, 0x6c, 0x70,
    0x8e, 0x92, 0xad, 0xb1, 0xb5, 0xb9, 0xbd, 0xc1, 0x00, 0x00, 0x00, 0x00,
    0x4b, 0x4f, 0x6c, 0x70, 0x8e, 0x92, 0xad, 0xb1, 0xb5, 0xb9, 0xbd, 0xc1,
    0x04, 0x12, 0x1b, 0x20, 0x51, 0x55, 0x72, 0x76, 0x94, 0x98, 0xc3, 0xc7,
    0xcf, 0xda, 0xde, 0xe3, 0x03, 0x11, 0x1a, 0x1f, 0x51, 0x55, 0x72, 0x76,
    0x94, 0x98, 0xc4, 0xcb, 0xd3, 0xd9, 0xde, 0xe3, 0x0b, 0x16, 0x22, 0x24,
    0x53, 0x57, 0x74, 0x78, 0x96, 0x9a, 0xc5, 0xcc, 0xd4, 0xda, 0xe1, 0xe4,
    0x09, 0x15, 0x1d, 0x23, 0x53, 0x57, 0x74, 0x78, 0x96, 0x9a, 0xc8, 0xcf,
    0xd6, 0xdc, 0xe0, 0xe4, 0x27, 0x2b, 0x30, 0x34, 0x59, 0x5d, 0x7a, 0x7e,
    0x9c, 0xa0, 0xe5, 0xe9, 0xfa, 0xfa, 0xfa, 0xfa, 0x27, 0x2b, 0x30, 0x34,
    0x59, 0x5d, 0x7a, 0x7e, 0x9c, 0xa0, 0xe5, 0xe9, 0xfd, 0xfd, 0xfd, 0xfd,
    0x29, 0x2d, 0x32, 0x36, 0x5b, 0x5f, 0x7c, 0x80, 0x9e, 0xa2, 0xe7, 0xeb,
    0xfa, 0xfa, 0xfa, 0xfa, 0x29, 0x2d, 0x32, 0x36, 0x5b, 0x5f, 0x7c, 0x80,
    0x9e, 0xa2, 0xe7, 0xeb, 0xfd, 0xfd, 0xfd, 0xfd, 0x39, 0x3d, 0x41, 0x45,
    0x61, 0x66, 0x82, 0x86, 0xa3, 0xa7, 0xf0, 0xf7, 0xfc, 0xfc, 0xfc, 0xfc,
    0x38, 0x3d, 0x41, 0x45, 0x61, 0x66, 0x82, 0x86, 0xa3, 0xa7, 0xee, 0xf7,
    0xfd, 0xfd, 0xfd, 0xfd, 0x3b, 0x3f, 0x43, 0x46, 0x64, 0x68, 0x84, 0x88,
    0xa5, 0xa9, 0xf4, 0xf7, 0xfc, 0xfc, 0xfc, 0xfc, 0x3b, 0x3f, 0x43, 0x47,
    0x64, 0x68, 0x84, 0x88, 0xa5, 0xa9, 0xf4, 0xf7, 0xfd, 0xfd, 0xfd, 0xfd,
    0x8b, 0x8f, 0xaa, 0xae, 0xb2, 0xb6, 0xba, 0xbe, 0x00, 0x00, 0x00, 0x02,
    0x4a, 0x4e, 0x6b, 0x6f, 0x8a, 0x8f, 0xaa, 0xae, 0xb2, 0xb6, 0xba, 0xbe,
    0x00, 0x00, 0x00, 0x00, 0x4a, 0x4e, 0x6b, 0x6f, 0x8d, 0x91, 0xac, 0xb0,
    0xb4, 0xb8, 0xbc, 0xc0, 0x00, 0x00, 0x00, 0x02, 0x4c, 0x50, 0x6d, 0x71,
    0x8d, 0x91, 0xac, 0xb0, 0xb4, 0xb8, 0xbc, 0xc0, 0x00, 0x00, 0x00, 0x00,
    0x4c, 0x50, 0x6d, 0x71, 0x93, 0x97, 0xc2, 0xc6, 0xd5, 0xdb, 0xdd, 0xe2,
    0x07, 0x14, 0x1c, 0x22, 0x52, 0x56, 0x73, 0x77, 0x93, 0x97, 0xc2, 0xc6,
    0xd5, 0xdb, 0xdd, 0xe2, 0x05, 0x13, 0x1c, 0x21, 0x52, 0x56, 0x73, 0x77,
    0x95, 0x99, 0xc6, 0xcd, 0xd7, 0xdd, 0xdf, 0xe4, 0x0f, 0x18, 0x1e, 0x25,
    0x54, 0x58, 0x75, 0x79, 0x95, 0x99, 0xc7, 0xce, 0xd8, 0xdd, 0xdf, 0xe4,
    0x0d, 0x17, 0x1e, 0x25, 0x54, 0x58, 0x75, 0x79, 0x9b, 0x9f, 0xe6, 0xea,
    0xf9, 0xf9, 0xf9, 0xf9, 0x28, 0x2c, 0x31, 0x35, 0x5a, 0x5e, 0x7b, 0x7f,
    0x9b, 0x9f, 0xe6, 0xea, 0xfe, 0xfe, 0xfe, 0xfe, 0x28, 0x2c, 0x31, 0x35,
    0x5a, 0x5e, 0x7b, 0x7f, 0x9d, 0xa1, 0xe8, 0xec, 0xf9, 0xf9, 0xf9, 0xf9,
    0x2a, 0x2f, 0x33, 0x37, 0x5c, 0x60, 0x7d, 0x81, 0x9d, 0xa1, 0xe8, 0xec,
    0xfe, 0xfe, 0xfe, 0xfe, 0x2a, 0x2e, 0x33, 0x37, 0x5c, 0x60, 0x7d, 0x81,
    0xa3, 0xa6, 0xf2, 0xf8, 0xfb, 0xfb, 0xfb, 0xfb, 0x3a, 0x3e, 0x42, 0x45,
    0x63, 0x67, 0x83, 0x87, 0xa3, 0xa6, 0xf3, 0xf8, 0xfe, 0xfe, 0xfe, 0xfe,
    0x3a, 0x3d, 0x42, 0x46, 0x62, 0x67, 0x83, 0x87, 0xa4, 0xa8, 0xf5, 0xf8,
    0xfb, 0xfb, 0xfb, 0xfb, 0x3c, 0x40, 0x44, 0x48, 0x65, 0x69, 0x85, 0x89,
    0xa4, 0xa8, 0xf5, 0xf8, 0xfe, 0xfe, 0xfe, 0xfe, 0x3c, 0x40, 0x44, 0x48,
    0x65, 0x69, 0x85, 0x89,
};

unsigned char _matrixHQ1200_Text[1024] = {
    0x00, 0x00, 0x1a, 0x40, 0xc0, 0xd6, 0xfa, 0xfa, 0x00, 0x00, 0x1e, 0x43,
    0xc4, 0xd8, 0xfc, 0xfc, 0x00, 0x00, 0x1b, 0x41, 0xc1, 0xd6, 0xfa, 0xfa,
    0x00, 0x00, 0x1f, 0x44, 0xc5, 0xd8, 0xfc, 0xfc, 0x00, 0x00, 0x2d, 0x52,
    0xce, 0xde, 0xfa, 0xfa, 0x00, 0x00, 0x35, 0x58, 0xd0, 0xe0, 0xfc, 0xfc,
    0x00, 0x00, 0x2f, 0x53, 0xce, 0xde, 0xfa, 0xfa, 0x00, 0x00, 0x36, 0x59,
    0xd0, 0xe0, 0xfc, 0xfc, 0x00, 0x00, 0x6a, 0x9b, 0xe6, 0xf6, 0xfa, 0xfa,
    0x00, 0x00, 0x70, 0x9f, 0xe8, 0xf7, 0xfc, 0xfc, 0x00, 0x00, 0x6b, 0x9c,
    0xe6, 0xf6, 0xfa, 0xfa, 0x00, 0x00, 0x71, 0xa0, 0xe8, 0xf7, 0xfc, 0xfc,
    0x00, 0x00, 0x87, 0xac, 0xee, 0xf6, 0xfa, 0xfa, 0x00, 0x00, 0x8d, 0xb0,
    0xf0, 0xf7, 0xfc, 0xfc, 0x00, 0x00, 0x88, 0xad, 0xee, 0xf6, 0xfa, 0xfa,
    0x00, 0x00, 0x8e, 0xb0, 0xf0, 0xf7, 0xfc, 0xfc, 0xcc, 0xdc, 0xfe, 0xfe,
    0x02, 0x02, 0x22, 0x49, 0xc9, 0xda, 0xfd, 0xfd, 0x04, 0x04, 0x26, 0x4d,
    0xcc, 0xdc, 0xfe, 0xfe, 0x02, 0x02, 0x23, 0x4a, 0xca, 0xda, 0xfd, 0xfd,
    0x04, 0x04, 0x27, 0x4e, 0xd4, 0xe4, 0xfe, 0xfe, 0x07, 0x07, 0x39, 0x5e,
    0xd2, 0xe2, 0xfd, 0xfd, 0x09, 0x09, 0x3c, 0x64, 0xd4, 0xe4, 0xfe, 0xfe,
    0x07, 0x07, 0x3a, 0x5f, 0xd2, 0xe2, 0xfd, 0xfd, 0x09, 0x09, 0x3c, 0x65,
    0xec, 0xf9, 0xfe, 0xfe, 0x0c, 0x0c, 0x77, 0xa3, 0xea, 0xf8, 0xfd, 0xfd,
    0x0e, 0x0e, 0x7f, 0xa8, 0xec, 0xf9, 0xfe, 0xfe, 0x0c, 0x0c, 0x79, 0xa4,
    0xea, 0xf8, 0xfd, 0xfd, 0x0e, 0x0e, 0x81, 0xa9, 0xf4, 0xf9, 0xfe, 0xfe,
    0x12, 0x13, 0x93, 0xb3, 0xf2, 0xf8, 0xfd, 0xfd, 0x16, 0x17, 0x97, 0xb9,
    0xf4, 0xf9, 0xfe, 0xfe, 0x12, 0x13, 0x94, 0xb4, 0xf2, 0xf8, 0xfd, 0xfd,
    0x16, 0x17, 0x98, 0xbb, 0x01, 0x01, 0x20, 0x46, 0xc7, 0xd9, 0xfd, 0xfd,
    0x00, 0x00, 0x1c, 0x42, 0xc2, 0xd7, 0xfb, 0xfb, 0x01, 0x01, 0x21, 0x47,
    0xc8, 0xd9, 0xfd, 0xfd, 0x00, 0x00, 0x1d, 0x42, 0xc3, 0xd7, 0xfb, 0xfb,
    0x06, 0x06, 0x37, 0x5b, 0xd1, 0xe1, 0xfd, 0xfd, 0x00, 0x00, 0x31, 0x55,
    0xcf, 0xdf, 0xfb, 0xfb, 0x06, 0x06, 0x38, 0x5c, 0xd1, 0xe1, 0xfd, 0xfd,
    0x00, 0x00, 0x33, 0x56, 0xcf, 0xdf, 0xfb, 0xfb, 0x0b, 0x0b, 0x73, 0xa1,
    0xe9, 0xf7, 0xfd, 0xfd, 0x00, 0x00, 0x6d, 0x9d, 0xe7, 0xf6, 0xfb, 0xfb,
    0x0b, 0x0b, 0x75, 0xa2, 0xe9, 0xf7, 0xfd, 0xfd, 0x00, 0x00, 0x6e, 0x9e,
    0xe7, 0xf6, 0xfb, 0xfb, 0x10, 0x11, 0x90, 0xb1, 0xf1, 0xf7, 0xfd, 0xfd,
    0x00, 0x00, 0x8a, 0xaf, 0xec, 0xf6, 0xfb, 0xfb, 0x10, 0x11, 0x92, 0xb2,
    0xf1, 0xf7, 0xfd, 0xfd, 0x00, 0x00, 0x8b, 0xaf, 0xec, 0xf6, 0xfb, 0xfb,
    0xcb, 0xdb, 0xfe, 0xfe, 0x05, 0x05, 0x29, 0x50, 0xcd, 0xdd, 0xfe, 0xfe,
    0x03, 0x03, 0x24, 0x4b, 0xcb, 0xdb, 0xfe, 0xfe, 0x05, 0x05, 0x2b, 0x51,
    0xcd, 0xdd, 0xfe, 0xfe, 0x03, 0x03, 0x25, 0x4c, 0xd3, 0xe3, 0xfe, 0xfe,
    0x0a, 0x0a, 0x3e, 0x67, 0xd5, 0xe5, 0xfe, 0xfe, 0x08, 0x08, 0x3b, 0x61,
    0xd3, 0xe3, 0xfe, 0xfe, 0x0a, 0x0a, 0x3e, 0x68, 0xd5, 0xe5, 0xfe, 0xfe,
    0x08, 0x08, 0x3b, 0x62, 0xeb, 0xf8, 0xfe, 0xfe, 0x0f, 0x0f, 0x83, 0xaa,
    0xed, 0xf9, 0xfe, 0xfe, 0x0d, 0x0d, 0x7b, 0xa5, 0xeb, 0xf8, 0xfe, 0xfe,
    0x0f, 0x0f, 0x85, 0xab, 0xed, 0xf9, 0xfe, 0xfe, 0x0d, 0x0d, 0x7d, 0xa6,
    0xf3, 0xf8, 0xfe, 0xfe, 0x18, 0x19, 0x99, 0xbe, 0xf5, 0xf9, 0xfe, 0xfe,
    0x14, 0x15, 0x95, 0xb5, 0xf3, 0xf8, 0xfe, 0xfe, 0x18, 0x19, 0x9a, 0xbf,
    0xf5, 0xf9, 0xfe, 0xfe, 0x14, 0x15, 0x96, 0xb7, 0x00, 0x00, 0x1b, 0x41,
    0xc1, 0xd6, 0xfa, 0xfa, 0x00, 0x00, 0x1f, 0x45, 0xc6, 0xd8, 0xfc, 0xfc,
    0x00, 0x00, 0x1a, 0x40, 0xc0, 0xd6, 0xfa, 0xfa, 0x00, 0x00, 0x1e, 0x43,
    0xc4, 0xd8, 0xfc, 0xfc, 0x00, 0x00, 0x30, 0x54, 0xce, 0xde, 0xfa, 0xfa,
    0x00, 0x00, 0x36, 0x5a, 0xd0, 0xe0, 0xfc, 0xfc, 0x00, 0x00, 0x2e, 0x52,
    0xce, 0xde, 0xfa, 0xfa, 0x00, 0x00, 0x35, 0x58, 0xd0, 0xe0, 0xfc, 0xfc,
    0x00, 0x00, 0x6c, 0x9c, 0xe6, 0xf6, 0xfa, 0xfa, 0x00, 0x00, 0x72, 0xa0,
    0xe8, 0xf7, 0xfc, 0xfc, 0x00, 0x00, 0x6a, 0x9b, 0xe6, 0xf6, 0xfa, 0xfa,
    0x00, 0x00, 0x70, 0x9f, 0xe8, 0xf7, 0xfc, 0xfc, 0x00, 0x00, 0x89, 0xae,
    0xee, 0xf6, 0xfa, 0xfa, 0x00, 0x00, 0x8f, 0xb0, 0xf0, 0xf7, 0xfc, 0xfc,
    0x00, 0x00, 0x87, 0xac, 0xee, 0xf6, 0xfa, 0xfa, 0x00, 0x00, 0x8d, 0xb0,
    0xf0, 0xf7, 0xfc, 0xfc, 0xcc, 0xdc, 0xfe, 0xfe, 0x02, 0x02, 0x23, 0x4a,
    0xca, 0xda, 0xfd, 0xfd, 0x04, 0x04, 0x28, 0x4f, 0xcc, 0xdc, 0xfe, 0xfe,
    0x02, 0x02, 0x22, 0x49, 0xc9, 0xda, 0xfd, 0xfd, 0x04, 0x04, 0x26, 0x4d,
    0xd4, 0xe4, 0xfe, 0xfe, 0x07, 0x07, 0x3a, 0x60, 0xd2, 0xe2, 0xfd, 0xfd,
    0x09, 0x09, 0x3d, 0x66, 0xd4, 0xe4, 0xfe, 0xfe, 0x07, 0x07, 0x39, 0x5e,
    0xd2, 0xe2, 0xfd, 0xfd, 0x09, 0x09, 0x3c, 0x64, 0xec, 0xf9, 0xfe, 0xfe,
    0x0c, 0x0c, 0x7a, 0xa4, 0xea, 0xf8, 0xfd, 0xfd, 0x0e, 0x0e, 0x82, 0xa9,
    0xec, 0xf9, 0xfe, 0xfe, 0x0c, 0x0c, 0x78, 0xa3, 0xea, 0xf8, 0xfd, 0xfd,
    0x0e, 0x0e, 0x80, 0xa8, 0xf4, 0xf9, 0xfe, 0xfe, 0x12, 0x13, 0x94, 0xb4,
    0xf2, 0xf8, 0xfd, 0xfd, 0x16, 0x17, 0x98, 0xbd, 0xf4, 0xf9, 0xfe, 0xfe,
    0x12, 0x13, 0x93, 0xb3, 0xf2, 0xf8, 0xfd, 0xfd, 0x16, 0x17, 0x97, 0xba,
    0x01, 0x01, 0x21, 0x48, 0xc8, 0xd9, 0xfd, 0xfd, 0x00, 0x00, 0x1d, 0x42,
    0xc3, 0xd7, 0xfb, 0xfb, 0x01, 0x01, 0x20, 0x46, 0xc7, 0xd9, 0xfd, 0xfd,
    0x00, 0x00, 0x1c, 0x42, 0xc2, 0xd7, 0xfb, 0xfb, 0x06, 0x06, 0x38, 0x5d,
    0xd1, 0xe1, 0xfd, 0xfd, 0x00, 0x00, 0x34, 0x57, 0xcf, 0xdf, 0xfb, 0xfb,
    0x06, 0x06, 0x37, 0x5b, 0xd1, 0xe1, 0xfd, 0xfd, 0x00, 0x00, 0x32, 0x55,
    0xcf, 0xdf, 0xfb, 0xfb, 0x0b, 0x0b, 0x76, 0xa2, 0xe9, 0xf7, 0xfd, 0xfd,
    0x00, 0x00, 0x6f, 0x9e, 0xe7, 0xf6, 0xfb, 0xfb, 0x0b, 0x0b, 0x74, 0xa1,
    0xe9, 0xf7, 0xfd, 0xfd, 0x00, 0x00, 0x6d, 0x9d, 0xe7, 0xf6, 0xfb, 0xfb,
    0x10, 0x11, 0x92, 0xb2, 0xf1, 0xf7, 0xfd, 0xfd, 0x00, 0x00, 0x8c, 0xaf,
    0xec, 0xf6, 0xfb, 0xfb, 0x10, 0x11, 0x91, 0xb1, 0xf1, 0xf7, 0xfd, 0xfd,
    0x00, 0x00, 0x8a, 0xaf, 0xec, 0xf6, 0xfb, 0xfb, 0xcb, 0xdb, 0xfe, 0xfe,
    0x05, 0x05, 0x2c, 0x51, 0xcd, 0xdd, 0xfe, 0xfe, 0x03, 0x03, 0x25, 0x4c,
    0xcb, 0xdb, 0xfe, 0xfe, 0x05, 0x05, 0x2a, 0x50, 0xcd, 0xdd, 0xfe, 0xfe,
    0x03, 0x03, 0x24, 0x4b, 0xd3, 0xe3, 0xfe, 0xfe, 0x0a, 0x0a, 0x3f, 0x69,
    0xd5, 0xe5, 0xfe, 0xfe, 0x08, 0x08, 0x3b, 0x63, 0xd3, 0xe3, 0xfe, 0xfe,
    0x0a, 0x0a, 0x3e, 0x67, 0xd5, 0xe5, 0xfe, 0xfe, 0x08, 0x08, 0x3b, 0x61,
    0xeb, 0xf8, 0xfe, 0xfe, 0x0f, 0x0f, 0x86, 0xab, 0xed, 0xf9, 0xfe, 0xfe,
    0x0d, 0x0d, 0x7e, 0xa7, 0xeb, 0xf8, 0xfe, 0xfe, 0x0f, 0x0f, 0x84, 0xaa,
    0xed, 0xf9, 0xfe, 0xfe, 0x0d, 0x0d, 0x7c, 0xa5, 0xf3, 0xf8, 0xfe, 0xfe,
    0x18, 0x19, 0x9a, 0xbf, 0xf5, 0xf9, 0xfe, 0xfe, 0x14, 0x15, 0x96, 0xb8,
    0xf3, 0xf8, 0xfe, 0xfe, 0x18, 0x19, 0x99, 0xbe, 0xf5, 0xf9, 0xfe, 0xfe,
    0x14, 0x15, 0x95, 0xb6,
};

unsigned char _white_table[512] = {
    0x00, 0x00, 0x00, 0x00, 0x00, 0x35, 0x00, 0x00, 0xfe, 0xff, 0xff, 0xff,
    0x00, 0x07, 0x00, 0x00, 0xfc, 0xff, 0xff, 0xff, 0x00, 0x07, 0x00, 0x00,
    0xfc, 0xff, 0xff, 0xff, 0x00, 0x08, 0x00, 0x00, 0xfc, 0xff, 0xff, 0xff,
    0x00, 0x0b, 0x00, 0x00, 0xfc, 0xff, 0xff, 0xff, 0x00, 0x0c, 0x00, 0x00,
    0xfc, 0xff, 0xff, 0xff, 0x00, 0x0e, 0x00, 0x00, 0xfc, 0xff, 0xff, 0xff,
    0x00, 0x0f, 0x00, 0x00, 0xfd, 0xff, 0xff, 0xff, 0x00, 0x13, 0x00, 0x00,
    0xfd, 0xff, 0xff, 0xff, 0x00, 0x14, 0x00, 0x00, 0xfd, 0xff, 0xff, 0xff,
    0x00, 0x07, 0x00, 0x00, 0xfd, 0xff, 0xff, 0xff, 0x00, 0x08, 0x00, 0x00,
    0xfe, 0xff, 0xff, 0xff, 0x00, 0x08, 0x00, 0x00, 0xfe, 0xff, 0xff, 0xff,
    0x00, 0x03, 0x00, 0x00, 0xfe, 0xff, 0xff, 0xff, 0x00, 0x34, 0x00, 0x00,
    0xfe, 0xff, 0xff, 0xff, 0x00, 0x35, 0x00, 0x00, 0xfe, 0xff, 0xff, 0xff,
    0x00, 0x2a, 0x00, 0x00, 0xfe, 0xff, 0xff, 0xff, 0x00, 0x2b, 0x00, 0x00,
    0xff, 0xff, 0xff, 0xff, 0x00, 0x27, 0x00, 0x00, 0xff, 0xff, 0xff, 0xff,
    0x00, 0x0c, 0x00, 0x00, 0xff, 0xff, 0xff, 0xff, 0x00, 0x08, 0x00, 0x00,
    0xff, 0xff, 0xff, 0xff, 0x00, 0x17, 0x00, 0x00, 0xff, 0xff, 0xff, 0xff,
    0x00, 0x03, 0x00, 0x00, 0xff, 0xff, 0xff, 0xff, 0x00, 0x04, 0x00, 0x00,
    0xff, 0xff, 0xff, 0xff, 0x00, 0x28, 0x00, 0x00, 0xff, 0xff, 0xff, 0xff,
    0x00, 0x2b, 0x00, 0x00, 0xff, 0xff, 0xff, 0xff, 0x00, 0x13, 0x00, 0x00,
    0xff, 0xff, 0xff, 0xff, 0x00, 0x24, 0x00, 0x00, 0xff, 0xff, 0xff, 0xff,
    0x00, 0x18, 0x00, 0x00, 0x00, 0x00, 0x00, 0x00, 0x00, 0x02, 0x00, 0x00,
    0x00, 0x00, 0x00, 0x00, 0x00, 0x03, 0x00, 0x00, 0x00, 0x00, 0x00, 0x00,
    0x00, 0x1a, 0x00, 0x00, 0x00, 0x00, 0x00, 0x00, 0x00, 0x1b, 0x00, 0x00,
    0x00, 0x00, 0x00, 0x00, 0x00, 0x12, 0x00, 0x00, 0x00, 0x00, 0x00, 0x00,
    0x00, 0x13, 0x00, 0x00, 0x00, 0x00, 0x00, 0x00, 0x00, 0x14, 0x00, 0x00,
    0x00, 0x00, 0x00, 0x00, 0x00, 0x15, 0x00, 0x00, 0x00, 0x00, 0x00, 0x00,
    0x00, 0x16, 0x00, 0x00, 0x00, 0x00, 0x00, 0x00, 0x00, 0x17, 0x00, 0x00,
    0x00, 0x00, 0x00, 0x00, 0x00, 0x28, 0x00, 0x00, 0x00, 0x00, 0x00, 0x00,
    0x00, 0x29, 0x00, 0x00, 0x00, 0x00, 0x00, 0x00, 0x00, 0x2a, 0x00, 0x00,
    0x00, 0x00, 0x00, 0x00, 0x00, 0x2b, 0x00, 0x00, 0x00, 0x00, 0x00, 0x00,
    0x00, 0x2c, 0x00, 0x00, 0x00, 0x00, 0x00, 0x00, 0x00, 0x2d, 0x00, 0x00,
    0x00, 0x00, 0x00, 0x00, 0x00, 0x04, 0x00, 0x00, 0x00, 0x00, 0x00, 0x00,
    0x00, 0x05, 0x00, 0x00, 0x00, 0x00, 0x00, 0x00, 0x00, 0x0a, 0x00, 0x00,
    0x00, 0x00, 0x00, 0x00, 0x00, 0x0b, 0x00, 0x00, 0x00, 0x00, 0x00, 0x00,
    0x00, 0x52, 0x00, 0x00, 0x00, 0x00, 0x00, 0x00, 0x00, 0x53, 0x00, 0x00,
    0x00, 0x00, 0x00, 0x00, 0x00, 0x54, 0x00, 0x00, 0x00, 0x00, 0x00, 0x00,
    0x00, 0x55, 0x00, 0x00, 0x00, 0x00, 0x00, 0x00, 0x00, 0x24, 0x00, 0x00,
    0x00, 0x00, 0x00, 0x00, 0x00, 0x25, 0x00, 0x00, 0x00, 0x00, 0x00, 0x00,
    0x00, 0x58, 0x00, 0x00, 0x00, 0x00, 0x00, 0x00, 0x00, 0x59, 0x00, 0x00,
    0x00, 0x00, 0x00, 0x00, 0x00, 0x5a, 0x00, 0x00, 0x00, 0x00, 0x00, 0x00,
    0x00, 0x5b, 0x00, 0x00, 0x00, 0x00, 0x00, 0x00, 0x00, 0x4a, 0x00, 0x00,
    0x00, 0x00, 0x00, 0x00, 0x00, 0x4b, 0x00, 0x00, 0x00, 0x00, 0x00, 0x00,
    0x00, 0x32, 0x00, 0x00, 0x00, 0x00, 0x00, 0x00, 0x00, 0x33, 0x00, 0x00,
    0x00, 0x00, 0x00, 0x00, 0x00, 0x34, 0x00, 0x00,
};

unsigned char _white_tablee[512] = {
    0xfd, 0xff, 0xff, 0xff, 0x00, 0x1b, 0x00, 0x00, 0xfd, 0xff, 0xff, 0xff,
    0x00, 0x12, 0x00, 0x00, 0xfe, 0xff, 0xff, 0xff, 0x00, 0x17, 0x00, 0x00,
    0xff, 0xff, 0xff, 0xff, 0x00, 0x37, 0x00, 0x00, 0x00, 0x00, 0x00, 0x00,
    0x00, 0x36, 0x00, 0x00, 0x00, 0x00, 0x00, 0x00, 0x00, 0x37, 0x00, 0x00,
    0x00, 0x00, 0x00, 0x00, 0x00, 0x64, 0x00, 0x00, 0x00, 0x00, 0x00, 0x00,
    0x00, 0x65, 0x00, 0x00, 0x00, 0x00, 0x00, 0x00, 0x00, 0x68, 0x00, 0x00,
    0x00, 0x00, 0x00, 0x00, 0x00, 0x67, 0x00, 0x00, 0x01, 0x00, 0x00, 0x00,
    0x00, 0xcc, 0x00, 0x00, 0x01, 0x00, 0x00, 0x00, 0x00, 0xcd, 0x00, 0x00,
    0x01, 0x00, 0x00, 0x00, 0x00, 0xd2, 0x00, 0x00, 0x01, 0x00, 0x00, 0x00,
    0x00, 0xd3, 0x00, 0x00, 0x01, 0x00, 0x00, 0x00, 0x00, 0xd4, 0x00, 0x00,
    0x01, 0x00, 0x00, 0x00, 0x00, 0xd5, 0x00, 0x00, 0x01, 0x00, 0x00, 0x00,
    0x00, 0xd6, 0x00, 0x00, 0x01, 0x00, 0x00, 0x00, 0x00, 0xd7, 0x00, 0x00,
    0x01, 0x00, 0x00, 0x00, 0x00, 0xd8, 0x00, 0x00, 0x01, 0x00, 0x00, 0x00,
    0x00, 0xd9, 0x00, 0x00, 0x01, 0x00, 0x00, 0x00, 0x00, 0xda, 0x00, 0x00,
    0x01, 0x00, 0x00, 0x00, 0x00, 0xdb, 0x00, 0x00, 0x01, 0x00, 0x00, 0x00,
    0x00, 0x98, 0x00, 0x00, 0x01, 0x00, 0x00, 0x00, 0x00, 0x99, 0x00, 0x00,
    0x01, 0x00, 0x00, 0x00, 0x00, 0x9a, 0x00, 0x00, 0xfe, 0xff, 0xff, 0xff,
    0x00, 0x18, 0x00, 0x00, 0x01, 0x00, 0x00, 0x00, 0x00, 0x9b, 0x00, 0x00,
    0x03, 0x00, 0x00, 0x00, 0x00, 0x08, 0x00, 0x00, 0x03, 0x00, 0x00, 0x00,
    0x00, 0x0c, 0x00, 0x00, 0x03, 0x00, 0x00, 0x00, 0x00, 0x0d, 0x00, 0x00,
    0x04, 0x00, 0x00, 0x00, 0x00, 0x12, 0x00, 0x00, 0x04, 0x00, 0x00, 0x00,
    0x00, 0x13, 0x00, 0x00, 0x04, 0x00, 0x00, 0x00, 0x00, 0x14, 0x00, 0x00,
    0x04, 0x00, 0x00, 0x00, 0x00, 0x15, 0x00, 0x00, 0x04, 0x00, 0x00, 0x00,
    0x00, 0x16, 0x00, 0x00, 0x04, 0x00, 0x00, 0x00, 0x00, 0x17, 0x00, 0x00,
    0x04, 0x00, 0x00, 0x00, 0x00, 0x1c, 0x00, 0x00, 0x04, 0x00, 0x00, 0x00,
    0x00, 0x1d, 0x00, 0x00, 0x04, 0x00, 0x00, 0x00, 0x00, 0x1e, 0x00, 0x00,
    0x04, 0x00, 0x00, 0x00, 0x00, 0x1f, 0x00, 0x00, 0x02, 0x00, 0x00, 0x00,
    0x00, 0x37, 0x00, 0x00, 0xfb, 0xff, 0xff, 0xff, 0x00, 0x02, 0x00, 0x00,
    0xfa, 0xff, 0xff, 0xff, 0x00, 0x03, 0x00, 0x00, 0xfa, 0xff, 0xff, 0xff,
    0x00, 0x02, 0x00, 0x00, 0xfb, 0xff, 0xff, 0xff, 0x00, 0x03, 0x00, 0x00,
    0xfc, 0xff, 0xff, 0xff, 0x00, 0x03, 0x00, 0x00, 0xfc, 0xff, 0xff, 0xff,
    0x00, 0x02, 0x00, 0x00, 0xfd, 0xff, 0xff, 0xff, 0x00, 0x03, 0x00, 0x00,
    0xfe, 0xff, 0xff, 0xff, 0x00, 0x05, 0x00, 0x00, 0xfe, 0xff, 0xff, 0xff,
    0x00, 0x04, 0x00, 0x00, 0xff, 0xff, 0xff, 0xff, 0x00, 0x04, 0x00, 0x00,
    0xff, 0xff, 0xff, 0xff, 0x00, 0x05, 0x00, 0x00, 0xff, 0xff, 0xff, 0xff,
    0x00, 0x07, 0x00, 0x00, 0x00, 0x00, 0x00, 0x00, 0x00, 0x04, 0x00, 0x00,
    0x00, 0x00, 0x00, 0x00, 0x00, 0x07, 0x00, 0x00, 0x01, 0x00, 0x00, 0x00,
    0x00, 0x18, 0x00, 0x00, 0x02, 0x00, 0x00, 0x00, 0x00, 0x17, 0x00, 0x00,
    0x02, 0x00, 0x00, 0x00, 0x00, 0x18, 0x00, 0x00, 0x02, 0x00, 0x00, 0x00,
    0x00, 0x08, 0x00, 0x00, 0x03, 0x00, 0x00, 0x00, 0x00, 0x67, 0x00, 0x00,
    0x03, 0x00, 0x00, 0x00, 0x00, 0x68, 0x00, 0x00, 0x03, 0x00, 0x00, 0x00,
    0x00, 0x6c, 0x00, 0x00, 0x03, 0x00, 0x00, 0x00, 0x00, 0x37, 0x00, 0x00,
    0x03, 0x00, 0x00, 0x00, 0x00, 0x28, 0x00, 0x00,
};

unsigned char _black_table[512] = {
    0x02, 0x00, 0x00, 0x00, 0x00, 0x37, 0x00, 0x00, 0xfb, 0xff, 0xff, 0xff,
    0x00, 0x02, 0x00, 0x00, 0xfa, 0xff, 0xff, 0xff, 0x00, 0x03, 0x00, 0x00,
    0xfa, 0xff, 0xff, 0xff, 0x00, 0x02, 0x00, 0x00, 0xfb, 0xff, 0xff, 0xff,
    0x00, 0x03, 0x00, 0x00, 0xfc, 0xff, 0xff, 0xff, 0x00, 0x03, 0x00, 0x00,
    0xfc, 0xff, 0xff, 0xff, 0x00, 0x02, 0x00, 0x00, 0xfd, 0xff, 0xff, 0xff,
    0x00, 0x03, 0x00, 0x00, 0xfe, 0xff, 0xff, 0xff, 0x00, 0x05, 0x00, 0x00,
    0xfe, 0xff, 0xff, 0xff, 0x00, 0x04, 0x00, 0x00, 0xff, 0xff, 0xff, 0xff,
    0x00, 0x04, 0x00, 0x00, 0xff, 0xff, 0xff, 0xff, 0x00, 0x05, 0x00, 0x00,
    0xff, 0xff, 0xff, 0xff, 0x00, 0x07, 0x00, 0x00, 0x00, 0x00, 0x00, 0x00,
    0x00, 0x04, 0x00, 0x00, 0x00, 0x00, 0x00, 0x00, 0x00, 0x07, 0x00, 0x00,
    0x01, 0x00, 0x00, 0x00, 0x00, 0x18, 0x00, 0x00, 0x02, 0x00, 0x00, 0x00,
    0x00, 0x17, 0x00, 0x00, 0x02, 0x00, 0x00, 0x00, 0x00, 0x18, 0x00, 0x00,
    0x02, 0x00, 0x00, 0x00, 0x00, 0x08, 0x00, 0x00, 0x03, 0x00, 0x00, 0x00,
    0x00, 0x67, 0x00, 0x00, 0x03, 0x00, 0x00, 0x00, 0x00, 0x68, 0x00, 0x00,
    0x03, 0x00, 0x00, 0x00, 0x00, 0x6c, 0x00, 0x00, 0x03, 0x00, 0x00, 0x00,
    0x00, 0x37, 0x00, 0x00, 0x03, 0x00, 0x00, 0x00, 0x00, 0x28, 0x00, 0x00,
    0x03, 0x00, 0x00, 0x00, 0x00, 0x17, 0x00, 0x00, 0x03, 0x00, 0x00, 0x00,
    0x00, 0x18, 0x00, 0x00, 0x04, 0x00, 0x00, 0x00, 0x00, 0xca, 0x00, 0x00,
    0x04, 0x00, 0x00, 0x00, 0x00, 0xcb, 0x00, 0x00, 0x04, 0x00, 0x00, 0x00,
    0x00, 0xcc, 0x00, 0x00, 0x04, 0x00, 0x00, 0x00, 0x00, 0xcd, 0x00, 0x00,
    0x04, 0x00, 0x00, 0x00, 0x00, 0x68, 0x00, 0x00, 0x04, 0x00, 0x00, 0x00,
    0x00, 0x69, 0x00, 0x00, 0x04, 0x00, 0x00, 0x00, 0x00, 0x6a, 0x00, 0x00,
    0x04, 0x00, 0x00, 0x00, 0x00, 0x6b, 0x00, 0x00, 0x04, 0x00, 0x00, 0x00,
    0x00, 0xd2, 0x00, 0x00, 0x04, 0x00, 0x00, 0x00, 0x00, 0xd3, 0x00, 0x00,
    0x04, 0x00, 0x00, 0x00, 0x00, 0xd4, 0x00, 0x00, 0x04, 0x00, 0x00, 0x00,
    0x00, 0xd5, 0x00, 0x00, 0x04, 0x00, 0x00, 0x00, 0x00, 0xd6, 0x00, 0x00,
    0x04, 0x00, 0x00, 0x00, 0x00, 0xd7, 0x00, 0x00, 0x04, 0x00, 0x00, 0x00,
    0x00, 0x6c, 0x00, 0x00, 0x04, 0x00, 0x00, 0x00, 0x00, 0x6d, 0x00, 0x00,
    0x04, 0x00, 0x00, 0x00, 0x00, 0xda, 0x00, 0x00, 0x04, 0x00, 0x00, 0x00,
    0x00, 0xdb, 0x00, 0x00, 0x04, 0x00, 0x00, 0x00, 0x00, 0x54, 0x00, 0x00,
    0x04, 0x00, 0x00, 0x00, 0x00, 0x55, 0x00, 0x00, 0x04, 0x00, 0x00, 0x00,
    0x00, 0x56, 0x00, 0x00, 0x04, 0x00, 0x00, 0x00, 0x00, 0x57, 0x00, 0x00,
    0x04, 0x00, 0x00, 0x00, 0x00, 0x64, 0x00, 0x00, 0x04, 0x00, 0x00, 0x00,
    0x00, 0x65, 0x00, 0x00, 0x04, 0x00, 0x00, 0x00, 0x00, 0x52, 0x00, 0x00,
    0x04, 0x00, 0x00, 0x00, 0x00, 0x53, 0x00, 0x00, 0x04, 0x00, 0x00, 0x00,
    0x00, 0x24, 0x00, 0x00, 0x04, 0x00, 0x00, 0x00, 0x00, 0x37, 0x00, 0x00,
    0x04, 0x00, 0x00, 0x00, 0x00, 0x38, 0x00, 0x00, 0x04, 0x00, 0x00, 0x00,
    0x00, 0x27, 0x00, 0x00, 0x04, 0x00, 0x00, 0x00, 0x00, 0x28, 0x00, 0x00,
    0x04, 0x00, 0x00, 0x00, 0x00, 0x58, 0x00, 0x00, 0x04, 0x00, 0x00, 0x00,
    0x00, 0x59, 0x00, 0x00, 0x04, 0x00, 0x00, 0x00, 0x00, 0x2b, 0x00, 0x00,
    0x04, 0x00, 0x00, 0x00, 0x00, 0x2c, 0x00, 0x00, 0x04, 0x00, 0x00, 0x00,
    0x00, 0x5a, 0x00, 0x00, 0x04, 0x00, 0x00, 0x00, 0x00, 0x66, 0x00, 0x00,
    0x04, 0x00, 0x00, 0x00, 0x00, 0x67, 0x00, 0x00,
};

unsigned char _black_tablee[512] = {
    0x02, 0x00, 0x00, 0x00, 0x00, 0x0f, 0x00, 0x00, 0x04, 0x00, 0x00, 0x00,
    0x00, 0xc8, 0x00, 0x00, 0x04, 0x00, 0x00, 0x00, 0x00, 0xc9, 0x00, 0x00,
    0x04, 0x00, 0x00, 0x00, 0x00, 0x5b, 0x00, 0x00, 0x04, 0x00, 0x00, 0x00,
    0x00, 0x33, 0x00, 0x00, 0x04, 0x00, 0x00, 0x00, 0x00, 0x34, 0x00, 0x00,
    0x04, 0x00, 0x00, 0x00, 0x00, 0x35, 0x00, 0x00, 0x05, 0x00, 0x00, 0x00,
    0x00, 0x6c, 0x00, 0x00, 0x05, 0x00, 0x00, 0x00, 0x00, 0x6d, 0x00, 0x00,
    0x05, 0x00, 0x00, 0x00, 0x00, 0x4a, 0x00, 0x00, 0x05, 0x00, 0x00, 0x00,
    0x00, 0x4b, 0x00, 0x00, 0x05, 0x00, 0x00, 0x00, 0x00, 0x4c, 0x00, 0x00,
    0x05, 0x00, 0x00, 0x00, 0x00, 0x4d, 0x00, 0x00, 0x05, 0x00, 0x00, 0x00,
    0x00, 0x72, 0x00, 0x00, 0x05, 0x00, 0x00, 0x00, 0x00, 0x73, 0x00, 0x00,
    0x05, 0x00, 0x00, 0x00, 0x00, 0x74, 0x00, 0x00, 0x05, 0x00, 0x00, 0x00,
    0x00, 0x75, 0x00, 0x00, 0x05, 0x00, 0x00, 0x00, 0x00, 0x76, 0x00, 0x00,
    0x05, 0x00, 0x00, 0x00, 0x00, 0x77, 0x00, 0x00, 0x05, 0x00, 0x00, 0x00,
    0x00, 0x52, 0x00, 0x00, 0x05, 0x00, 0x00, 0x00, 0x00, 0x53, 0x00, 0x00,
    0x05, 0x00, 0x00, 0x00, 0x00, 0x54, 0x00, 0x00, 0x05, 0x00, 0x00, 0x00,
    0x00, 0x55, 0x00, 0x00, 0x05, 0x00, 0x00, 0x00, 0x00, 0x5a, 0x00, 0x00,
    0x05, 0x00, 0x00, 0x00, 0x00, 0x5b, 0x00, 0x00, 0x05, 0x00, 0x00, 0x00,
    0x00, 0x64, 0x00, 0x00, 0x05, 0x00, 0x00, 0x00, 0x00, 0x65, 0x00, 0x00,
    0x03, 0x00, 0x00, 0x00, 0x00, 0x08, 0x00, 0x00, 0x03, 0x00, 0x00, 0x00,
    0x00, 0x0c, 0x00, 0x00, 0x03, 0x00, 0x00, 0x00, 0x00, 0x0d, 0x00, 0x00,
    0x04, 0x00, 0x00, 0x00, 0x00, 0x12, 0x00, 0x00, 0x04, 0x00, 0x00, 0x00,
    0x00, 0x13, 0x00, 0x00, 0x04, 0x00, 0x00, 0x00, 0x00, 0x14, 0x00, 0x00,
    0x04, 0x00, 0x00, 0x00, 0x00, 0x15, 0x00, 0x00, 0x04, 0x00, 0x00, 0x00,
    0x00, 0x16, 0x00, 0x00, 0x04, 0x00, 0x00, 0x00, 0x00, 0x17, 0x00, 0x00,
    0x04, 0x00, 0x00, 0x00, 0x00, 0x1c, 0x00, 0x00, 0x04, 0x00, 0x00, 0x00,
    0x00, 0x1d, 0x00, 0x00, 0x04, 0x00, 0x00, 0x00, 0x00, 0x1e, 0x00, 0x00,
    0x04, 0x00, 0x00, 0x00, 0x00, 0x1f, 0x00, 0x00, 0x90, 0xfa, 0x00, 0x00,
    0x01, 0x00, 0x00, 0x00, 0xaa, 0xfa, 0x00, 0x00, 0x01, 0x00, 0x00, 0x00,
    0xca, 0xfa, 0x00, 0x00, 0x01, 0x00, 0x00, 0x00, 0xdd, 0xfa, 0x00, 0x00,
    0x01, 0x00, 0x00, 0x00, 0xee, 0xfa, 0x00, 0x00, 0x01, 0x00, 0x00, 0x00,
    0x02, 0xfb, 0x00, 0x00, 0x01, 0x00, 0x00, 0x00, 0x14, 0xfb, 0x00, 0x00,
    0x01, 0x00, 0x00, 0x00, 0x29, 0xfb, 0x00, 0x00, 0x01, 0x00, 0x00, 0x00,
    0x44, 0xfb, 0x00, 0x00, 0x01, 0x00, 0x00, 0x00, 0x5d, 0xfb, 0x00, 0x00,
    0x01, 0x00, 0x00, 0x00, 0x79, 0xfb, 0x00, 0x00, 0x01, 0x00, 0x00, 0x00,
    0x90, 0xfb, 0x00, 0x00, 0x01, 0x00, 0x00, 0x00, 0x90, 0xfb, 0x00, 0x00,
    0x01, 0x00, 0x00, 0x00, 0x90, 0xfb, 0x00, 0x00, 0x01, 0x00, 0x00, 0x00,
    0x90, 0xfb, 0x00, 0x00, 0x01, 0x00, 0x00, 0x00, 0x90, 0xfb, 0x00, 0x00,
    0x01, 0x00, 0x00, 0x00, 0x90, 0xfb, 0x00, 0x00, 0x01, 0x00, 0x00, 0x00,
    0x90, 0xfb, 0x00, 0x00, 0x01, 0x00, 0x00, 0x00, 0x90, 0xfb, 0x00, 0x00,
    0x01, 0x00, 0x00, 0x00, 0x90, 0xfb, 0x00, 0x00, 0x01, 0x00, 0x00, 0x00,
    0x90, 0xfb, 0x00, 0x00, 0x01, 0x00, 0x00, 0x00, 0x90, 0xfb, 0x00, 0x00,
    0x01, 0x00, 0x00, 0x00, 0x90, 0xfb, 0x00, 0x00, 0x01, 0x00, 0x00, 0x00,
    0x90, 0xfb, 0x00, 0x00, 0x01, 0x00, 0x00, 0x00,
};

unsigned char _tblRoman8[96] = {
    0x20, 0xb8, 0xbf, 0xbb, 0xba, 0xbc, 0x20, 0xbd, 0xab, 0x20, 0xf9, 0xfb,
    0x20, 0x20, 0x20, 0xb0, 0xb3, 0xfe, 0x20, 0x20, 0xa8, 0xf3, 0xf4, 0xf2,
    0x20, 0x20, 0xfa, 0xfd, 0xf7, 0xf8, 0xf5, 0xb9, 0xa1, 0xe0, 0xa2, 0xe1,
    0xd8, 0xd0, 0xd3, 0xb4, 0xa3, 0xdc, 0xa4, 0xa5, 0xe6, 0xe5, 0xa6, 0xa7,
    0xe3, 0xb6, 0xe8, 0xe7, 0xdf, 0xe9, 0xda, 0x20, 0xd2, 0xad, 0xed, 0xae,
    0xdb, 0xb1, 0xf0, 0xde, 0xc8, 0xc4, 0xc0, 0xe2, 0xcc, 0xd4, 0xd7, 0xb5,
    0xc9, 0xc5, 0xc1, 0xcd, 0xd9, 0xd5, 0xd1, 0xdd, 0xe4, 0xb7, 0xca, 0xc6,
    0xc2, 0xea, 0xce, 0x20, 0xd6, 0xcb, 0xc7, 0xc3, 0xcf, 0xb2, 0xf1, 0xef,
};

unsigned char _tblISO88592[128] = {
    0x20, 0x20, 0x20, 0x20, 0x20, 0x20, 0x20, 0x20, 0x20, 0x20, 0xa9, 0x20,
    0xa6, 0xab, 0xae, 0xac, 0x20, 0x20, 0x20, 0x20, 0x20, 0x20, 0x20, 0x20,
    0x20, 0x20, 0xb9, 0x20, 0xb6, 0xbb, 0xbe, 0xbc, 0x20, 0xb7, 0xa2, 0xa3,
    0xa4, 0xa1, 0x20, 0xa7, 0xa8, 0x20, 0xaa, 0x20, 0x20, 0xad, 0x20, 0xaf,
    0xb0, 0x20, 0xb2, 0xb3, 0xb4, 0x20, 0x20, 0x20, 0xb8, 0xb1, 0xba, 0x20,
    0xa5, 0xbd, 0xb5, 0xbf, 0xc0, 0xc1, 0xc2, 0xc3, 0xc4, 0xc5, 0xc6, 0xc7,
    0xc8, 0xc9, 0xca, 0xcb, 0xcc, 0xcd, 0xce, 0xcf, 0xd0, 0xd1, 0xd2, 0xd3,
    0xd4, 0xd5, 0xd6, 0xd7, 0xd8, 0xd9, 0xda, 0xdb, 0xdc, 0xdd, 0xde, 0xdf,
    0xe0, 0xe1, 0xe2, 0xe3, 0xe4, 0xe5, 0xe6, 0xe7, 0xe8, 0xe9, 0xea, 0xeb,
    0xec, 0xed, 0xee, 0xef, 0xf0, 0xf1, 0xf2, 0xf3, 0xf4, 0xf5, 0xf6, 0xf7,
    0xf8, 0xf9, 0xfa, 0xfb, 0xfc, 0xfd, 0xfe, 0xff,
};

unsigned char _tblISO88595[128] = {
    0xa2, 0xa3, 0x20, 0xf3, 0x20, 0x20, 0x20, 0x20, 0x20, 0x20, 0xa9, 0x20,
    0xaa, 0xac, 0xab, 0xaf, 0xf2, 0x20, 0x20, 0x20, 0x20, 0x20, 0x20, 0x20,
    0x20, 0x20, 0xf9, 0x20, 0xfa, 0xfc, 0xfb, 0xff, 0x20, 0xae, 0xfe, 0xa8,
    0x20, 0x20, 0x20, 0xfd, 0xa1, 0x20, 0xa4, 0x20, 0x20, 0xad, 0x20, 0xa7,
    0x20, 0x20, 0xa6, 0xf6, 0x20, 0x20, 0x20, 0x20, 0xf1, 0xf0, 0xf4, 0x20,
    0xf8, 0xa5, 0xf5, 0xf7, 0xb0, 0xb1, 0xb2, 0xb3, 0xb4, 0xb5, 0xb6, 0xb7,
    0xb8, 0xb9, 0xba, 0xbb, 0xbc, 0xbd, 0xbe, 0xbf, 0xc0, 0xc1, 0xc2, 0xc3,
    0xc4, 0xc5, 0xc6, 0xc7, 0xc8, 0xc9, 0xca, 0xcb, 0xcc, 0xcd, 0xce, 0xcf,
    0xd0, 0xd1, 0xd2, 0xd3, 0xd4, 0xd5, 0xd6, 0xd7, 0xd8, 0xd9, 0xda, 0xdb,
    0xdc, 0xdd, 0xde, 0xdf, 0xe0, 0xe1, 0xe2, 0xe3, 0xe4, 0xe5, 0xe6, 0xe7,
    0xe8, 0xe9, 0xea, 0xeb, 0xec, 0xed, 0xee, 0xef,
};

unsigned char _paperName[1200] = {
    0x50, 0x33, 0x58, 0x35, 0x00, 0x00, 0x00, 0x00, 0x00, 0x00, 0x00, 0x00,
    0x00, 0x00, 0x00, 0x00, 0x00, 0x00, 0x33, 0x78, 0x35, 0x00, 0x00, 0x00,
    0x00, 0x00, 0x00, 0x00, 0x00, 0x00, 0x00, 0x00, 0x00, 0x00, 0x00, 0x00,
    0x00, 0x00, 0x00, 0x00, 0x00, 0x00, 0x00, 0x00, 0x00, 0x00, 0x00, 0x00,
    0x00, 0x00, 0x4d, 0x4f, 0x4e, 0x41, 0x52, 0x43, 0x48, 0x00, 0x00, 0x00,
    0x00, 0x00, 0x00, 0x00, 0x00, 0x00, 0x00, 0x00, 0x45, 0x6e, 0x76, 0x4d,
    0x6f, 0x6e, 0x61, 0x72, 0x63, 0x68, 0x00, 0x00, 0x00, 0x00, 0x00, 0x00,
    0x00, 0x00, 0x00, 0x00, 0x00, 0x00, 0x00, 0x00, 0x00, 0x00, 0x00, 0x00,
    0x00, 0x00, 0x00, 0x00, 0x50, 0x4f, 0x53, 0x54, 0x43, 0x41, 0x52, 0x44,
    0x00, 0x00, 0x00, 0x00, 0x00, 0x00, 0x00, 0x00, 0x00, 0x00, 0x50, 0x6f,
    0x73, 0x74, 0x63, 0x61, 0x72, 0x64, 0x00, 0x00, 0x00, 0x00, 0x00, 0x00,
    0x00, 0x00, 0x00, 0x00, 0x00, 0x00, 0x00, 0x00, 0x00, 0x00, 0x00, 0x00,
    0x00, 0x00, 0x00, 0x00, 0x00, 0x00, 0x41, 0x36, 0x00, 0x00, 0x00, 0x00,
    0x00, 0x00, 0x00, 0x00, 0x00, 0x00, 0x00, 0x00, 0x00, 0x00, 0x00, 0x00,
    0x41, 0x36, 0x00, 0x00, 0x00, 0x00, 0x00, 0x00, 0x00, 0x00, 0x00, 0x00,
    0x00, 0x00, 0x00, 0x00, 0x00, 0x00, 0x00, 0x00, 0x00, 0x00, 0x00, 0x00,
    0x00, 0x00, 0x00, 0x00, 0x00, 0x00, 0x00, 0x00, 0x32, 0x37, 0x30, 0x4d,
    0x4d, 0x00, 0x00, 0x00, 0x00, 0x00, 0x00, 0x00, 0x00, 0x00, 0x00, 0x00,
    0x00, 0x00, 0x32, 0x31, 0x30, 0x78, 0x32, 0x37, 0x30, 0x6d, 0x6d, 0x00,
    0x00, 0x00, 0x00, 0x00, 0x00, 0x00, 0x00, 0x00, 0x00, 0x00, 0x00, 0x00,
    0x00, 0x00, 0x00, 0x00, 0x00, 0x00, 0x00, 0x00, 0x00, 0x00, 0x52, 0x4f,
    0x43, 0x31, 0x36, 0x4b, 0x00, 0x00, 0x00, 0x00, 0x00, 0x00, 0x00, 0x00,
    0x00, 0x00, 0x00, 0x00, 0x31, 0x39, 0x37, 0x78, 0x32, 0x37, 0x33, 0x6d,
    0x6d, 0x00, 0x00, 0x00, 0x00, 0x00, 0x00, 0x00, 0x00, 0x00, 0x00, 0x00,
    0x00, 0x00, 0x00, 0x00, 0x00, 0x00, 0x00, 0x00, 0x00, 0x00, 0x00, 0x00,
    0x53, 0x49, 0x58, 0x54, 0x45, 0x45, 0x4e, 0x4b, 0x31, 0x38, 0x34, 0x58,
    0x32, 0x36, 0x30, 0x00, 0x00, 0x00, 0x31, 0x38, 0x34, 0x78, 0x32, 0x36,
    0x30, 0x6d, 0x6d, 0x00, 0x00, 0x00, 0x00, 0x00, 0x00, 0x00, 0x00, 0x00,
    0x00, 0x00, 0x00, 0x00, 0x00, 0x00, 0x00, 0x00, 0x00, 0x00, 0x00, 0x00,
    0x00, 0x00, 0x53, 0x49, 0x58, 0x54, 0x45, 0x45, 0x4e, 0x4b, 0x31, 0x39,
    0x35, 0x58, 0x32, 0x37, 0x30, 0x00, 0x00, 0x00, 0x31, 0x39, 0x35, 0x78,
    0x32, 0x37, 0x30, 0x6d, 0x6d, 0x00, 0x00, 0x00, 0x00, 0x00, 0x00, 0x00,
    0x00, 0x00, 0x00, 0x00, 0x00, 0x00, 0x00, 0x00, 0x00, 0x00, 0x00, 0x00,
    0x00, 0x00, 0x00, 0x00, 0x43, 0x4f, 0x4d, 0x31, 0x30, 0x00, 0x00, 0x00,
    0x00, 0x00, 0x00, 0x00, 0x00, 0x00, 0x00, 0x00, 0x00, 0x00, 0x45, 0x6e,
    0x76, 0x31, 0x30, 0x00, 0x00, 0x00, 0x00, 0x00, 0x00, 0x00, 0x00, 0x00,
    0x00, 0x00, 0x00, 0x00, 0x00, 0x00, 0x00, 0x00, 0x00, 0x00, 0x00, 0x00,
    0x00, 0x00, 0x00, 0x00, 0x00, 0x00, 0x45, 0x4e, 0x56, 0x59, 0x4f, 0x55,
    0x34, 0x00, 0x00, 0x00, 0x00, 0x00, 0x00, 0x00, 0x00, 0x00, 0x00, 0x00,
    0x45, 0x6e, 0x76, 0x59, 0x6f, 0x75, 0x34, 0x00, 0x00, 0x00, 0x00, 0x00,
    0x00, 0x00, 0x00, 0x00, 0x00, 0x00, 0x00, 0x00, 0x00, 0x00, 0x00, 0x00,
    0x00, 0x00, 0x00, 0x00, 0x00, 0x00, 0x00, 0x00, 0x44, 0x4c, 0x00, 0x00,
    0x00, 0x00, 0x00, 0x00, 0x00, 0x00, 0x00, 0x00, 0x00, 0x00, 0x00, 0x00,
    0x00, 0x00, 0x45, 0x6e, 0x76, 0x44, 0x4c, 0x00, 0x00, 0x00, 0x00, 0x00,
    0x00, 0x00, 0x00, 0x00, 0x00, 0x00, 0x00, 0x00, 0x00, 0x00, 0x00, 0x00,
    0x00, 0x00, 0x00, 0x00, 0x00, 0x00, 0x00, 0x00, 0x00, 0x00, 0x45, 0x4e,
    0x56, 0x43, 0x48, 0x4f, 0x55, 0x33, 0x00, 0x00, 0x00, 0x00, 0x00, 0x00,
    0x00, 0x00, 0x00, 0x00, 0x45, 0x6e, 0x76, 0x43, 0x68, 0x6f, 0x75, 0x33,
    0x00, 0x00, 0x00, 0x00, 0x00, 0x00, 0x00, 0x00, 0x00, 0x00, 0x00, 0x00,
    0x00, 0x00, 0x00, 0x00, 0x00, 0x00, 0x00, 0x00, 0x00, 0x00, 0x00, 0x00,
    0x41, 0x35, 0x00, 0x00, 0x00, 0x00, 0x00, 0x00, 0x00, 0x00, 0x00, 0x00,
    0x00, 0x00, 0x00, 0x00, 0x00, 0x00, 0x41, 0x35, 0x00, 0x00, 0x00, 0x00,
    0x00, 0x00, 0x00, 0x00, 0x00, 0x00, 0x00, 0x00, 0x00, 0x00, 0x00, 0x00,
    0x00, 0x00, 0x00, 0x00, 0x00, 0x00, 0x00, 0x00, 0x00, 0x00, 0x00, 0x00,
    0x00, 0x00, 0x43, 0x35, 0x00, 0x00, 0x00, 0x00, 0x00, 0x00, 0x00, 0x00,
    0x00, 0x00, 0x00, 0x00, 0x00, 0x00, 0x00, 0x00, 0x45, 0x6e, 0x76, 0x43,
    0x35, 0x00, 0x00, 0x00, 0x00, 0x00, 0x00, 0x00, 0x00, 0x00, 0x00, 0x00,
    0x00, 0x00, 0x00, 0x00, 0x00, 0x00, 0x00, 0x00, 0x00, 0x00, 0x00, 0x00,
    0x00, 0x00, 0x00, 0x00, 0x42, 0x35, 0x00, 0x00, 0x00, 0x00, 0x00, 0x00,
    0x00, 0x00, 0x00, 0x00, 0x00, 0x00, 0x00, 0x00, 0x00, 0x00, 0x49, 0x53,
    0x4f, 0x42, 0x35, 0x00, 0x00, 0x00, 0x00, 0x00, 0x00, 0x00, 0x00, 0x00,
    0x00, 0x00, 0x00, 0x00, 0x00, 0x00, 0x00, 0x00, 0x00, 0x00, 0x00, 0x00,
    0x00, 0x00, 0x00, 0x00, 0x00, 0x00, 0x4a, 0x49, 0x53, 0x42, 0x35, 0x00,
    0x00, 0x00, 0x00, 0x00, 0x00, 0x00, 0x00, 0x00, 0x00, 0x00, 0x00, 0x00,
    0x42, 0x35, 0x00, 0x00, 0x00, 0x00, 0x00, 0x00, 0x00, 0x00, 0x00, 0x00,
    0x00, 0x00, 0x00, 0x00, 0x00, 0x00, 0x00, 0x00, 0x00, 0x00, 0x00, 0x00,
    0x00, 0x00, 0x00, 0x00, 0x00, 0x00, 0x00, 0x00, 0x4a, 0x49, 0x53, 0x42,
    0x36, 0x00, 0x00, 0x00, 0x00, 0x00, 0x00, 0x00, 0x00, 0x00, 0x00, 0x00,
    0x00, 0x00, 0x42, 0x36, 0x00, 0x00, 0x00, 0x00, 0x00, 0x00, 0x00, 0x00,
    0x00, 0x00, 0x00, 0x00, 0x00, 0x00, 0x00, 0x00, 0x00, 0x00, 0x00, 0x00,
    0x00, 0x00, 0x00, 0x00, 0x00, 0x00, 0x00, 0x00, 0x00, 0x00, 0x45, 0x58,
    0x45, 0x43, 0x55, 0x54, 0x49, 0x56, 0x45, 0x00, 0x00, 0x00, 0x00, 0x00,
    0x00, 0x00, 0x00, 0x00, 0x45, 0x78, 0x65, 0x63, 0x75, 0x74, 0x69, 0x76,
    0x65, 0x00, 0x00, 0x00, 0x00, 0x00, 0x00, 0x00, 0x00, 0x00, 0x00, 0x00,
    0x00, 0x00, 0x00, 0x00, 0x00, 0x00, 0x00, 0x00, 0x00, 0x00, 0x00, 0x00,
    0x41, 0x35, 0x4c, 0x00, 0x00, 0x00, 0x00, 0x00, 0x00, 0x00, 0x00, 0x00,
    0x00, 0x00, 0x00, 0x00, 0x00, 0x00, 0x41, 0x35, 0x52, 0x6f, 0x74, 0x61,
    0x74, 0x65, 0x64, 0x00, 0x00, 0x00, 0x00, 0x00, 0x00, 0x00, 0x00, 0x00,
    0x00, 0x00, 0x00, 0x00, 0x00, 0x00, 0x00, 0x00, 0x00, 0x00, 0x00, 0x00,
    0x00, 0x00, 0x41, 0x34, 0x00, 0x00, 0x00, 0x00, 0x00, 0x00, 0x00, 0x00,
    0x00, 0x00, 0x00, 0x00, 0x00, 0x00, 0x00, 0x00, 0x41, 0x34, 0x00, 0x00,
    0x00, 0x00, 0x00, 0x00, 0x00, 0x00, 0x00, 0x00, 0x00, 0x00, 0x00, 0x00,
    0x00, 0x00, 0x00, 0x00, 0x00, 0x00, 0x00, 0x00, 0x00, 0x00, 0x00, 0x00,
    0x00, 0x00, 0x00, 0x00, 0x4c, 0x45, 0x54, 0x54, 0x45, 0x52, 0x00, 0x00,
    0x00, 0x00, 0x00, 0x00, 0x00, 0x00, 0x00, 0x00, 0x00, 0x00, 0x4c, 0x65,
    0x74, 0x74, 0x65, 0x72, 0x00, 0x00, 0x00, 0x00, 0x00, 0x00, 0x00, 0x00,
    0x00, 0x00, 0x00, 0x00, 0x00, 0x00, 0x00, 0x00, 0x00, 0x00, 0x00, 0x00,
    0x00, 0x00, 0x00, 0x00, 0x00, 0x00, 0x46, 0x4f, 0x4c, 0x49, 0x4f, 0x00,
    0x00, 0x00, 0x00, 0x00, 0x00, 0x00, 0x00, 0x00, 0x00, 0x00, 0x00, 0x00,
    0x46, 0x61, 0x6e, 0x46, 0x6f, 0x6c, 0x64, 0x47, 0x65, 0x72, 0x6d, 0x61,
    0x6e, 0x4c, 0x65, 0x67, 0x61, 0x6c, 0x00, 0x00, 0x00, 0x00, 0x00, 0x00,
    0x00, 0x00, 0x00, 0x00, 0x00, 0x00, 0x00, 0x00, 0x4c, 0x45, 0x47, 0x41,
    0x4c, 0x00, 0x00, 0x00, 0x00, 0x00, 0x00, 0x00, 0x00, 0x00, 0x00, 0x00,
    0x00, 0x00, 0x4c, 0x65, 0x67, 0x61, 0x6c, 0x00, 0x00, 0x00, 0x00, 0x00,
    0x00, 0x00, 0x00, 0x00, 0x00, 0x00, 0x00, 0x00, 0x00, 0x00, 0x00, 0x00,
    0x00, 0x00, 0x00, 0x00, 0x00, 0x00, 0x00, 0x00, 0x00, 0x00, 0x55, 0x53,
    0x45, 0x52, 0x44, 0x45, 0x46, 0x00, 0x00, 0x00, 0x00, 0x00, 0x00, 0x00,
    0x00, 0x00, 0x00, 0x00, 0x43, 0x75, 0x73, 0x74, 0x6f, 0x6d, 0x00, 0x00,
    0x00, 0x00, 0x00, 0x00, 0x00, 0x00, 0x00, 0x00, 0x00, 0x00, 0x00, 0x00,
    0x00, 0x00, 0x00, 0x00, 0x00, 0x00, 0x00, 0x00, 0x00, 0x00, 0x00, 0x00,
};

unsigned char _paperArray[4352] = {
    0x00, 0x00, 0x00, 0x00, 0x00, 0x00, 0x00, 0x00, 0x00, 0x00, 0x00, 0x00,
    0x00, 0x00, 0x00, 0x00, 0x00, 0x00, 0x00, 0x00, 0x00, 0x00, 0x00, 0x00,
    0x00, 0x00, 0x00, 0x00, 0x00, 0x00, 0x00, 0x00, 0x00, 0x00, 0x00, 0x00,
    0x00, 0x00, 0x00, 0x00, 0x00, 0x00, 0x00, 0x00, 0x00, 0x00, 0x00, 0x00,
    0x00, 0x00, 0x00, 0x00, 0x00, 0x00, 0x00, 0x00, 0x00, 0x00, 0x00, 0x00,
    0x00, 0x00, 0x00, 0x00, 0x00, 0x00, 0x00, 0x00, 0x00, 0x00, 0x00, 0x00,
    0x00, 0x00, 0x00, 0x00, 0x00, 0x00, 0x00, 0x00, 0x00, 0x00, 0x00, 0x00,
    0x00, 0x00, 0x00, 0x00, 0x00, 0x00, 0x00, 0x00, 0x00, 0x00, 0x00, 0x00,
    0x00, 0x00, 0x00, 0x00, 0x00, 0x00, 0x00, 0x00, 0x00, 0x00, 0x00, 0x00,
    0x00, 0x00, 0x00, 0x00, 0x00, 0x00, 0x00, 0x00, 0x00, 0x00, 0x00, 0x00,
    0x00, 0x00, 0x00, 0x00, 0x00, 0x00, 0x00, 0x00, 0x00, 0x00, 0x00, 0x00,
    0x00, 0x00, 0x00, 0x00, 0x00, 0x00, 0x00, 0x00, 0x00, 0x00, 0x00, 0x00,
    0x00, 0x00, 0x00, 0x00, 0x00, 0x00, 0x00, 0x00, 0x00, 0x00, 0x00, 0x00,
    0x00, 0x00, 0x00, 0x00, 0x00, 0x00, 0x00, 0x00, 0x00, 0x00, 0x00, 0x00,
    0x00, 0x00, 0x00, 0x00, 0x00, 0x00, 0x00, 0x00, 0x00, 0x00, 0x00, 0x00,
    0x00, 0x00, 0x00, 0x00, 0x00, 0x00, 0x00, 0x00, 0x00, 0x00, 0x00, 0x00,
    0x00, 0x00, 0x00, 0x00, 0x00, 0x00, 0x00, 0x00, 0x00, 0x00, 0x00, 0x00,
    0x00, 0x00, 0x00, 0x00, 0x00, 0x00, 0x00, 0x00, 0x00, 0x00, 0x00, 0x00,
    0x00, 0x00, 0x00, 0x00, 0x00, 0x00, 0x00, 0x00, 0x00, 0x00, 0x00, 0x00,
    0x00, 0x00, 0x00, 0x00, 0x00, 0x00, 0x00, 0x00, 0x00, 0x00, 0x00, 0x00,
    0x00, 0x00, 0x00, 0x00, 0x00, 0x00, 0x00, 0x00, 0x00, 0x00, 0x00, 0x00,
    0x00, 0x00, 0x00, 0x00, 0x00, 0x00, 0x00, 0x00, 0x00, 0x00, 0x00, 0x00,
    0x00, 0x00, 0x00, 0x00, 0x00, 0x00, 0x00, 0x00, 0x00, 0x00, 0x00, 0x00,
    0x00, 0x00, 0x00, 0x00, 0x00, 0x00, 0x00, 0x00, 0x00, 0x00, 0x00, 0x00,
    0x00, 0x00, 0x00, 0x00, 0x00, 0x00, 0x00, 0x00, 0x00, 0x00, 0x00, 0x00,
    0x00, 0x00, 0x00, 0x00, 0x00, 0x00, 0x00, 0x00, 0x00, 0x00, 0x00, 0x00,
    0x00, 0x00, 0x00, 0x00, 0x00, 0x00, 0x00, 0x00, 0x00, 0x00, 0x00, 0x00,
    0x00, 0x00, 0x00, 0x00, 0x00, 0x00, 0x00, 0x00, 0x00, 0x00, 0x00, 0x00,
    0x00, 0x00, 0x00, 0x00, 0x00, 0x00, 0x00, 0x00, 0x00, 0x00, 0x00, 0x00,
    0x00, 0x00, 0x00, 0x00, 0x00, 0x00, 0x00, 0x00, 0x00, 0x00, 0x00, 0x00,
    0x00, 0x00, 0x00, 0x00, 0x00, 0x00, 0x00, 0x00, 0x00, 0x00, 0x00, 0x00,
    0x00, 0x00, 0x00, 0x00, 0x00, 0x00, 0x00, 0x00, 0x00, 0x00, 0x00, 0x00,
    0x00, 0x00, 0x00, 0x00, 0x00, 0x00, 0x00, 0x00, 0x00, 0x00, 0x00, 0x00,
    0x00, 0x00, 0x00, 0x00, 0x00, 0x00, 0x00, 0x00, 0x00, 0x00, 0x00, 0x00,
    0x00, 0x00, 0x00, 0x00, 0x00, 0x00, 0x00, 0x00, 0x00, 0x00, 0x00, 0x00,
    0x00, 0x00, 0x00, 0x00, 0x00, 0x00, 0x00, 0x00, 0x00, 0x00, 0x00, 0x00,
    0x00, 0x00, 0x00, 0x00, 0x00, 0x00, 0x00, 0x00, 0x00, 0x00, 0x00, 0x00,
    0x00, 0x00, 0x00, 0x00, 0x00, 0x00, 0x00, 0x00, 0x00, 0x00, 0x00, 0x00,
    0x00, 0x00, 0x00, 0x00, 0x00, 0x00, 0x00, 0x00, 0x00, 0x00, 0x00, 0x00,
    0x00, 0x00, 0x00, 0x00, 0x00, 0x00, 0x00, 0x00, 0x00, 0x00, 0x00, 0x00,
    0x00, 0x00, 0x00, 0x00, 0x00, 0x00, 0x00, 0x00, 0x00, 0x00, 0x00, 0x00,
    0x00, 0x00, 0x00, 0x00, 0x00, 0x00, 0x00, 0x00, 0x00, 0x00, 0x00, 0x00,
    0x00, 0x00, 0x00, 0x00, 0x00, 0x00, 0x00, 0x00, 0x00, 0x00, 0x00, 0x00,
    0x00, 0x00, 0x00, 0x00, 0x00, 0x00, 0x00, 0x00, 0x00, 0x00, 0x00, 0x00,
    0x00, 0x00, 0x00, 0x00, 0x00, 0x00, 0x00, 0x00, 0x00, 0x00, 0x00, 0x00,
    0x00, 0x00, 0x00, 0x00, 0x00, 0x00, 0x00, 0x00, 0x00, 0x00, 0x00, 0x00,
    0x00, 0x00, 0x00, 0x00, 0x00, 0x00, 0x00, 0x00, 0x00, 0x00, 0x00, 0x00,
    0x00, 0x00, 0x00, 0x00, 0x00, 0x00, 0x00, 0x00, 0x00, 0x00, 0x00, 0x00,
    0x00, 0x00, 0x00, 0x00, 0x00, 0x00, 0x00, 0x00, 0x00, 0x00, 0x00, 0x00,
    0x00, 0x00, 0x00, 0x00, 0x00, 0x00, 0x00, 0x00, 0x00, 0x00, 0x00, 0x00,
    0x00, 0x00, 0x00, 0x00, 0x00, 0x00, 0x00, 0x00, 0x00, 0x00, 0x00, 0x00,
    0x00, 0x00, 0x00, 0x00, 0x00, 0x00, 0x00, 0x00, 0x00, 0x00, 0x00, 0x00,
    0x00, 0x00, 0x00, 0x00, 0x00, 0x00, 0x00, 0x00, 0x00, 0x00, 0x00, 0x00,
    0x00, 0x00, 0x00, 0x00, 0x00, 0x00, 0x00, 0x00, 0x00, 0x00, 0x00, 0x00,
    0x00, 0x00, 0x00, 0x00, 0x00, 0x00, 0x00, 0x00, 0x00, 0x00, 0x00, 0x00,
    0x00, 0x00, 0x00, 0x00, 0x00, 0x00, 0x00, 0x00, 0x00, 0x00, 0x00, 0x00,
    0x00, 0x00, 0x00, 0x00, 0x00, 0x00, 0x00, 0x00, 0x00, 0x00, 0x00, 0x00,
    0x00, 0x00, 0x00, 0x00, 0x00, 0x00, 0x00, 0x00, 0x00, 0x00, 0x00, 0x00,
    0x00, 0x00, 0x00, 0x00, 0x00, 0x00, 0x00, 0x00, 0x00, 0x00, 0x00, 0x00,
    0x00, 0x00, 0x00, 0x00, 0x00, 0x00, 0x00, 0x00, 0x00, 0x00, 0x00, 0x00,
    0x00, 0x00, 0x00, 0x00, 0x00, 0x00, 0x00, 0x00, 0x00, 0x00, 0x00, 0x00,
    0x00, 0x00, 0x00, 0x00, 0x00, 0x00, 0x00, 0x00, 0x00, 0x00, 0x00, 0x00,
    0x00, 0x00, 0x00, 0x00, 0x00, 0x00, 0x00, 0x00, 0x00, 0x00, 0x00, 0x00,
    0x00, 0x00, 0x00, 0x00, 0x00, 0x00, 0x00, 0x00, 0x00, 0x00, 0x00, 0x00,
    0x00, 0x00, 0x00, 0x00, 0x00, 0x00, 0x00, 0x00, 0x00, 0x00, 0x00, 0x00,
    0x00, 0x00, 0x00, 0x00, 0x00, 0x00, 0x00, 0x00, 0x00, 0x00, 0x00, 0x00,
    0x00, 0x00, 0x00, 0x00, 0x00, 0x00, 0x00, 0x00, 0x00, 0x00, 0x00, 0x00,
    0x00, 0x00, 0x00, 0x00, 0x00, 0x00, 0x00, 0x00, 0x00, 0x00, 0x00, 0x00,
    0x00, 0x00, 0x00, 0x00, 0x00, 0x00, 0x00, 0x00, 0x00, 0x00, 0x00, 0x00,
    0x00, 0x00, 0x00, 0x00, 0x00, 0x00, 0x00, 0x00, 0x00, 0x00, 0x00, 0x00,
    0x00, 0x00, 0x00, 0x00, 0x00, 0x00, 0x00, 0x00, 0x00, 0x00, 0x00, 0x00,
    0x00, 0x00, 0x00, 0x00, 0x00, 0x00, 0x00, 0x00, 0x00, 0x00, 0x00, 0x00,
    0x00, 0x00, 0x00, 0x00, 0x00, 0x00, 0x00, 0x00, 0x00, 0x00, 0x00, 0x00,
    0x00, 0x00, 0x00, 0x00, 0x00, 0x00, 0x00, 0x00, 0x00, 0x00, 0x00, 0x00,
    0x00, 0x00, 0x00, 0x00, 0x00, 0x00, 0x00, 0x00, 0x00, 0x00, 0x00, 0x00,
    0x00, 0x00, 0x00, 0x00, 0x00, 0x00, 0x00, 0x00, 0x00, 0x00, 0x00, 0x00,
    0x00, 0x00, 0x00, 0x00, 0x00, 0x00, 0x00, 0x00, 0x00, 0x00, 0x00, 0x00,
    0x00, 0x00, 0x00, 0x00, 0x00, 0x00, 0x00, 0x00, 0x00, 0x00, 0x00, 0x00,
    0x00, 0x00, 0x00, 0x00, 0x00, 0x00, 0x00, 0x00, 0x00, 0x00, 0x00, 0x00,
    0x00, 0x00, 0x00, 0x00, 0x00, 0x00, 0x00, 0x00, 0x00, 0x00, 0x00, 0x00,
    0x00, 0x00, 0x00, 0x00, 0x00, 0x00, 0x00, 0x00, 0x00, 0x00, 0x00, 0x00,
    0x00, 0x00, 0x00, 0x00, 0x00, 0x00, 0x00, 0x00, 0x00, 0x00, 0x00, 0x00,
    0x00, 0x00, 0x00, 0x00, 0x00, 0x00, 0x00, 0x00, 0x00, 0x00, 0x00, 0x00,
    0x00, 0x00, 0x00, 0x00, 0x00, 0x00, 0x00, 0x00, 0x00, 0x00, 0x00, 0x00,
    0x00, 0x00, 0x00, 0x00, 0x00, 0x00, 0x00, 0x00, 0x00, 0x00, 0x00, 0x00,
    0x00, 0x00, 0x00, 0x00, 0x00, 0x00, 0x00, 0x00, 0x00, 0x00, 0x00, 0x00,
    0x00, 0x00, 0x00, 0x00, 0x00, 0x00, 0x00, 0x00, 0x00, 0x00, 0x00, 0x00,
    0x00, 0x00, 0x00, 0x00, 0x00, 0x00, 0x00, 0x00, 0x00, 0x00, 0x00, 0x00,
    0x00, 0x00, 0x00, 0x00, 0x00, 0x00, 0x00, 0x00, 0x00, 0x00, 0x00, 0x00,
    0x00, 0x00, 0x00, 0x00, 0x00, 0x00, 0x00, 0x00, 0x00, 0x00, 0x00, 0x00,
    0x00, 0x00, 0x00, 0x00, 0x00, 0x00, 0x00, 0x00, 0x00, 0x00, 0x00, 0x00,
    0x00, 0x00, 0x00, 0x00, 0x00, 0x00, 0x00, 0x00, 0x00, 0x00, 0x00, 0x00,
    0x00, 0x00, 0x00, 0x00, 0x00, 0x00, 0x00, 0x00, 0x00, 0x00, 0x00, 0x00,
    0x00, 0x00, 0x00, 0x00, 0x00, 0x00, 0x00, 0x00, 0x00, 0x00, 0x00, 0x00,
    0x00, 0x00, 0x00, 0x00, 0x00, 0x00, 0x00, 0x00, 0x00, 0x00, 0x00, 0x00,
    0x00, 0x00, 0x00, 0x00, 0x00, 0x00, 0x00, 0x00, 0x00, 0x00, 0x00, 0x00,
    0x00, 0x00, 0x00, 0x00, 0x00, 0x00, 0x00, 0x00, 0x00, 0x00, 0x00, 0x00,
    0x00, 0x00, 0x00, 0x00, 0x00, 0x00, 0x00, 0x00, 0x00, 0x00, 0x00, 0x00,
    0x00, 0x00, 0x00, 0x00, 0x00, 0x00, 0x00, 0x00, 0x00, 0x00, 0x00, 0x00,
    0x00, 0x00, 0x00, 0x00, 0x00, 0x00, 0x00, 0x00, 0x00, 0x00, 0x00, 0x00,
    0x00, 0x00, 0x00, 0x00, 0x00, 0x00, 0x00, 0x00, 0x00, 0x00, 0x00, 0x00,
    0x00, 0x00, 0x00, 0x00, 0x00, 0x00, 0x00, 0x00, 0x00, 0x00, 0x00, 0x00,
    0x00, 0x00, 0x00, 0x00, 0x00, 0x00, 0x00, 0x00, 0x00, 0x00, 0x00, 0x00,
    0x00, 0x00, 0x00, 0x00, 0x00, 0x00, 0x00, 0x00, 0x00, 0x00, 0x00, 0x00,
    0x00, 0x00, 0x00, 0x00, 0x00, 0x00, 0x00, 0x00, 0x00, 0x00, 0x00, 0x00,
    0x00, 0x00, 0x00, 0x00, 0x00, 0x00, 0x00, 0x00, 0x00, 0x00, 0x00, 0x00,
    0x00, 0x00, 0x00, 0x00, 0x00, 0x00, 0x00, 0x00, 0x00, 0x00, 0x00, 0x00,
    0x00, 0x00, 0x00, 0x00, 0x00, 0x00, 0x00, 0x00, 0x00, 0x00, 0x00, 0x00,
    0x00, 0x00, 0x00, 0x00, 0x00, 0x00, 0x00, 0x00, 0x00, 0x00, 0x00, 0x00,
    0x00, 0x00, 0x00, 0x00, 0x00, 0x00, 0x00, 0x00, 0x00, 0x00, 0x00, 0x00,
    0x00, 0x00, 0x00, 0x00, 0x00, 0x00, 0x00, 0x00, 0x00, 0x00, 0x00, 0x00,
    0x00, 0x00, 0x00, 0x00, 0x00, 0x00, 0x00, 0x00, 0x00, 0x00, 0x00, 0x00,
    0x00, 0x00, 0x00, 0x00, 0x00, 0x00, 0x00, 0x00, 0x00, 0x00, 0x00, 0x00,
    0x00, 0x00, 0x00, 0x00, 0x00, 0x00, 0x00, 0x00, 0x00, 0x00, 0x00, 0x00,
    0x00, 0x00, 0x00, 0x00, 0x00, 0x00, 0x00, 0x00, 0x00, 0x00, 0x00, 0x00,
    0x00, 0x00, 0x00, 0x00, 0x00, 0x00, 0x00, 0x00, 0x00, 0x00, 0x00, 0x00,
    0x00, 0x00, 0x00, 0x00, 0x00, 0x00, 0x00, 0x00, 0x00, 0x00, 0x00, 0x00,
    0x00, 0x00, 0x00, 0x00, 0x00, 0x00, 0x00, 0x00, 0x00, 0x00, 0x00, 0x00,
    0x00, 0x00, 0x00, 0x00, 0x00, 0x00, 0x00, 0x00, 0x00, 0x00, 0x00, 0x00,
    0x00, 0x00, 0x00, 0x00, 0x00, 0x00, 0x00, 0x00, 0x00, 0x00, 0x00, 0x00,
    0x00, 0x00, 0x00, 0x00, 0x00, 0x00, 0x00, 0x00, 0x00, 0x00, 0x00, 0x00,
    0x00, 0x00, 0x00, 0x00, 0x00, 0x00, 0x00, 0x00, 0x00, 0x00, 0x00, 0x00,
    0x00, 0x00, 0x00, 0x00, 0x00, 0x00, 0x00, 0x00, 0x00, 0x00, 0x00, 0x00,
    0x00, 0x00, 0x00, 0x00, 0x00, 0x00, 0x00, 0x00, 0x00, 0x00, 0x00, 0x00,
    0x00, 0x00, 0x00, 0x00, 0x00, 0x00, 0x00, 0x00, 0x00, 0x00, 0x00, 0x00,
    0x00, 0x00, 0x00, 0x00, 0x00, 0x00, 0x00, 0x00, 0x00, 0x00, 0x00, 0x00,
    0x00, 0x00, 0x00, 0x00, 0x00, 0x00, 0x00, 0x00, 0x00, 0x00, 0x00, 0x00,
    0x00, 0x00, 0x00, 0x00, 0x00, 0x00, 0x00, 0x00, 0x00, 0x00, 0x00, 0x00,
    0x00, 0x00, 0x00, 0x00, 0x00, 0x00, 0x00, 0x00, 0x00, 0x00, 0x00, 0x00,
    0x00, 0x00, 0x00, 0x00, 0x00, 0x00, 0x00, 0x00, 0x00, 0x00, 0x00, 0x00,
    0x00, 0x00, 0x00, 0x00, 0x00, 0x00, 0x00, 0x00, 0x00, 0x00, 0x00, 0x00,
    0x00, 0x00, 0x00, 0x00, 0x00, 0x00, 0x00, 0x00, 0x00, 0x00, 0x00, 0x00,
    0x00, 0x00, 0x00, 0x00, 0x00, 0x00, 0x00, 0x00, 0x00, 0x00, 0x00, 0x00,
    0x00, 0x00, 0x00, 0x00, 0x00, 0x00, 0x00, 0x00, 0x00, 0x00, 0x00, 0x00,
    0x00, 0x00, 0x00, 0x00, 0x00, 0x00, 0x00, 0x00, 0x00, 0x00, 0x00, 0x00,
    0x00, 0x00, 0x00, 0x00, 0x00, 0x00, 0x00, 0x00, 0x00, 0x00, 0x00, 0x00,
    0x00, 0x00, 0x00, 0x00, 0x00, 0x00, 0x00, 0x00, 0x00, 0x00, 0x00, 0x00,
    0x00, 0x00, 0x00, 0x00, 0x00, 0x00, 0x00, 0x00, 0x00, 0x00, 0x00, 0x00,
    0x00, 0x00, 0x00, 0x00, 0x00, 0x00, 0x00, 0x00, 0x00, 0x00, 0x00, 0x00,
    0x00, 0x00, 0x00, 0x00, 0x00, 0x00, 0x00, 0x00, 0x00, 0x00, 0x00, 0x00,
    0x00, 0x00, 0x00, 0x00, 0x00, 0x00, 0x00, 0x00, 0x00, 0x00, 0x00, 0x00,
    0x00, 0x00, 0x00, 0x00, 0x00, 0x00, 0x00, 0x00, 0x00, 0x00, 0x00, 0x00,
    0x00, 0x00, 0x00, 0x00, 0x00, 0x00, 0x00, 0x00, 0x00, 0x00, 0x00, 0x00,
    0x00, 0x00, 0x00, 0x00, 0x00, 0x00, 0x00, 0x00, 0x00, 0x00, 0x00, 0x00,
    0x00, 0x00, 0x00, 0x00, 0x00, 0x00, 0x00, 0x00, 0x00, 0x00, 0x00, 0x00,
    0x00, 0x00, 0x00, 0x00, 0x00, 0x00, 0x00, 0x00, 0x00, 0x00, 0x00, 0x00,
    0x00, 0x00, 0x00, 0x00, 0x00, 0x00, 0x00, 0x00, 0x00, 0x00, 0x00, 0x00,
    0x00, 0x00, 0x00, 0x00, 0x00, 0x00, 0x00, 0x00, 0x00, 0x00, 0x00, 0x00,
    0x00, 0x00, 0x00, 0x00, 0x00, 0x00, 0x00, 0x00, 0x00, 0x00, 0x00, 0x00,
    0x00, 0x00, 0x00, 0x00, 0x00, 0x00, 0x00, 0x00, 0x00, 0x00, 0x00, 0x00,
    0x00, 0x00, 0x00, 0x00, 0x00, 0x00, 0x00, 0x00, 0x00, 0x00, 0x00, 0x00,
    0x00, 0x00, 0x00, 0x00, 0x00, 0x00, 0x00, 0x00, 0x00, 0x00, 0x00, 0x00,
    0x00, 0x00, 0x00, 0x00, 0x00, 0x00, 0x00, 0x00, 0x00, 0x00, 0x00, 0x00,
    0x00, 0x00, 0x00, 0x00, 0x00, 0x00, 0x00, 0x00, 0x00, 0x00, 0x00, 0x00,
    0x00, 0x00, 0x00, 0x00, 0x00, 0x00, 0x00, 0x00, 0x00, 0x00, 0x00, 0x00,
    0x00, 0x00, 0x00, 0x00, 0x00, 0x00, 0x00, 0x00, 0x00, 0x00, 0x00, 0x00,
    0x00, 0x00, 0x00, 0x00, 0x00, 0x00, 0x00, 0x00, 0x00, 0x00, 0x00, 0x00,
    0x00, 0x00, 0x00, 0x00, 0x00, 0x00, 0x00, 0x00, 0x00, 0x00, 0x00, 0x00,
    0x00, 0x00, 0x00, 0x00, 0x00, 0x00, 0x00, 0x00, 0x00, 0x00, 0x00, 0x00,
    0x00, 0x00, 0x00, 0x00, 0x00, 0x00, 0x00, 0x00, 0x00, 0x00, 0x00, 0x00,
    0x00, 0x00, 0x00, 0x00, 0x00, 0x00, 0x00, 0x00, 0x00, 0x00, 0x00, 0x00,
    0x00, 0x00, 0x00, 0x00, 0x00, 0x00, 0x00, 0x00, 0x00, 0x00, 0x00, 0x00,
    0x00, 0x00, 0x00, 0x00, 0x00, 0x00, 0x00, 0x00, 0x00, 0x00, 0x00, 0x00,
    0x00, 0x00, 0x00, 0x00, 0x00, 0x00, 0x00, 0x00, 0x00, 0x00, 0x00, 0x00,
    0x00, 0x00, 0x00, 0x00, 0x00, 0x00, 0x00, 0x00, 0x00, 0x00, 0x00, 0x00,
    0x00, 0x00, 0x00, 0x00, 0x00, 0x00, 0x00, 0x00, 0x00, 0x00, 0x00, 0x00,
    0x00, 0x00, 0x00, 0x00, 0x00, 0x00, 0x00, 0x00, 0x00, 0x00, 0x00, 0x00,
    0x00, 0x00, 0x00, 0x00, 0x00, 0x00, 0x00, 0x00, 0x00, 0x00, 0x00, 0x00,
    0x00, 0x00, 0x00, 0x00, 0x00, 0x00, 0x00, 0x00, 0x00, 0x00, 0x00, 0x00,
    0x00, 0x00, 0x00, 0x00, 0x00, 0x00, 0x00, 0x00, 0x00, 0x00, 0x00, 0x00,
    0x00, 0x00, 0x00, 0x00, 0x00, 0x00, 0x00, 0x00, 0x00, 0x00, 0x00, 0x00,
    0x00, 0x00, 0x00, 0x00, 0x00, 0x00, 0x00, 0x00, 0x00, 0x00, 0x00, 0x00,
    0x00, 0x00, 0x00, 0x00, 0x00, 0x00, 0x00, 0x00, 0x00, 0x00, 0x00, 0x00,
    0x00, 0x00, 0x00, 0x00, 0x00, 0x00, 0x00, 0x00, 0x00, 0x00, 0x00, 0x00,
    0x00, 0x00, 0x00, 0x00, 0x00, 0x00, 0x00, 0x00, 0x00, 0x00, 0x00, 0x00,
    0x00, 0x00, 0x00, 0x00, 0x00, 0x00, 0x00, 0x00, 0x00, 0x00, 0x00, 0x00,
    0x00, 0x00, 0x00, 0x00, 0x00, 0x00, 0x00, 0x00, 0x00, 0x00, 0x00, 0x00,
    0x00, 0x00, 0x00, 0x00, 0x00, 0x00, 0x00, 0x00, 0x00, 0x00, 0x00, 0x00,
    0x00, 0x00, 0x00, 0x00, 0x00, 0x00, 0x00, 0x00, 0x00, 0x00, 0x00, 0x00,
    0x00, 0x00, 0x00, 0x00, 0x00, 0x00, 0x00, 0x00, 0x00, 0x00, 0x00, 0x00,
    0x00, 0x00, 0x00, 0x00, 0x00, 0x00, 0x00, 0x00, 0x00, 0x00, 0x00, 0x00,
    0x00, 0x00, 0x00, 0x00, 0x00, 0x00, 0x00, 0x00, 0x00, 0x00, 0x00, 0x00,
    0x00, 0x00, 0x00, 0x00, 0x00, 0x00, 0x00, 0x00, 0x00, 0x00, 0x00, 0x00,
    0x00, 0x00, 0x00, 0x00, 0x00, 0x00, 0x00, 0x00, 0x00, 0x00, 0x00, 0x00,
    0x00, 0x00, 0x00, 0x00, 0x00, 0x00, 0x00, 0x00, 0x00, 0x00, 0x00, 0x00,
    0x00, 0x00, 0x00, 0x00, 0x00, 0x00, 0x00, 0x00, 0x00, 0x00, 0x00, 0x00,
    0x00, 0x00, 0x00, 0x00, 0x00, 0x00, 0x00, 0x00, 0x00, 0x00, 0x00, 0x00,
    0x00, 0x00, 0x00, 0x00, 0x00, 0x00, 0x00, 0x00, 0x00, 0x00, 0x00, 0x00,
    0x00, 0x00, 0x00, 0x00, 0x00, 0x00, 0x00, 0x00, 0x00, 0x00, 0x00, 0x00,
    0x00, 0x00, 0x00, 0x00, 0x00, 0x00, 0x00, 0x00, 0x00, 0x00, 0x00, 0x00,
    0x00, 0x00, 0x00, 0x00, 0x00, 0x00, 0x00, 0x00, 0x00, 0x00, 0x00, 0x00,
    0x00, 0x00, 0x00, 0x00, 0x00, 0x00, 0x00, 0x00, 0x00, 0x00, 0x00, 0x00,
    0x00, 0x00, 0x00, 0x00, 0x00, 0x00, 0x00, 0x00, 0x00, 0x00, 0x00, 0x00,
    0x00, 0x00, 0x00, 0x00, 0x00, 0x00, 0x00, 0x00, 0x00, 0x00, 0x00, 0x00,
    0x00, 0x00, 0x00, 0x00, 0x00, 0x00, 0x00, 0x00, 0x00, 0x00, 0x00, 0x00,
    0x00, 0x00, 0x00, 0x00, 0x00, 0x00, 0x00, 0x00, 0x00, 0x00, 0x00, 0x00,
    0x00, 0x00, 0x00, 0x00, 0x00, 0x00, 0x00, 0x00, 0x00, 0x00, 0x00, 0x00,
    0x00, 0x00, 0x00, 0x00, 0x00, 0x00, 0x00, 0x00, 0x00, 0x00, 0x00, 0x00,
    0x00, 0x00, 0x00, 0x00, 0x00, 0x00, 0x00, 0x00, 0x00, 0x00, 0x00, 0x00,
    0x00, 0x00, 0x00, 0x00, 0x00, 0x00, 0x00, 0x00, 0x00, 0x00, 0x00, 0x00,
    0x00, 0x00, 0x00, 0x00, 0x00, 0x00, 0x00, 0x00, 0x00, 0x00, 0x00, 0x00,
    0x00, 0x00, 0x00, 0x00, 0x00, 0x00, 0x00, 0x00, 0x00, 0x00, 0x00, 0x00,
    0x00, 0x00, 0x00, 0x00, 0x00, 0x00, 0x00, 0x00, 0x00, 0x00, 0x00, 0x00,
    0x00, 0x00, 0x00, 0x00, 0x00, 0x00, 0x00, 0x00, 0x00, 0x00, 0x00, 0x00,
    0x00, 0x00, 0x00, 0x00, 0x00, 0x00, 0x00, 0x00, 0x00, 0x00, 0x00, 0x00,
    0x00, 0x00, 0x00, 0x00, 0x00, 0x00, 0x00, 0x00, 0x00, 0x00, 0x00, 0x00,
    0x00, 0x00, 0x00, 0x00, 0x00, 0x00, 0x00, 0x00, 0x00, 0x00, 0x00, 0x00,
    0x00, 0x00, 0x00, 0x00, 0x00, 0x00, 0x00, 0x00, 0x00, 0x00, 0x00, 0x00,
    0x00, 0x00, 0x00, 0x00, 0x00, 0x00, 0x00, 0x00, 0x00, 0x00, 0x00, 0x00,
    0x00, 0x00, 0x00, 0x00, 0x00, 0x00, 0x00, 0x00, 0x00, 0x00, 0x00, 0x00,
    0x00, 0x00, 0x00, 0x00, 0x00, 0x00, 0x00, 0x00, 0x00, 0x00, 0x00, 0x00,
    0x00, 0x00, 0x00, 0x00, 0x00, 0x00, 0x00, 0x00, 0x00, 0x00, 0x00, 0x00,
    0x00, 0x00, 0x00, 0x00, 0x00, 0x00, 0x00, 0x00, 0x00, 0x00, 0x00, 0x00,
    0x00, 0x00, 0x00, 0x00, 0x00, 0x00, 0x00, 0x00, 0x00, 0x00, 0x00, 0x00,
    0x00, 0x00, 0x00, 0x00, 0x00, 0x00, 0x00, 0x00, 0x00, 0x00, 0x00, 0x00,
    0x00, 0x00, 0x00, 0x00, 0x00, 0x00, 0x00, 0x00, 0x00, 0x00, 0x00, 0x00,
    0x00, 0x00, 0x00, 0x00, 0x00, 0x00, 0x00, 0x00, 0x00, 0x00, 0x00, 0x00,
    0x00, 0x00, 0x00, 0x00, 0x00, 0x00, 0x00, 0x00, 0x00, 0x00, 0x00, 0x00,
    0x00, 0x00, 0x00, 0x00, 0x00, 0x00, 0x00, 0x00, 0x00, 0x00, 0x00, 0x00,
    0x00, 0x00, 0x00, 0x00, 0x00, 0x00, 0x00, 0x00, 0x00, 0x00, 0x00, 0x00,
    0x00, 0x00, 0x00, 0x00, 0x00, 0x00, 0x00, 0x00, 0x00, 0x00, 0x00, 0x00,
    0x00, 0x00, 0x00, 0x00, 0x00, 0x00, 0x00, 0x00, 0x00, 0x00, 0x00, 0x00,
    0x00, 0x00, 0x00, 0x00, 0x00, 0x00, 0x00, 0x00, 0x00, 0x00, 0x00, 0x00,
    0x00, 0x00, 0x00, 0x00, 0x00, 0x00, 0x00, 0x00, 0x00, 0x00, 0x00, 0x00,
    0x00, 0x00, 0x00, 0x00, 0x00, 0x00, 0x00, 0x00, 0x00, 0x00, 0x00, 0x00,
    0x00, 0x00, 0x00, 0x00, 0x00, 0x00, 0x00, 0x00, 0x00, 0x00, 0x00, 0x00,
    0x00, 0x00, 0x00, 0x00, 0x00, 0x00, 0x00, 0x00, 0x00, 0x00, 0x00, 0x00,
    0x00, 0x00, 0x00, 0x00, 0x00, 0x00, 0x00, 0x00, 0x00, 0x00, 0x00, 0x00,
    0x00, 0x00, 0x00, 0x00, 0x00, 0x00, 0x00, 0x00, 0x00, 0x00, 0x00, 0x00,
    0x00, 0x00, 0x00, 0x00, 0x00, 0x00, 0x00, 0x00, 0x00, 0x00, 0x00, 0x00,
    0x00, 0x00, 0x00, 0x00, 0x00, 0x00, 0x00, 0x00, 0x00, 0x00, 0x00, 0x00,
    0x00, 0x00, 0x00, 0x00, 0x00, 0x00, 0x00, 0x00, 0x00, 0x00, 0x00, 0x00,
    0x00, 0x00, 0x00, 0x00, 0x00, 0x00, 0x00, 0x00, 0x00, 0x00, 0x00, 0x00,
    0x00, 0x00, 0x00, 0x00, 0x00, 0x00, 0x00, 0x00, 0x00, 0x00, 0x00, 0x00,
    0x00, 0x00, 0x00, 0x00, 0x00, 0x00, 0x00, 0x00, 0x00, 0x00, 0x00, 0x00,
    0x00, 0x00, 0x00, 0x00, 0x00, 0x00, 0x00, 0x00, 0x00, 0x00, 0x00, 0x00,
    0x00, 0x00, 0x00, 0x00, 0x00, 0x00, 0x00, 0x00, 0x00, 0x00, 0x00, 0x00,
    0x00, 0x00, 0x00, 0x00, 0x00, 0x00, 0x00, 0x00, 0x00, 0x00, 0x00, 0x00,
    0x00, 0x00, 0x00, 0x00, 0x00, 0x00, 0x00, 0x00, 0x00, 0x00, 0x00, 0x00,
    0x00, 0x00, 0x00, 0x00, 0x00, 0x00, 0x00, 0x00, 0x00, 0x00, 0x00, 0x00,
    0x00, 0x00, 0x00, 0x00, 0x00, 0x00, 0x00, 0x00, 0x00, 0x00, 0x00, 0x00,
    0x00, 0x00, 0x00, 0x00, 0x00, 0x00, 0x00, 0x00, 0x00, 0x00, 0x00, 0x00,
    0x00, 0x00, 0x00, 0x00, 0x00, 0x00, 0x00, 0x00, 0x00, 0x00, 0x00, 0x00,
    0x00, 0x00, 0x00, 0x00, 0x00, 0x00, 0x00, 0x00, 0x00, 0x00, 0x00, 0x00,
    0x00, 0x00, 0x00, 0x00, 0x00, 0x00, 0x00, 0x00, 0x00, 0x00, 0x00, 0x00,
    0x00, 0x00, 0x00, 0x00, 0x00, 0x00, 0x00, 0x00, 0x00, 0x00, 0x00, 0x00,
    0x00, 0x00, 0x00, 0x00, 0x00, 0x00, 0x00, 0x00, 0x00, 0x00, 0x00, 0x00,
    0x00, 0x00, 0x00, 0x00, 0x00, 0x00, 0x00, 0x00, 0x00, 0x00, 0x00, 0x00,
    0x00, 0x00, 0x00, 0x00, 0x00, 0x00, 0x00, 0x00, 0x00, 0x00, 0x00, 0x00,
    0x00, 0x00, 0x00, 0x00, 0x00, 0x00, 0x00, 0x00, 0x00, 0x00, 0x00, 0x00,
    0x00, 0x00, 0x00, 0x00, 0x00, 0x00, 0x00, 0x00, 0x00, 0x00, 0x00, 0x00,
    0x00, 0x00, 0x00, 0x00, 0x00, 0x00, 0x00, 0x00, 0x00, 0x00, 0x00, 0x00,
    0x00, 0x00, 0x00, 0x00, 0x00, 0x00, 0x00, 0x00, 0x00, 0x00, 0x00, 0x00,
    0x00, 0x00, 0x00, 0x00, 0x00, 0x00, 0x00, 0x00, 0x00, 0x00, 0x00, 0x00,
    0x00, 0x00, 0x00, 0x00, 0x00, 0x00, 0x00, 0x00, 0x00, 0x00, 0x00, 0x00,
    0x00, 0x00, 0x00, 0x00, 0x00, 0x00, 0x00, 0x00, 0x00, 0x00, 0x00, 0x00,
    0x00, 0x00, 0x00, 0x00, 0x00, 0x00, 0x00, 0x00, 0x00, 0x00, 0x00, 0x00,
    0x00, 0x00, 0x00, 0x00, 0x00, 0x00, 0x00, 0x00, 0x00, 0x00, 0x00, 0x00,
    0x00, 0x00, 0x00, 0x00, 0x00, 0x00, 0x00, 0x00, 0x00, 0x00, 0x00, 0x00,
    0x00, 0x00, 0x00, 0x00, 0x00, 0x00, 0x00, 0x00, 0x00, 0x00, 0x00, 0x00,
    0x00, 0x00, 0x00, 0x00, 0x00, 0x00, 0x00, 0x00, 0x00, 0x00, 0x00, 0x00,
    0x00, 0x00, 0x00, 0x00, 0x00, 0x00, 0x00, 0x00, 0x00, 0x00, 0x00, 0x00,
    0x00, 0x00, 0x00, 0x00, 0x00, 0x00, 0x00, 0x00, 0x00, 0x00, 0x00, 0x00,
    0x00, 0x00, 0x00, 0x00, 0x00, 0x00, 0x00, 0x00, 0x00, 0x00, 0x00, 0x00,
    0x00, 0x00, 0x00, 0x00, 0x00, 0x00, 0x00, 0x00, 0x00, 0x00, 0x00, 0x00,
    0x00, 0x00, 0x00, 0x00, 0x00, 0x00, 0x00, 0x00, 0x00, 0x00, 0x00, 0x00,
    0x00, 0x00, 0x00, 0x00, 0x00, 0x00, 0x00, 0x00, 0x00, 0x00, 0x00, 0x00,
    0x00, 0x00, 0x00, 0x00, 0x00, 0x00, 0x00, 0x00, 0x00, 0x00, 0x00, 0x00,
    0x00, 0x00, 0x00, 0x00, 0x00, 0x00, 0x00, 0x00, 0x00, 0x00, 0x00, 0x00,
    0x00, 0x00, 0x00, 0x00, 0x00, 0x00, 0x00, 0x00, 0x00, 0x00, 0x00, 0x00,
    0x00, 0x00, 0x00, 0x00, 0x00, 0x00, 0x00, 0x00, 0x00, 0x00, 0x00, 0x00,
    0x00, 0x00, 0x00, 0x00, 0x00, 0x00, 0x00, 0x00, 0x00, 0x00, 0x00, 0x00,
    0x00, 0x00, 0x00, 0x00, 0x00, 0x00, 0x00, 0x00, 0x00, 0x00, 0x00, 0x00,
    0x00, 0x00, 0x00, 0x00, 0x00, 0x00, 0x00, 0x00, 0x00, 0x00, 0x00, 0x00,
    0x00, 0x00, 0x00, 0x00, 0x00, 0x00, 0x00, 0x00, 0x00, 0x00, 0x00, 0x00,
    0x00, 0x00, 0x00, 0x00, 0x00, 0x00, 0x00, 0x00, 0x00, 0x00, 0x00, 0x00,
    0x00, 0x00, 0x00, 0x00, 0x00, 0x00, 0x00, 0x00, 0x00, 0x00, 0x00, 0x00,
    0x00, 0x00, 0x00, 0x00, 0x00, 0x00, 0x00, 0x00, 0x00, 0x00, 0x00, 0x00,
    0x00, 0x00, 0x00, 0x00, 0x00, 0x00, 0x00, 0x00, 0x00, 0x00, 0x00, 0x00,
    0x00, 0x00, 0x00, 0x00, 0x00, 0x00, 0x00, 0x00, 0x00, 0x00, 0x00, 0x00,
    0x00, 0x00, 0x00, 0x00, 0x00, 0x00, 0x00, 0x00, 0x00, 0x00, 0x00, 0x00,
    0x00, 0x00, 0x00, 0x00, 0x00, 0x00, 0x00, 0x00, 0x00, 0x00, 0x00, 0x00,
    0x00, 0x00, 0x00, 0x00, 0x00, 0x00, 0x00, 0x00, 0x00, 0x00, 0x00, 0x00,
    0x00, 0x00, 0x00, 0x00, 0x00, 0x00, 0x00, 0x00, 0x00, 0x00, 0x00, 0x00,
    0x00, 0x00, 0x00, 0x00, 0x00, 0x00, 0x00, 0x00, 0x00, 0x00, 0x00, 0x00,
    0x00, 0x00, 0x00, 0x00, 0x00, 0x00, 0x00, 0x00, 0x00, 0x00, 0x00, 0x00,
    0x00, 0x00, 0x00, 0x00, 0x00, 0x00, 0x00, 0x00, 0x00, 0x00, 0x00, 0x00,
    0x00, 0x00, 0x00, 0x00, 0x00, 0x00, 0x00, 0x00, 0x00, 0x00, 0x00, 0x00,
    0x00, 0x00, 0x00, 0x00, 0x00, 0x00, 0x00, 0x00, 0x00, 0x00, 0x00, 0x00,
    0x00, 0x00, 0x00, 0x00, 0x00, 0x00, 0x00, 0x00, 0x00, 0x00, 0x00, 0x00,
    0x00, 0x00, 0x00, 0x00, 0x00, 0x00, 0x00, 0x00, 0x00, 0x00, 0x00, 0x00,
    0x00, 0x00, 0x00, 0x00, 0x00, 0x00, 0x00, 0x00, 0x00, 0x00, 0x00, 0x00,
    0x00, 0x00, 0x00, 0x00, 0x00, 0x00, 0x00, 0x00, 0x00, 0x00, 0x00, 0x00,
    0x00, 0x00, 0x00, 0x00, 0x00, 0x00, 0x00, 0x00, 0x00, 0x00, 0x00, 0x00,
    0x00, 0x00, 0x00, 0x00, 0x00, 0x00, 0x00, 0x00, 0x00, 0x00, 0x00, 0x00,
    0x00, 0x00, 0x00, 0x00, 0x00, 0x00, 0x00, 0x00, 0x00, 0x00, 0x00, 0x00,
    0x00, 0x00, 0x00, 0x00, 0x00, 0x00, 0x00, 0x00, 0x00, 0x00, 0x00, 0x00,
    0x00, 0x00, 0x00, 0x00, 0x00, 0x00, 0x00, 0x00, 0x00, 0x00, 0x00, 0x00,
    0x00, 0x00, 0x00, 0x00, 0x00, 0x00, 0x00, 0x00, 0x00, 0x00, 0x00, 0x00,
    0x00, 0x00, 0x00, 0x00, 0x00, 0x00, 0x00, 0x00, 0x00, 0x00, 0x00, 0x00,
    0x00, 0x00, 0x00, 0x00, 0x00, 0x00, 0x00, 0x00, 0x00, 0x00, 0x00, 0x00,
    0x00, 0x00, 0x00, 0x00, 0x00, 0x00, 0x00, 0x00, 0x00, 0x00, 0x00, 0x00,
    0x00, 0x00, 0x00, 0x00, 0x00, 0x00, 0x00, 0x00, 0x00, 0x00, 0x00, 0x00,
    0x00, 0x00, 0x00, 0x00, 0x00, 0x00, 0x00, 0x00, 0x00, 0x00, 0x00, 0x00,
    0x00, 0x00, 0x00, 0x00, 0x00, 0x00, 0x00, 0x00, 0x00, 0x00, 0x00, 0x00,
    0x00, 0x00, 0x00, 0x00, 0x00, 0x00, 0x00, 0x00, 0x00, 0x00, 0x00, 0x00,
    0x00, 0x00, 0x00, 0x00, 0x00, 0x00, 0x00, 0x00, 0x00, 0x00, 0x00, 0x00,
    0x00, 0x00, 0x00, 0x00, 0x00, 0x00, 0x00, 0x00, 0x00, 0x00, 0x00, 0x00,
    0x00, 0x00, 0x00, 0x00, 0x00, 0x00, 0x00, 0x00, 0x00, 0x00, 0x00, 0x00,
    0x00, 0x00, 0x00, 0x00, 0x00, 0x00, 0x00, 0x00, 0x00, 0x00, 0x00, 0x00,
    0x00, 0x00, 0x00, 0x00, 0x00, 0x00, 0x00, 0x00, 0x00, 0x00, 0x00, 0x00,
    0x00, 0x00, 0x00, 0x00, 0x00, 0x00, 0x00, 0x00, 0x00, 0x00, 0x00, 0x00,
    0x00, 0x00, 0x00, 0x00, 0x00, 0x00, 0x00, 0x00, 0x00, 0x00, 0x00, 0x00,
    0x00, 0x00, 0x00, 0x00, 0x00, 0x00, 0x00, 0x00, 0x00, 0x00, 0x00, 0x00,
    0x00, 0x00, 0x00, 0x00, 0x00, 0x00, 0x00, 0x00, 0x00, 0x00, 0x00, 0x00,
    0x00, 0x00, 0x00, 0x00, 0x00, 0x00, 0x00, 0x00, 0x00, 0x00, 0x00, 0x00,
    0x00, 0x00, 0x00, 0x00, 0x00, 0x00, 0x00, 0x00, 0x00, 0x00, 0x00, 0x00,
    0x00, 0x00, 0x00, 0x00, 0x00, 0x00, 0x00, 0x00, 0x00, 0x00, 0x00, 0x00,
    0x00, 0x00, 0x00, 0x00, 0x00, 0x00, 0x00, 0x00, 0x00, 0x00, 0x00, 0x00,
    0x00, 0x00, 0x00, 0x00, 0x00, 0x00, 0x00, 0x00, 0x00, 0x00, 0x00, 0x00,
    0x00, 0x00, 0x00, 0x00, 0x00, 0x00, 0x00, 0x00, 0x00, 0x00, 0x00, 0x00,
    0x00, 0x00, 0x00, 0x00, 0x00, 0x00, 0x00, 0x00, 0x00, 0x00, 0x00, 0x00,
    0x00, 0x00, 0x00, 0x00, 0x00, 0x00, 0x00, 0x00, 0x00, 0x00, 0x00, 0x00,
    0x00, 0x00, 0x00, 0x00, 0x00, 0x00, 0x00, 0x00, 0x00, 0x00, 0x00, 0x00,
    0x00, 0x00, 0x00, 0x00, 0x00, 0x00, 0x00, 0x00, 0x00, 0x00, 0x00, 0x00,
    0x00, 0x00, 0x00, 0x00, 0x00, 0x00, 0x00, 0x00, 0x00, 0x00, 0x00, 0x00,
    0x00, 0x00, 0x00, 0x00, 0x00, 0x00, 0x00, 0x00, 0x00, 0x00, 0x00, 0x00,
    0x00, 0x00, 0x00, 0x00, 0x00, 0x00, 0x00, 0x00, 0x00, 0x00, 0x00, 0x00,
    0x00, 0x00, 0x00, 0x00, 0x00, 0x00, 0x00, 0x00, 0x00, 0x00, 0x00, 0x00,
    0x00, 0x00, 0x00, 0x00, 0x00, 0x00, 0x00, 0x00, 0x00, 0x00, 0x00, 0x00,
    0x00, 0x00, 0x00, 0x00, 0x00, 0x00, 0x00, 0x00, 0x00, 0x00, 0x00, 0x00,
    0x00, 0x00, 0x00, 0x00, 0x00, 0x00, 0x00, 0x00, 0x00, 0x00, 0x00, 0x00,
    0x00, 0x00, 0x00, 0x00, 0x00, 0x00, 0x00, 0x00, 0x00, 0x00, 0x00, 0x00,
    0x00, 0x00, 0x00, 0x00, 0x00, 0x00, 0x00, 0x00, 0x00, 0x00, 0x00, 0x00,
    0x00, 0x00, 0x00, 0x00, 0x00, 0x00, 0x00, 0x00, 0x00, 0x00, 0x00, 0x00,
    0x00, 0x00, 0x00, 0x00, 0x00, 0x00, 0x00, 0x00, 0x00, 0x00, 0x00, 0x00,
    0x00, 0x00, 0x00, 0x00, 0x00, 0x00, 0x00, 0x00, 0x00, 0x00, 0x00, 0x00,
    0x00, 0x00, 0x00, 0x00, 0x00, 0x00, 0x00, 0x00, 0x00, 0x00, 0x00, 0x00,
    0x00, 0x00, 0x00, 0x00, 0x00, 0x00, 0x00, 0x00, 0x00, 0x00, 0x00, 0x00,
    0x00, 0x00, 0x00, 0x00, 0x00, 0x00, 0x00, 0x00, 0x00, 0x00, 0x00, 0x00,
    0x00, 0x00, 0x00, 0x00, 0x00, 0x00, 0x00, 0x00, 0x00, 0x00, 0x00, 0x00,
    0x00, 0x00, 0x00, 0x00, 0x00, 0x00, 0x00, 0x00, 0x00, 0x00, 0x00, 0x00,
    0x00, 0x00, 0x00, 0x00, 0x00, 0x00, 0x00, 0x00, 0x00, 0x00, 0x00, 0x00,
    0x00, 0x00, 0x00, 0x00, 0x00, 0x00, 0x00, 0x00, 0x00, 0x00, 0x00, 0x00,
    0x00, 0x00, 0x00, 0x00, 0x00, 0x00, 0x00, 0x00, 0x00, 0x00, 0x00, 0x00,
    0x00, 0x00, 0x00, 0x00, 0x00, 0x00, 0x00, 0x00, 0x00, 0x00, 0x00, 0x00,
    0x00, 0x00, 0x00, 0x00, 0x00, 0x00, 0x00, 0x00, 0x00, 0x00, 0x00, 0x00,
    0x00, 0x00, 0x00, 0x00, 0x00, 0x00, 0x00, 0x00, 0x00, 0x00, 0x00, 0x00,
    0x00, 0x00, 0x00, 0x00, 0x00, 0x00, 0x00, 0x00, 0x00, 0x00, 0x00, 0x00,
    0x00, 0x00, 0x00, 0x00, 0x00, 0x00, 0x00, 0x00, 0x00, 0x00, 0x00, 0x00,
    0x00, 0x00, 0x00, 0x00, 0x00, 0x00, 0x00, 0x00, 0x00, 0x00, 0x00, 0x00,
    0x00, 0x00, 0x00, 0x00, 0x00, 0x00, 0x00, 0x00, 0x00, 0x00, 0x00, 0x00,
    0x00, 0x00, 0x00, 0x00, 0x00, 0x00, 0x00, 0x00, 0x00, 0x00, 0x00, 0x00,
    0x00, 0x00, 0x00, 0x00, 0x00, 0x00, 0x00, 0x00, 0x00, 0x00, 0x00, 0x00,
    0x00, 0x00, 0x00, 0x00, 0x00, 0x00, 0x00, 0x00, 0x00, 0x00, 0x00, 0x00,
    0x00, 0x00, 0x00, 0x00, 0x00, 0x00, 0x00, 0x00, 0x00, 0x00, 0x00, 0x00,
    0x00, 0x00, 0x00, 0x00, 0x00, 0x00, 0x00, 0x00, 0x00, 0x00, 0x00, 0x00,
    0x00, 0x00, 0x00, 0x00, 0x00, 0x00, 0x00, 0x00, 0x00, 0x00, 0x00, 0x00,
    0x00, 0x00, 0x00, 0x00, 0x00, 0x00, 0x00, 0x00, 0x00, 0x00, 0x00, 0x00,
    0x00, 0x00, 0x00, 0x00, 0x00, 0x00, 0x00, 0x00, 0x00, 0x00, 0x00, 0x00,
    0x00, 0x00, 0x00, 0x00, 0x00, 0x00, 0x00, 0x00, 0x00, 0x00, 0x00, 0x00,
    0x00, 0x00, 0x00, 0x00, 0x00, 0x00, 0x00, 0x00, 0x00, 0x00, 0x00, 0x00,
    0x00, 0x00, 0x00, 0x00, 0x00, 0x00, 0x00, 0x00,
};

unsigned char _lutfolderpath[1024] = {
    0x00, 0x00, 0x00, 0x00, 0x00, 0x00, 0x00, 0x00, 0x00, 0x00, 0x00, 0x00,
    0x00, 0x00, 0x00, 0x00, 0x00, 0x00, 0x00, 0x00, 0x00, 0x00, 0x00, 0x00,
    0x00, 0x00, 0x00, 0x00, 0x00, 0x00, 0x00, 0x00, 0x00, 0x00, 0x00, 0x00,
    0x00, 0x00, 0x00, 0x00, 0x00, 0x00, 0x00, 0x00, 0x00, 0x00, 0x00, 0x00,
    0x00, 0x00, 0x00, 0x00, 0x00, 0x00, 0x00, 0x00, 0x00, 0x00, 0x00, 0x00,
    0x00, 0x00, 0x00, 0x00, 0x00, 0x00, 0x00, 0x00, 0x00, 0x00, 0x00, 0x00,
    0x00, 0x00, 0x00, 0x00, 0x00, 0x00, 0x00, 0x00, 0x00, 0x00, 0x00, 0x00,
    0x00, 0x00, 0x00, 0x00, 0x00, 0x00, 0x00, 0x00, 0x00, 0x00, 0x00, 0x00,
    0x00, 0x00, 0x00, 0x00, 0x00, 0x00, 0x00, 0x00, 0x00, 0x00, 0x00, 0x00,
    0x00, 0x00, 0x00, 0x00, 0x00, 0x00, 0x00, 0x00, 0x00, 0x00, 0x00, 0x00,
    0x00, 0x00, 0x00, 0x00, 0x00, 0x00, 0x00, 0x00, 0x00, 0x00, 0x00, 0x00,
    0x00, 0x00, 0x00, 0x00, 0x00, 0x00, 0x00, 0x00, 0x00, 0x00, 0x00, 0x00,
    0x00, 0x00, 0x00, 0x00, 0x00, 0x00, 0x00, 0x00, 0x00, 0x00, 0x00, 0x00,
    0x00, 0x00, 0x00, 0x00, 0x00, 0x00, 0x00, 0x00, 0x00, 0x00, 0x00, 0x00,
    0x00, 0x00, 0x00, 0x00, 0x00, 0x00, 0x00, 0x00, 0x00, 0x00, 0x00, 0x00,
    0x00, 0x00, 0x00, 0x00, 0x00, 0x00, 0x00, 0x00, 0x00, 0x00, 0x00, 0x00,
    0x00, 0x00, 0x00, 0x00, 0x00, 0x00, 0x00, 0x00, 0x00, 0x00, 0x00, 0x00,
    0x00, 0x00, 0x00, 0x00, 0x00, 0x00, 0x00, 0x00, 0x00, 0x00, 0x00, 0x00,
    0x00, 0x00, 0x00, 0x00, 0x00, 0x00, 0x00, 0x00, 0x00, 0x00, 0x00, 0x00,
    0x00, 0x00, 0x00, 0x00, 0x00, 0x00, 0x00, 0x00, 0x00, 0x00, 0x00, 0x00,
    0x00, 0x00, 0x00, 0x00, 0x00, 0x00, 0x00, 0x00, 0x00, 0x00, 0x00, 0x00,
    0x00, 0x00, 0x00, 0x00, 0x00, 0x00, 0x00, 0x00, 0x00, 0x00, 0x00, 0x00,
    0x00, 0x00, 0x00, 0x00, 0x00, 0x00, 0x00, 0x00, 0x00, 0x00, 0x00, 0x00,
    0x00, 0x00, 0x00, 0x00, 0x00, 0x00, 0x00, 0x00, 0x00, 0x00, 0x00, 0x00,
    0x00, 0x00, 0x00, 0x00, 0x00, 0x00, 0x00, 0x00, 0x00, 0x00, 0x00, 0x00,
    0x00, 0x00, 0x00, 0x00, 0x00, 0x00, 0x00, 0x00, 0x00, 0x00, 0x00, 0x00,
    0x00, 0x00, 0x00, 0x00, 0x00, 0x00, 0x00, 0x00, 0x00, 0x00, 0x00, 0x00,
    0x00, 0x00, 0x00, 0x00, 0x00, 0x00, 0x00, 0x00, 0x00, 0x00, 0x00, 0x00,
    0x00, 0x00, 0x00, 0x00, 0x00, 0x00, 0x00, 0x00, 0x00, 0x00, 0x00, 0x00,
    0x00, 0x00, 0x00, 0x00, 0x00, 0x00, 0x00, 0x00, 0x00, 0x00, 0x00, 0x00,
    0x00, 0x00, 0x00, 0x00, 0x00, 0x00, 0x00, 0x00, 0x00, 0x00, 0x00, 0x00,
    0x00, 0x00, 0x00, 0x00, 0x00, 0x00, 0x00, 0x00, 0x00, 0x00, 0x00, 0x00,
    0x00, 0x00, 0x00, 0x00, 0x00, 0x00, 0x00, 0x00, 0x00, 0x00, 0x00, 0x00,
    0x00, 0x00, 0x00, 0x00, 0x00, 0x00, 0x00, 0x00, 0x00, 0x00, 0x00, 0x00,
    0x00, 0x00, 0x00, 0x00, 0x00, 0x00, 0x00, 0x00, 0x00, 0x00, 0x00, 0x00,
    0x00, 0x00, 0x00, 0x00, 0x00, 0x00, 0x00, 0x00, 0x00, 0x00, 0x00, 0x00,
    0x00, 0x00, 0x00, 0x00, 0x00, 0x00, 0x00, 0x00, 0x00, 0x00, 0x00, 0x00,
    0x00, 0x00, 0x00, 0x00, 0x00, 0x00, 0x00, 0x00, 0x00, 0x00, 0x00, 0x00,
    0x00, 0x00, 0x00, 0x00, 0x00, 0x00, 0x00, 0x00, 0x00, 0x00, 0x00, 0x00,
    0x00, 0x00, 0x00, 0x00, 0x00, 0x00, 0x00, 0x00, 0x00, 0x00, 0x00, 0x00,
    0x00, 0x00, 0x00, 0x00, 0x00, 0x00, 0x00, 0x00, 0x00, 0x00, 0x00, 0x00,
    0x00, 0x00, 0x00, 0x00, 0x00, 0x00, 0x00, 0x00, 0x00, 0x00, 0x00, 0x00,
    0x00, 0x00, 0x00, 0x00, 0x00, 0x00, 0x00, 0x00, 0x00, 0x00, 0x00, 0x00,
    0x00, 0x00, 0x00, 0x00, 0x00, 0x00, 0x00, 0x00, 0x00, 0x00, 0x00, 0x00,
    0x00, 0x00, 0x00, 0x00, 0x00, 0x00, 0x00, 0x00, 0x00, 0x00, 0x00, 0x00,
    0x00, 0x00, 0x00, 0x00, 0x00, 0x00, 0x00, 0x00, 0x00, 0x00, 0x00, 0x00,
    0x00, 0x00, 0x00, 0x00, 0x00, 0x00, 0x00, 0x00, 0x00, 0x00, 0x00, 0x00,
    0x00, 0x00, 0x00, 0x00, 0x00, 0x00, 0x00, 0x00, 0x00, 0x00, 0x00, 0x00,
    0x00, 0x00, 0x00, 0x00, 0x00, 0x00, 0x00, 0x00, 0x00, 0x00, 0x00, 0x00,
    0x00, 0x00, 0x00, 0x00, 0x00, 0x00, 0x00, 0x00, 0x00, 0x00, 0x00, 0x00,
    0x00, 0x00, 0x00, 0x00, 0x00, 0x00, 0x00, 0x00, 0x00, 0x00, 0x00, 0x00,
    0x00, 0x00, 0x00, 0x00, 0x00, 0x00, 0x00, 0x00, 0x00, 0x00, 0x00, 0x00,
    0x00, 0x00, 0x00, 0x00, 0x00, 0x00, 0x00, 0x00, 0x00, 0x00, 0x00, 0x00,
    0x00, 0x00, 0x00, 0x00, 0x00, 0x00, 0x00, 0x00, 0x00, 0x00, 0x00, 0x00,
    0x00, 0x00, 0x00, 0x00, 0x00, 0x00, 0x00, 0x00, 0x00, 0x00, 0x00, 0x00,
    0x00, 0x00, 0x00, 0x00, 0x00, 0x00, 0x00, 0x00, 0x00, 0x00, 0x00, 0x00,
    0x00, 0x00, 0x00, 0x00, 0x00, 0x00, 0x00, 0x00, 0x00, 0x00, 0x00, 0x00,
    0x00, 0x00, 0x00, 0x00, 0x00, 0x00, 0x00, 0x00, 0x00, 0x00, 0x00, 0x00,
    0x00, 0x00, 0x00, 0x00, 0x00, 0x00, 0x00, 0x00, 0x00, 0x00, 0x00, 0x00,
    0x00, 0x00, 0x00, 0x00, 0x00, 0x00, 0x00, 0x00, 0x00, 0x00, 0x00, 0x00,
    0x00, 0x00, 0x00, 0x00, 0x00, 0x00, 0x00, 0x00, 0x00, 0x00, 0x00, 0x00,
    0x00, 0x00, 0x00, 0x00, 0x00, 0x00, 0x00, 0x00, 0x00, 0x00, 0x00, 0x00,
    0x00, 0x00, 0x00, 0x00, 0x00, 0x00, 0x00, 0x00, 0x00, 0x00, 0x00, 0x00,
    0x00, 0x00, 0x00, 0x00, 0x00, 0x00, 0x00, 0x00, 0x00, 0x00, 0x00, 0x00,
    0x00, 0x00, 0x00, 0x00, 0x00, 0x00, 0x00, 0x00, 0x00, 0x00, 0x00, 0x00,
    0x00, 0x00, 0x00, 0x00, 0x00, 0x00, 0x00, 0x00, 0x00, 0x00, 0x00, 0x00,
    0x00, 0x00, 0x00, 0x00, 0x00, 0x00, 0x00, 0x00, 0x00, 0x00, 0x00, 0x00,
    0x00, 0x00, 0x00, 0x00, 0x00, 0x00, 0x00, 0x00, 0x00, 0x00, 0x00, 0x00,
    0x00, 0x00, 0x00, 0x00, 0x00, 0x00, 0x00, 0x00, 0x00, 0x00, 0x00, 0x00,
    0x00, 0x00, 0x00, 0x00, 0x00, 0x00, 0x00, 0x00, 0x00, 0x00, 0x00, 0x00,
    0x00, 0x00, 0x00, 0x00, 0x00, 0x00, 0x00, 0x00, 0x00, 0x00, 0x00, 0x00,
    0x00, 0x00, 0x00, 0x00, 0x00, 0x00, 0x00, 0x00, 0x00, 0x00, 0x00, 0x00,
    0x00, 0x00, 0x00, 0x00, 0x00, 0x00, 0x00, 0x00, 0x00, 0x00, 0x00, 0x00,
    0x00, 0x00, 0x00, 0x00, 0x00, 0x00, 0x00, 0x00, 0x00, 0x00, 0x00, 0x00,
    0x00, 0x00, 0x00, 0x00, 0x00, 0x00, 0x00, 0x00, 0x00, 0x00, 0x00, 0x00,
    0x00, 0x00, 0x00, 0x00, 0x00, 0x00, 0x00, 0x00, 0x00, 0x00, 0x00, 0x00,
    0x00, 0x00, 0x00, 0x00, 0x00, 0x00, 0x00, 0x00, 0x00, 0x00, 0x00, 0x00,
    0x00, 0x00, 0x00, 0x00, 0x00, 0x00, 0x00, 0x00, 0x00, 0x00, 0x00, 0x00,
    0x00, 0x00, 0x00, 0x00, 0x00, 0x00, 0x00, 0x00, 0x00, 0x00, 0x00, 0x00,
    0x00, 0x00, 0x00, 0x00, 0x00, 0x00, 0x00, 0x00, 0x00, 0x00, 0x00, 0x00,
    0x00, 0x00, 0x00, 0x00, 0x00, 0x00, 0x00, 0x00, 0x00, 0x00, 0x00, 0x00,
    0x00, 0x00, 0x00, 0x00, 0x00, 0x00, 0x00, 0x00, 0x00, 0x00, 0x00, 0x00,
    0x00, 0x00, 0x00, 0x00, 0x00, 0x00, 0x00, 0x00, 0x00, 0x00, 0x00, 0x00,
    0x00, 0x00, 0x00, 0x00, 0x00, 0x00, 0x00, 0x00, 0x00, 0x00, 0x00, 0x00,
    0x00, 0x00, 0x00, 0x00, 0x00, 0x00, 0x00, 0x00, 0x00, 0x00, 0x00, 0x00,
    0x00, 0x00, 0x00, 0x00,
};

unsigned char _lutModelfolderpath[1024] = {
    0x00, 0x00, 0x00, 0x00, 0x00, 0x00, 0x00, 0x00, 0x00, 0x00, 0x00, 0x00,
    0x00, 0x00, 0x00, 0x00, 0x00, 0x00, 0x00, 0x00, 0x00, 0x00, 0x00, 0x00,
    0x00, 0x00, 0x00, 0x00, 0x00, 0x00, 0x00, 0x00, 0x00, 0x00, 0x00, 0x00,
    0x00, 0x00, 0x00, 0x00, 0x00, 0x00, 0x00, 0x00, 0x00, 0x00, 0x00, 0x00,
    0x00, 0x00, 0x00, 0x00, 0x00, 0x00, 0x00, 0x00, 0x00, 0x00, 0x00, 0x00,
    0x00, 0x00, 0x00, 0x00, 0x00, 0x00, 0x00, 0x00, 0x00, 0x00, 0x00, 0x00,
    0x00, 0x00, 0x00, 0x00, 0x00, 0x00, 0x00, 0x00, 0x00, 0x00, 0x00, 0x00,
    0x00, 0x00, 0x00, 0x00, 0x00, 0x00, 0x00, 0x00, 0x00, 0x00, 0x00, 0x00,
    0x00, 0x00, 0x00, 0x00, 0x00, 0x00, 0x00, 0x00, 0x00, 0x00, 0x00, 0x00,
    0x00, 0x00, 0x00, 0x00, 0x00, 0x00, 0x00, 0x00, 0x00, 0x00, 0x00, 0x00,
    0x00, 0x00, 0x00, 0x00, 0x00, 0x00, 0x00, 0x00, 0x00, 0x00, 0x00, 0x00,
    0x00, 0x00, 0x00, 0x00, 0x00, 0x00, 0x00, 0x00, 0x00, 0x00, 0x00, 0x00,
    0x00, 0x00, 0x00, 0x00, 0x00, 0x00, 0x00, 0x00, 0x00, 0x00, 0x00, 0x00,
    0x00, 0x00, 0x00, 0x00, 0x00, 0x00, 0x00, 0x00, 0x00, 0x00, 0x00, 0x00,
    0x00, 0x00, 0x00, 0x00, 0x00, 0x00, 0x00, 0x00, 0x00, 0x00, 0x00, 0x00,
    0x00, 0x00, 0x00, 0x00, 0x00, 0x00, 0x00, 0x00, 0x00, 0x00, 0x00, 0x00,
    0x00, 0x00, 0x00, 0x00, 0x00, 0x00, 0x00, 0x00, 0x00, 0x00, 0x00, 0x00,
    0x00, 0x00, 0x00, 0x00, 0x00, 0x00, 0x00, 0x00, 0x00, 0x00, 0x00, 0x00,
    0x00, 0x00, 0x00, 0x00, 0x00, 0x00, 0x00, 0x00, 0x00, 0x00, 0x00, 0x00,
    0x00, 0x00, 0x00, 0x00, 0x00, 0x00, 0x00, 0x00, 0x00, 0x00, 0x00, 0x00,
    0x00, 0x00, 0x00, 0x00, 0x00, 0x00, 0x00, 0x00, 0x00, 0x00, 0x00, 0x00,
    0x00, 0x00, 0x00, 0x00, 0x00, 0x00, 0x00, 0x00, 0x00, 0x00, 0x00, 0x00,
    0x00, 0x00, 0x00, 0x00, 0x00, 0x00, 0x00, 0x00, 0x00, 0x00, 0x00, 0x00,
    0x00, 0x00, 0x00, 0x00, 0x00, 0x00, 0x00, 0x00, 0x00, 0x00, 0x00, 0x00,
    0x00, 0x00, 0x00, 0x00, 0x00, 0x00, 0x00, 0x00, 0x00, 0x00, 0x00, 0x00,
    0x00, 0x00, 0x00, 0x00, 0x00, 0x00, 0x00, 0x00, 0x00, 0x00, 0x00, 0x00,
    0x00, 0x00, 0x00, 0x00, 0x00, 0x00, 0x00, 0x00, 0x00, 0x00, 0x00, 0x00,
    0x00, 0x00, 0x00, 0x00, 0x00, 0x00, 0x00, 0x00, 0x00, 0x00, 0x00, 0x00,
    0x00, 0x00, 0x00, 0x00, 0x00, 0x00, 0x00, 0x00, 0x00, 0x00, 0x00, 0x00,
    0x00, 0x00, 0x00, 0x00, 0x00, 0x00, 0x00, 0x00, 0x00, 0x00, 0x00, 0x00,
    0x00, 0x00, 0x00, 0x00, 0x00, 0x00, 0x00, 0x00, 0x00, 0x00, 0x00, 0x00,
    0x00, 0x00, 0x00, 0x00, 0x00, 0x00, 0x00, 0x00, 0x00, 0x00, 0x00, 0x00,
    0x00, 0x00, 0x00, 0x00, 0x00, 0x00, 0x00, 0x00, 0x00, 0x00, 0x00, 0x00,
    0x00, 0x00, 0x00, 0x00, 0x00, 0x00, 0x00, 0x00, 0x00, 0x00, 0x00, 0x00,
    0x00, 0x00, 0x00, 0x00, 0x00, 0x00, 0x00, 0x00, 0x00, 0x00, 0x00, 0x00,
    0x00, 0x00, 0x00, 0x00, 0x00, 0x00, 0x00, 0x00, 0x00, 0x00, 0x00, 0x00,
    0x00, 0x00, 0x00, 0x00, 0x00, 0x00, 0x00, 0x00, 0x00, 0x00, 0x00, 0x00,
    0x00, 0x00, 0x00, 0x00, 0x00, 0x00, 0x00, 0x00, 0x00, 0x00, 0x00, 0x00,
    0x00, 0x00, 0x00, 0x00, 0x00, 0x00, 0x00, 0x00, 0x00, 0x00, 0x00, 0x00,
    0x00, 0x00, 0x00, 0x00, 0x00, 0x00, 0x00, 0x00, 0x00, 0x00, 0x00, 0x00,
    0x00, 0x00, 0x00, 0x00, 0x00, 0x00, 0x00, 0x00, 0x00, 0x00, 0x00, 0x00,
    0x00, 0x00, 0x00, 0x00, 0x00, 0x00, 0x00, 0x00, 0x00, 0x00, 0x00, 0x00,
    0x00, 0x00, 0x00, 0x00, 0x00, 0x00, 0x00, 0x00, 0x00, 0x00, 0x00, 0x00,
    0x00, 0x00, 0x00, 0x00, 0x00, 0x00, 0x00, 0x00, 0x00, 0x00, 0x00, 0x00,
    0x00, 0x00, 0x00, 0x00, 0x00, 0x00, 0x00, 0x00, 0x00, 0x00, 0x00, 0x00,
    0x00, 0x00, 0x00, 0x00, 0x00, 0x00, 0x00, 0x00, 0x00, 0x00, 0x00, 0x00,
    0x00, 0x00, 0x00, 0x00, 0x00, 0x00, 0x00, 0x00, 0x00, 0x00, 0x00, 0x00,
    0x00, 0x00, 0x00, 0x00, 0x00, 0x00, 0x00, 0x00, 0x00, 0x00, 0x00, 0x00,
    0x00, 0x00, 0x00, 0x00, 0x00, 0x00, 0x00, 0x00, 0x00, 0x00, 0x00, 0x00,
    0x00, 0x00, 0x00, 0x00, 0x00, 0x00, 0x00, 0x00, 0x00, 0x00, 0x00, 0x00,
    0x00, 0x00, 0x00, 0x00, 0x00, 0x00, 0x00, 0x00, 0x00, 0x00, 0x00, 0x00,
    0x00, 0x00, 0x00, 0x00, 0x00, 0x00, 0x00, 0x00, 0x00, 0x00, 0x00, 0x00,
    0x00, 0x00, 0x00, 0x00, 0x00, 0x00, 0x00, 0x00, 0x00, 0x00, 0x00, 0x00,
    0x00, 0x00, 0x00, 0x00, 0x00, 0x00, 0x00, 0x00, 0x00, 0x00, 0x00, 0x00,
    0x00, 0x00, 0x00, 0x00, 0x00, 0x00, 0x00, 0x00, 0x00, 0x00, 0x00, 0x00,
    0x00, 0x00, 0x00, 0x00, 0x00, 0x00, 0x00, 0x00, 0x00, 0x00, 0x00, 0x00,
    0x00, 0x00, 0x00, 0x00, 0x00, 0x00, 0x00, 0x00, 0x00, 0x00, 0x00, 0x00,
    0x00, 0x00, 0x00, 0x00, 0x00, 0x00, 0x00, 0x00, 0x00, 0x00, 0x00, 0x00,
    0x00, 0x00, 0x00, 0x00, 0x00, 0x00, 0x00, 0x00, 0x00, 0x00, 0x00, 0x00,
    0x00, 0x00, 0x00, 0x00, 0x00, 0x00, 0x00, 0x00, 0x00, 0x00, 0x00, 0x00,
    0x00, 0x00, 0x00, 0x00, 0x00, 0x00, 0x00, 0x00, 0x00, 0x00, 0x00, 0x00,
    0x00, 0x00, 0x00, 0x00, 0x00, 0x00, 0x00, 0x00, 0x00, 0x00, 0x00, 0x00,
    0x00, 0x00, 0x00, 0x00, 0x00, 0x00, 0x00, 0x00, 0x00, 0x00, 0x00, 0x00,
    0x00, 0x00, 0x00, 0x00, 0x00, 0x00, 0x00, 0x00, 0x00, 0x00, 0x00, 0x00,
    0x00, 0x00, 0x00, 0x00, 0x00, 0x00, 0x00, 0x00, 0x00, 0x00, 0x00, 0x00,
    0x00, 0x00, 0x00, 0x00, 0x00, 0x00, 0x00, 0x00, 0x00, 0x00, 0x00, 0x00,
    0x00, 0x00, 0x00, 0x00, 0x00, 0x00, 0x00, 0x00, 0x00, 0x00, 0x00, 0x00,
    0x00, 0x00, 0x00, 0x00, 0x00, 0x00, 0x00, 0x00, 0x00, 0x00, 0x00, 0x00,
    0x00, 0x00, 0x00, 0x00, 0x00, 0x00, 0x00, 0x00, 0x00, 0x00, 0x00, 0x00,
    0x00, 0x00, 0x00, 0x00, 0x00, 0x00, 0x00, 0x00, 0x00, 0x00, 0x00, 0x00,
    0x00, 0x00, 0x00, 0x00, 0x00, 0x00, 0x00, 0x00, 0x00, 0x00, 0x00, 0x00,
    0x00, 0x00, 0x00, 0x00, 0x00, 0x00, 0x00, 0x00, 0x00, 0x00, 0x00, 0x00,
    0x00, 0x00, 0x00, 0x00, 0x00, 0x00, 0x00, 0x00, 0x00, 0x00, 0x00, 0x00,
    0x00, 0x00, 0x00, 0x00, 0x00, 0x00, 0x00, 0x00, 0x00, 0x00, 0x00, 0x00,
    0x00, 0x00, 0x00, 0x00, 0x00, 0x00, 0x00, 0x00, 0x00, 0x00, 0x00, 0x00,
    0x00, 0x00, 0x00, 0x00, 0x00, 0x00, 0x00, 0x00, 0x00, 0x00, 0x00, 0x00,
    0x00, 0x00, 0x00, 0x00, 0x00, 0x00, 0x00, 0x00, 0x00, 0x00, 0x00, 0x00,
    0x00, 0x00, 0x00, 0x00, 0x00, 0x00, 0x00, 0x00, 0x00, 0x00, 0x00, 0x00,
    0x00, 0x00, 0x00, 0x00, 0x00, 0x00, 0x00, 0x00, 0x00, 0x00, 0x00, 0x00,
    0x00, 0x00, 0x00, 0x00, 0x00, 0x00, 0x00, 0x00, 0x00, 0x00, 0x00, 0x00,
    0x00, 0x00, 0x00, 0x00, 0x00, 0x00, 0x00, 0x00, 0x00, 0x00, 0x00, 0x00,
    0x00, 0x00, 0x00, 0x00, 0x00, 0x00, 0x00, 0x00, 0x00, 0x00, 0x00, 0x00,
    0x00, 0x00, 0x00, 0x00, 0x00, 0x00, 0x00, 0x00, 0x00, 0x00, 0x00, 0x00,
    0x00, 0x00, 0x00, 0x00, 0x00, 0x00, 0x00, 0x00, 0x00, 0x00, 0x00, 0x00,
    0x00, 0x00, 0x00, 0x00, 0x00, 0x00, 0x00, 0x00, 0x00, 0x00, 0x00, 0x00,
    0x00, 0x00, 0x00, 0x00,
};

unsigned char _gLowLevel[20] = {
    0xff, 0xff, 0xff, 0xff, 0xff, 0xff, 0xff, 0xff, 0xff, 0xff, 0xff, 0xff,
    0xff, 0xff, 0xff, 0xff, 0xff, 0xff, 0xff, 0xff,
};

uint64_t _send_buf = 0;
uint64_t _compData = 0;
uint64_t _Planes = 0;
uint64_t _pMatrixRow = 0;
uint64_t _fun_table = 0;
uint64_t _thisPPD = 0;
uint64_t _options = 0;
uint64_t _blankPagePtr = 0;
uint64_t _oddPagePtr = 0;
uint64_t _evenPagePtr = 0;
uint64_t _gLoginUserName = 0;
uint64_t _gLogJobName = 0;
uint64_t _gStatus = 0;
uint64_t _lFAXDataCnt = 0;
int _lMatrixRow = 0;
short _lCount = 0;
int _model_language = 0;
int _gModelInfo = 4294967295;
int _num_options = 0;
short _gOnePageByte = 0;
int _gloopCnt = 0;
int _gGetStatusMode = 0;
int _gEncodingNum = 0;
unsigned char _model_index = 0;
int DAT_100016a54 = 0;
int DAT_100016a70 = 0;
int DAT_100016a78 = 0;
int DAT_100016a80 = 0;
int DAT_100016a88 = 0;
int DAT_100016a98 = 0;
int DAT_100016aa8 = 0;
int DAT_100016ab8 = 0;
int DAT_100016f38 = 0;
int DAT_100016f30 = 0;
int DAT_100015084 = 4294967295;
int DAT_1000145f8 = 0;
int DAT_100014744 = 14080;
int DAT_100014938 = 4;
short DAT_100013f62 = 30771;
short DAT_100016a52 = 0;
int DAT_100016b00 = 0;
int DAT_100016b08 = 0;
int DAT_100016b10 = 0;
int DAT_100016b18 = 0;
int DAT_100016b20 = 0;
int DAT_100016b30 = 0;
void * DAT_100016200 = 0;
void * DAT_100016208 = 0;
void * DAT_100016210 = 0;
void * DAT_100016218 = 0;
void * DAT_100016220 = 0;
int DAT_1000104b8 = 1202590843;
int DAT_1000104c8 = 0;
int DAT_1000104d0 = 0;
int DAT_1000104d8 = 0;
int DAT_1000104e0 = 0;
int DAT_1000104e8 = 0;
int DAT_1000104f0 = 0;

void *DAT_100016aa0 = (void *)0x0;
void *DAT_100016ab0 = (void *)0x0;
void *DAT_100016ac0 = (void *)0x0;

uint64_t __margins = 0;
short __gOnePageByte = 0;
short __lCount = 0;
int __gGetStatusMode = 0;
int __gEncodingNum = 0;
short DAT_100016a50 = 0;
uint64_t DAT_100016a60 = 0;
uint64_t DAT_100016a90 = 0;

char *PTR_s_Sun_100012320[7] = { "Sun", "Mon", "Tue", "Wed", "Thu", "Fri", "Sat" };
char *PTR_s_Jan_100012360[12] = { "Jan", "Feb", "Mar", "Apr", "May", "Jun", "Jul", "Aug", "Sep", "Oct", "Nov", "Dec" };


